SMILES,LogS
CCCCCCCCCCCCCCCCCC[N+](C)(C)C,-3.616127121
O=C1NC2=CC=CC3=CC=CC1=C23,-3.254767098
ClC1=CC=C(C=O)C=C1,-2.177077944
CC(C1=CC=CC=C1)C1=CC(C(C)C2=CC=CC=C2)=C(O)C(=C1)C([O-])=O,-3.924409095
C(C1CO1)N(CC1CO1)C1=CC=C(CC2=CC=C(C=C2)N(CC2CO2)CC2CO2)C=C1,-4.662064583
CC1=CC=CC(C=C)=C1,-3.123150304
CCC1CCC(CCC([O-])=O)C1,-3.286116314
CC12CC(O)C3C(CCC4=CC(=O)C=CC34C)C1CC(O)C2(O)C(=O)CO,-2.664548539
FC1=CC=C(C=C1)C(=O)C1=CC=C(F)C=C1,-4.396652185
O=C(OCCCOCCCOC(=O)C1=CC=CC=C1)C1=CC=CC=C1,-4.595502564
CN(C)C1=CC=C(C=O)C=C1,-2.28276885
CC(=O)OC(C)(C)CC1=CC=CC=C1,-2.394649969
CC1=CC=C(O)C(C)=C1,-1.980309796
CC(C)(C)C1=CC=C(OCC2CO2)C=C1,-3.43023888
COCCCCC(=O)C1=CC=C(C=C1)C(F)(F)F,-3.544059701
CC(C)=CCCC(C)=CCO,-2.320601166
CC(OC1=CC=C(Cl)C=C1C)C([O-])=O,-2.466030786
FC(F)(F)C1=CC=CC(Cl)=C1,-3.411513885
CCC(C)(CCC(C)C)C(=O)OCC1CO1,-3.513468741
CC(C)CCCCCOC(=O)CCS,-4.4543817
CC(C)=C1CCC(C)=CC1,-4.287342935
CC(=C)C([O-])=O,-2.363208098
CC[NH2+]CC(O)C1=CC=CC(O)=C1,-3.45410264
ClCC1=CC=C(Cl)C=C1Cl,-3.512942193
CC1(C)C2CC1C(=C)CC2,-4.292313455
CCCCCCCCC=CCCCCCCCC([O-])=O,-4.809134189
CCCCCCCCCCCCOC(=O)C(C)O,-4.63414462
NO,-0.763033718
C=CC(=O)OCCOC1=CC=CC=C1,-2.563625713
OC1=CC=C(C2=CC=CC=C12)S([O-])(=O)=O,-2.641819273
[O-]C(=O)CCCCCCCCC=C,-3.552826145
C[N+](C)(CCCNS(=O)(=O)CCC(F)(F)C(F)(F)C(F)(F)C(F)(F)C(F)(F)C(F)(F)F)CC([O-])=O,-4.057185148
CCC(CC1=CC=CC=C1)([NH+](C)C)C(=O)C1=CC=C(C=C1)N1CCOCC1,-4.793227892
CC(C)CCCCCCC1=CC=C(O)C=C1,-4.587250025
CC(=C)C1=CC(=CC=C1)C(C)=C,-4.451139225
CC(C)(C)CCCCCC(=O)OC=C,-4.581332511
CC1=CC=C(C=C1)C(C)(C)C,-4.472021768
[O-]C(=O)C1CCCCC1,-1.445031941
[O-]S(=O)(=O)OCCS(=O)(=O)C1=CC=CC(NC2=NC(Cl)=NC(NC3=CC(=CC4=C3C(=O)C(=NNC3=C(C5=CC=CC(=C5C=C3)S([O-])(=O)=O)S([O-])(=O)=O)C(=C4)S([O-])(=O)=O)S([O-])(=O)=O)=N2)=C1,-0.410897736
C(CCC[NH+]=CC=CC1=CC=CC=C1)CC[NH+]=CC=CC1=CC=CC=C1,-3.893739071
CC(C)(C)CC(C)(C)C1=CC(N2N=C3C=CC=CC3=N2)=C(O)C(CC2=C(O)C(=CC(=C2)C(C)(C)CC(C)(C)C)N2N=C3C=CC=CC3=N2)=C1,-7.973715535
CCN(CC[N+](C)(C)C)C1=CC=C(C=C1)N=NC1=CC=C(C=C1Cl)[N+]([O-])=O,-3.038699623
C1CN(CCO1)SC1=NC2=CC=CC=C2S1,-3.810962795
CC12OC1CC1CC2C1(C)C,-2.593688492
NC(=O)NC1=CC(NC2=NC(Cl)=NC(NC3=CC=CC(=C3)S(=O)(=O)CCOS([O-])(=O)=O)=N2)=CC=C1N=NC1=CC2=C(C=C(C=C2C=C1S([O-])(=O)=O)S([O-])(=O)=O)S([O-])(=O)=O,-0.426136485
CCCCCCCCCCCCNC1=NC(Cl)=NC(NC2=CC=C3C(=C2)C=C(C(=NNC2=CC=C(C=C2)N=NC2=CC=C(C=C2)S([O-])(=O)=O)C3=O)S([O-])(=O)=O)=N1,-3.358911212
CCCN(CCC)C(=O)SCC,-2.703174404
C(OCC1CCC(COCC2CO2)CC1)C1CO1,-1.835797234
CC(CC1=CC(C)=CC(=O)N1[O-])CC(C)(C)C,-3.905464204
C=COC(=O)C1=CC=CC=C1,-2.622959195
COC(=O)C1=CC=C(C=C1)C(C)(C)C,-3.739816376
CC1=CC=CC(CC(C)(C)CO)=C1,-2.826535469
CC(C)=CCCC(C)=CCOC(C)=O,-3.754953216
CC1(C)C2CC1C(CCO)=CC2,-2.695999804
CC1CC(=O)CC(C)(C)C1,-1.647141463
C=CC(=O)OCCOC1=CC=CC=C1C1=CC=CC=C1,-3.951518842
SCCC(=O)OCC(COC(=O)CCS)(COC(=O)CCS)COC(=O)CCS,-5.123168748
CC1=CC(=CC(C)=C1O)C(C)(C)C1=CC(C)=C(O)C(C)=C1,-4.952868803
CCCCCCCCCCCCCCCCCC(=O)OCC(COC(=O)CCCCCCCCCCCCCCCCC)OC(=O)CCCCCCCCCCCCCCCCC,-5.47300058
CCOC(=O)CC(C)CC(C)(C)C,-3.823043168
CCC1=CC=C(C)N=C1,-1.004260454
CC(C)C1CCC(C)CC1OC(=O)C(C)O,-2.979987205
CC12CC(O)C3C(CCC4=CC(=O)C=CC34C)C1CCC2(O)C(=O)CO,-3.178447129
CC1=CC=C(NC2=CC=C(NC3=CC=C(C)C=C3S([O-])(=O)=O)C3=C2C(=O)C2=CC=CC=C2C3=O)C(=C1)S([O-])(=O)=O,-1.427031257
O,-4.229152992
CC(=C)C(=O)OCCOC1=CC=CC=C1,-2.95264717
CCCCOCCOCCOCC1=CC2=C(OCO2)C=C1CCC,-4.151088918
CF,-0.175874376
C(COC1=CC=CC=C1)OC1=CC=CC=C1,-3.988526528
CCC1=CC(CC2=CC(CC)=C(N)C(CC)=C2Cl)=C(Cl)C(CC)=C1N,-7.278038713
CC1=CC(C)=C(NC2=CC(=C(N)C3=C2C(=O)C2=CC=CC=C2C3=O)S([O-])(=O)=O)C(C)=C1CNC(=O)C1=CC=CC=C1,-1.439605121
CCCC(CCC)C([O-])=O,-1.857977427
S=C1[N-]C2=CC=CC=C2S1,-4.285895804
OC1=CC=CC=C1,-4.034756761
CCCCCCC=CC1CC(=O)OC1=O,-4.021753515
CC(C)(C1=CC=C(O)C=C1)C1=CC=C(O)C=C1,-5.229282852
CC1=CCC2CC1C2(C)C,-4.772570424
FC(=C)C(F)(F)F,-2.759957367
O=C1OC2=CC=CC=C2C=C1,-1.886030361
CC(=C)C1CCC(C)=CC1,-3.84649653
CCN(CC)C1=CC=C([C+](C2=CC=C(C=C2)N(CC)CC2=CC=CC(=C2)S([O-])(=O)=O)C2=CC=C(C=C2)N(CC)CC2=CC=CC(=C2)S([O-])(=O)=O)C(C)=C1,-0.62297793
CC1=NN(C(=O)C1N=NC1=CC=C(C2=CC=C(C=C2S([O-])(=O)=O)N=NC2C(C)=NN(C2=O)C2=CC=CC=C2)C(=C1)S([O-])(=O)=O)C1=CC=CC=C1,-1.642781181
CC(=O)OC1CC2CCC1(C)C2(C)C,-3.088778192
CCCC(=O)OC(C)(C)CC1=CC=CC=C1,-4.135942613
[O-]S(=O)(=O)C1=CC=C(NN=C2C=CC(=O)C(=N[N-]C3=CC=C(C4=CC=CC=C34)S([O-])(=O)=O)C2=O)C2=CC=CC=C12,-2.603841144
CCCOCC(C)OCC(C)O,-0.070052651
CC1(C)CC(CC(C)(CN=C=O)C1)N=C=O,-4.170824759
CCCCCCCCC=CCCCCCCCC([O-])=O,-4.410087437
CCN(CC[N+]1=CC=CC=C1)C1=CC=C(C=C1)N=NC1=CC=C(C=C1Cl)[N+]([O-])=O,-1.521890085
O=C(OC1=CC=CC=C1)OC1=CC=CC=C1,-4.216916663
CCCCC(CC)C(=O)OC=C,-4.151910976
CC(=C)C(=O)NCNC(=O)C(C)=C,-1.189236756
C1CC=CCCC=C1,-2.965977173
CCCCOC(=O)C1=CC=CC=C1C(=O)OCCCC,-4.387683254
CC1=CC(C)=C(C(C)=C1NC1=CC=C(NC2=C(C)C=C(C)C(=C2C)S([O-])(=O)=O)C2=C1C(=O)C1=CC=CC=C1C2=O)S([O-])(=O)=O,-1.79226117
OC1=CC=C(C(=O)C2=CC=CC=C2)C(O)=C1O,-3.345107824
CCCCCCCCCC=CCC1CC(=O)OC1=O,-4.425503245
CC(C)CC(C)CC(C)C=C(C)C1CC(=O)OC1=O,-4.425503245
CCCCCCCCCC(=O)OC1=CC=C(C=C1)C([O-])=O,-5.42454755
COC1=CC=C(C=CC(=O)OCCC(C)C)C=C1,-5.49192521
CCCCCCCCCCCCCCCC(=O)NCC([O-])=O,-5.593122622
C1CC=CCCC=CCCC=C1,-5.365156254
CCCCCCCCCCCCCCCC(=O)OC1CC(C)(C)[NH2+]C(C)(C)C1,-6.214524895
CCCCC(CC)CNC(=O)CCCCCC(C)C,-5.731545253
COC1CC(OC2C(C)OC(CC2OC)OC2C(C)C=CC=C3COC4C(O)C(C)=CC(C(=O)OC5CC(CC=C2C)OC2(C5)OC(C5CCCCC5)C(C)C=C2)C34O)OC(C)C1O,-7.555881514
C1=CC=C(C=C1)C1=CC=C(C=C1)C1=CC=CC=C1,-6.183335848
C1=CC2=C3C(C=CC4=CC=CC(C=C2)=C34)=C1,-6.178796616
CCCCOC(=O)C1=CC=C(C=C1)C(=O)OCCCC,-6.40319542
CCC(CC)CC1(CCCCC1)C#N,-6.587338232
COC1=CC=C(C=C1)N1CCN(CC1)C1=CC=C(C=C1)[N+]([O-])=O,-6.929013035
CC(C)CCCCCCCOC(=O)CCCCCCCCC(=O)OCCCCCCCC(C)C,-7.252394502
CCCCN(CCCC)C1=CC=C2C(OC3=CC(C)=C(NC4=CC=CC=C4)C=C3C22OC(=O)C3=CC=CC=C23)=C1,-7.404250358
FC1(F)OC2=CC=CC(C=O)=C2O1,-2.155833357
CCNC1=CC(C#N)=C(N)C2=C1C(=O)C1=CC=CC=C1C2=O,-7.638280591
CCCCCCCCC=CCCCCCCCC[NH2+]CCC[NH3+],-8.25019206
CCCCC(CC)COC(=O)C1=CC=C(NC2=NC(NC3=CC=C(C=C3)C(=O)OCC(CC)CCCC)=NC(NC3=CC=C(C=C3)C(=O)NC(C)(C)C)=N2)C=C1,-8.185258765
CCCCCCCCCCCC[N+]1=CC=CC=C1,-0.453910537
CC1=CC=CC(C)=C1OCC([O-])=O,-2.256644531
OCC1=CC(=NNC2=CC=C(C3=CC=CC=C23)S([O-])(=O)=O)C(=O)C(=N[N-]C2=CC=C(C3=CC=CC=C23)S([O-])(=O)=O)C1=O,-0.817164744
CC(=O)C1=CC=C(O)C=C1,-1.138382451
NC1=CC=C2C=C(C(=NNC3=CC=C(N=NC4=CC=CC(C([O-])=O)=C4O)C4=CC=CC=C34)C(=O)C2=C1)S([O-])(=O)=O,-2.786820452
CC(C)=CCCC(C)=CC=CC(C)=O,-3.297212067
C=CN1CCN(C=C)C1=O,-1.155886444
NC1=CC(=CC=C1O)[N+]([O-])=O,-2.205601857
[O-][N+](=O)C1=CC=C2NC(=O)NC2=C1,-3.274087547
CC1=CC=C(C=C1)S(=O)(=O)C(=CN1CC(=O)NC1=S)C#N,-3.529299295
CCC1=C(O)C(=O)C=CO1,-1.17595802
COC(=O)CC1=CC=CC=C1,-2.211401723
[O-]S([O-])(=O)=O,-4.226296416
CC1=C(Cl)C=CC=C1[N+]([O-])=O,-3.27068643
CCCCCCCl,-3.122388733
CC(=C)C(=O)OCC(F)(F)F,-2.268475684
CCCCCCC(C)=O,-2.153696327
CCCCCC=CCC(CC([O-])=O)C([O-])=O,-2.404240574
CCCC(CCC)(C([O-])=O)C(CCC)(C=CC)C([O-])=O,-3.495359601
CC1CC(=O)C=C2CCC3C4CCC(O)C4(C)CCC3C12C,-3.526422567
CC1=NC2=CC=CC=C2C1=NNC1=CC(Cl)=C(C=C1Cl)S(=O)(=O)NCCS([O-])(=O)=O,-3.756179517
CC(C)(O)C(=O)C1=CC=C(CC2=CC=C(C=C2)C(=O)C(C)(C)O)C=C1,-4.536378597
C=CC(=O)OCC1CCC2C3CC(CC3COC(=O)C=C)C12,-4.493085819
O=C(NC1=CC=CC=C1)NC1=CC=CC=C1NS(=O)(=O)C1=CC=CC=C1,-4.578402879
CCCCC(CC)COC(=O)C=C,-4.283204614
CC(=O)OC1CC2CC1C1CCCC21,-3.338049828
CCS,-0.84591656
CCCCC(CC)COC(=O)OOC(=O)OCC(CC)CCCC,-2.595175443
CC(CCC=C(C)C)CC=O,-3.243750947
CC(C)C12CCC(C)(O1)C(O)C2,-0.288092629
CC(C)C1=CC=C(CCC=O)C=C1,-3.302656786
CCCCCCCCCCCC(=O)NC(CCC([O-])=O)C([O-])=O,-3.60911048
CCCOC(C)OCCC1=CC=CC=C1,-3.384192904
COC(OC)C(C)(C)CC=C(C)C,-3.339761604
COC(C)(C)C1CCC(C)=CC1,-3.296613578
[O-][N+](=O)C1=CC(Cl)=CC=C1Cl,-3.364225398
CCC(C)=CCCC(C)(O)C#C,-2.302767888
CC(C)(C1=CC=C(O)C=C1)C1=CC=C(O)C=C1,-3.680444963
O=C1C=CC(=O)N1C1=CC=CC=C1,-2.327317556
CC1=CC(=O)N(N1)C1=CC=C(C)C=C1,-2.365667988
CC(=O)CC(C)(C)C1=CC=CC=C1,-2.337666283
CCCCCOC(=O)CC,-2.250522404
FC(F)=C(F)Cl,-2.160954298
CCCCCCCCCCCCOCCO,-1.459377408
[NH3+]CCCCCCCCCCC([O-])=O,-2.400775362
NC(NC1=CC=C(Cl)C=C1)=NC(=[NH2+])NCCCCCCNC(=[NH2+])N=C(N)NC1=CC=C(Cl)C=C1,-2.800595088
CC=C1CC2CC1C=C2,-3.176796415
CCN(C(=O)N(CC)C1=CC=CC=C1)C1=CC=CC=C1,-3.525627796
CCCCOC(=O)C1=CC=CC=C1N,-3.383020526
OC1=CC=CC=C1C(=O)OCC1=CC=CC=C1,-4.413922406
CO,-3.994369951
[O-]S(=O)(=O)C1=CC=CC2=CC(NC3=CC=CC=C3)=CC(NC3=CC=CC=C3)=C12,-4.672502907
CCC(C)(OOC(C)(C)C)OOC(C)(C)C,-4.45076092
S(C1=CC=CC=C1)C1=CC=CC=C1,-4.360607869
CCOCCCNS(=O)(=O)C1=CC=C(OC2=CC(O)=C3C(=O)C4=CC=CC=C4C(=O)C3=C2N)C=C1,-4.787470096
ClC1=C2C(=O)OC(=O)C2=C(Cl)C(Cl)=C1Cl,-4.553119611
CC1=NN(C(=O)C1N=NC1=CC(Cl)=C(Cl)C=C1S([O-])(=O)=O)C1=CC=CC(=C1)S([O-])(=O)=O,-3.839084061
CCO,1.233668218
COC1=CC=C(OC)C=C1,-2.245531528
C(CC1=CC=CC=C1)OC1CCCCC1,-2.418090055
CCC(C)(CCC(C)C)C([O-])=O,-2.716017407
CC=CC(=O)C1C(C)C=CCC1(C)C,-3.396366501
O=C(OCC1CO1)C1=CC=C(C=C1)C(=O)OCC1CO1,-3.557960056
CCCCCC=CCCC=O,-3.301742894
CN(CCO)C1=NC(NC2=CC=C(C=CC3=CC=C(NC4=NC(=NC(NC5=CC=CC=C5)=N4)N(C)CCO)C=C3S([O-])(=O)=O)C(=C2)S([O-])(=O)=O)=NC(NC2=CC=CC=C2)=N1,-3.069321152
CC1=CC(C)=C(C)C(O)=C1,-2.252203004
CC(F)(F)F,-2.043101387
CC(C)(O)C(=O)C1=CC=C(OCCO)C=C1,-1.469930479
CN=C=S,-0.98322259
CN(C(=O)N(C)C1=CC=CC=C1)C1=CC=CC=C1,-3.497557581
O=C1CCCCCCCCCCC(=O)OCCO1,-3.533758505
CC(C)CCCCCCCO,-3.324378497
CCC([O-])=O,-0.437662317
CCOC(=O)C1OC1C1=CC=CC=C1,-2.409651238
CC(C)CCCC(C)(C)O,-2.286983634
CCC(=O)OCC1=CC=CC=C1,-2.344979827
CC(=O)OC1(CCCCC1)C#C,-2.352215179
CC[NH+](CC)CC,-0.137682984
CCCCCCCCC=CCCCCCCCC[NH2+]CCCNCCC[NH3+],-3.718391335
CSC,-0.931218902
CNC([S-])=S,0.747325108
NC1=CC(Cl)=C(Cl)C=C1Cl,-3.435950486
ClC1=CC=CC(=N1)C(Cl)(Cl)Cl,-3.506108364
OC1=CC2=CC=CC=C2C=C1C([O-])=O,-3.417245584
CC=CC=C,-2.454265074
CC(C)C1=CC=CC(=C1)C(C)CC=O,-3.677346846
NC1=C(N=NC2=CC(NC3=NC(Cl)=NC(NC4=CC=CC(=C4)S(=O)(=O)CCOS([O-])(=O)=O)=N3)=CC=C2S([O-])(=O)=O)C(=CC2=C1C(=O)C(=NNC1=C(C3=CC=CC(=C3C=C1)S([O-])(=O)=O)S([O-])(=O)=O)C(=C2)S([O-])(=O)=O)S([O-])(=O)=O,-1.277021164
FC1CC(F)(F)C(F)(F)C1(F)F,-2.436880918
CCCCC,-3.006984006
COC1=CC(C=CC)=CC=C1O,-2.364737497
CC1=CC=C(C=O)C=C1C,-2.277035079
CC([NH3+])C1=CC=CC=C1,-0.594139338
CCCCOC(C)=O,-1.219958563
NC1=CC=C(C2=CC=C(N)C=C2S([O-])(=O)=O)C(=C1)S([O-])(=O)=O,-2.691927271
COC1=CC(C=O)=CC(=C1[O-])[N+]([O-])=O,-2.44968993
CCN(CC)C1=CC=CC(NC(C)=O)=C1,-2.469378031
CC1=CC=CC=C1NC(=[NH2+])NC1=CC=CC=C1C,-3.533884584
CCCC(CC)COC(=O)CCC1=CC(=C(O)C(=C1)C(C)(C)C)C(C)(C)C,-7.09873715
CC12CCCC(C)(C)C3C(CCC13)C2=C,-4.412762427
OC1=CC=CC=C1C(=O)OCCC1=CC=CC=C1,-4.489105335
CC(COC(=O)C1=CC=CC=C1)OC(=O)C1=CC=CC=C1,-4.567302938
CCC(C)(C)C1CCCCC1OC(C)=O,-4.446203904
N#CC(=C1CCCCC1)C1=CC=CC=C1,-4.420023997
[O-]C(=O)CC1=CC=CC=C1NC1=C(Cl)C=CC=C1Cl,-4.620257788
[O-][N+](=O)C1=CC=C(CCC2=CC=C(C=C2)[N+]([O-])=O)C=C1,-4.5898858
CC(C)(C)CC(C)(C)C1=CC=C(O)C=C1,-4.469462233
CCCCCCCCCC1=CC=C(O)C=C1,-4.49802684
COC1=CC=C(C=C1[N+]([O-])=O)C(=O)NC1=CC=C(C=C1)C(N)=O,-4.653605269
CCCCCCCCCCCCCCCCCC[NH+](C)C,-4.678690034
CCCC[N+](CCCC)(CCCC)CCCC,1.332024844
FC1=CC=C2OC(CCC2=C1)C1CO1,-3.052101177
CC(C)=CCCC(C)=CCO,-2.351909504
COC1=CC=CC=C1OC,-1.314975067
NC1=C(N)N(CCO)N=C1,0.444259344
[O-]S(=O)(=O)C1=CC(=CC=C1)S([O-])(=O)=O,0.370947285
CCCCCCOC,-2.245085326
[O-][N+](=O)C1=CC(=CC=C1Cl)C(F)(F)F,-2.533704672
CC1CC2C3CCC4=CC(=O)C=CC4(C)C3(F)C(O)CC2(C)C1(O)C(=O)CO,-3.7709815
CC(C)C1=CC=C(C=C1)C(C)CC=O,-3.459862901
CC1CC(C)=CC(C)C1CO,-2.371197393
CCC(C)=CCCC(C)(O)C=C,-2.409128664
O=C(OCC1CO1)C1=CC=C(C(=O)OCC2CO2)C(=C1)C(=O)OCC1CO1,-2.762296476
CC1CC(C)(CO1)C1=CC=CC=C1,-2.433237945
CCCCC(CC)C(=O)OCC,-3.423291255
OC1=CC=CC2=CC=CN=C12,-2.349605255
CCN(C1=CC=CC(=C1)S(=O)(=O)CCOS([O-])(=O)=O)C1=NC(Cl)=NC(NC2=CC=C3C(=C2)C=C(C(=NNC2=CC=C(OC)C=C2S([O-])(=O)=O)C3=O)S([O-])(=O)=O)=N1,-1.161671108
CCOC1=CC=CC=C1OCC,-2.41045076
CC=CC,-1.939465074
OCC(O)C(O)C(O)CO,0.625274489
CC(=C)C=C,-2.025733236
CCCCCCCCC=CCCCCCCCC[NH2+]CCC[NH2+]CCC[NH2+]CCCN,-3.836075758
CC(C)CCCC(C)CCO,-3.393259787
CCN1C(=O)C(CS([O-])(=O)=O)=C(C)C(=NNC2=CC=C(C=C2)S(=O)(=O)C2=CC=C(NN=C3C(C)=C(CS([O-])(=O)=O)C(=O)N(CC)C3=O)C=C2)C1=O,-2.10218738
CC(=O)C1=CC=CC=C1,-1.28038684
CCCCCC(O)C(C)=CCC,-3.431863898
CCCCOC(=O)CCC,-2.361047779
[O-]C(=O)C1=CC=CC=C1C([O-])=O,-1.424573276
O=CC1CCC2C3CCC(C3)C12,-2.419967647
CC(C)C1=CC=CC=C1C(C)C,-2.497713585
CC1=CC=CC(C)=C1O,-1.292396158
CCC(O)C1=CC=CC=C1,-2.340367591
CC(=O)C1=CC=CC(=C1)C(F)(F)F,-2.482107917
NC1=CC=C(Cl)C=C1Cl,-2.417174258
CC(=O)OC1CC2CCC1(C)C2(C)C,-3.496323842
NNS(=O)(=O)C1=CC=C(OC2=CC=C(C=C2)S(=O)(=O)NN)C=C1,-3.758489195
CCC=CCCC=CC=C,-3.34190657
OCC=CCO,0.846685164
CCOCCOCCOCCOC(=O)C(C)=C,-0.603011426
CC(=O)OCC1=C(N2C(SC1)C([NH3+])C2=O)C([O-])=O,-2.648977722
CCCCCCCCCC([O-])=O,-3.445216137
CC(C)C,-2.977604072
CCCC,-2.977604072
CC,-2.691382006
CC1(C)C2CC1C(CCC=O)=CC2,-3.46576061
OC1=CC=C(CC([O-])=O)C=C1,-0.399080411
COC1=CC=C(COC(C)=O)C=C1,-2.474006642
[F-],1.023394133
NC1=NC(N)=[NH+]C(=N1)C1=CC=CC=C1,-2.494168514
CC(C)(C)C1CCC(CC1)OC(=O)C=C,-3.539328096
CC1=CC=CC=C1NC(=O)C1=CC2=CC=CC=C2C=C1O,-4.623441954
COC(=O)C1=NC(Cl)=C(Cl)N=C1N,-4.534838609
CCCCCCCCC=CCCCCCCCC(=O)N(CCCC)CCCC,-4.788985441
CC(=C)C(=O)OC1CC2CCC1(C)C2(C)C,-4.544220436
CCCCCCCCCOC(C)=O,-4.47086065
CCCCCCCCCCCCCCCCCCCCCCCCCCCCCC,-5.405053261
CCCCCCCCCCCCCC,-5.041697833
C1=CC2=CC=CC=C2C=C1,-4.311225605
OC1=CC=CC=C1C(=O)OC1CCCCC1,-4.554076293
CC(=C)C1CCC(C)=CC1,-4.346837785
CCC=CCCOC(=O)CC=CCC,-4.509709484
CCC12CCC3C(CCC4=C3CC=C(C4)OC)C1CCC2O,-4.702513826
CCCCCCCCCCCC(=O)OCC(O)CO,-4.660234439
COC1=CC=C(C(=O)C2=CC=CC=C2)C(O)=C1,-4.580253828
CC1CCC2C(C)(C)C3CC12CC(C(C)=O)=C3C,-4.613478878
CCOC(=O)C1=CC=CC=C1,-2.39990224
[O-]C(=O)CCC1=CC=CC=C1,-1.405751413
CC(C)=CCCC(C)=CC=O,-2.411668206
CCCCCCC1CCCC1=O,-3.451515538
CC(C)C(=O)C(C)(C)CC=C(C)C,-3.489215864
OC1=CC=C(C=C)C=C1C=C,-3.394062684
NC1=CC=C(Cl)C=C1O,-2.390659928
CCOC1=CC=C(C=C1)C([O-])=O,-2.454899746
NC1=C(Cl)C=C(C=C1Cl)C(F)(F)F,-3.591642752
C[NH2+]CCCN1C2=CC=CC=C2CCC2=CC=CC=C12,-3.657617041
CC(C)(C)C(=O)C(OC1=CC=C(Cl)C=C1)N1C=CN=C1,-3.703092646
CCCCCCCCC(O)CO,-2.478578955
CCC(C)C1CCCCC1=O,-2.427057806
COC1=CC(C=O)=CC=C1OC(=O)C(C)C,-2.588667606
CC1=CC=CC=C1,-2.206298299
CC1=CC(N=NC2=C(O)C(=CC3=CC=CC=C23)C([O-])=O)=C(C=C1Cl)S([O-])(=O)=O,-3.944100371
CC12CCC3C(CCC4=CC(=O)C=CC34C)C1CCC2O,-3.700359651
CCC1=CC=C(CC(C)(C)C#N)C=C1,-3.351339264
ClCCCCCCCl,-3.43464733
CCC(=O)OC1C=CC2C3CCC(C3)C12,-3.558592794
CCOC1=CC=CC=C1,-2.331841643
CN1C(=O)N(C(=O)C=C1C(F)(F)F)C1=CC=C(Cl)C(=C1)C(=O)OC(C)(C)C(=O)OCC=C,-4.676528089
CC1=CC=C(C=C1)S([O-])(=O)=O,-0.008033112
C=CCOC(=O)COC1=CC=CC=C1,-2.536373209
[O-]C(=O)CCCCC([O-])=O,-0.623286686
CNS(=O)(=O)C1=CC(OC)=C(N)C=C1OC,-3.651080563
NC(N)=O,0.957840099
O=C1NC2=CC=CC=C2N1,-2.392751997
C#[O+],-3.292023351
CC(CCOC(=O)C=C)CCOC(=O)C=C,-2.621433551
NC1=CC=CC(Cl)=C1,-1.373368413
CC(=O)OC1CCC2CCCCC2C1,-3.560504415
CCCCCCCCCCCCCCC(C)C1=CC(C)=CC(C)=C1O,-7.335707323
C1CC=CC1,-2.104914482
C,-3.333093505
FC(F)(F)C(F)(F)F,-2.423907212
CC(C)=CCCC(C)=CCCC=O,-3.538303545
CC(=C)C(=O)OC1=CC=CC=C1,-2.494851361
CC(O)=CC(C)=O,-1.697530099
CC1=C(C=O)C(C)(C)CC=C1,-2.465007757
C[NH+](C)CC1=CC(=C(O)C(=C1)C(C)(C)C)C(C)(C)C,-2.711387028
CC(=O)CC(C)(C)C1CCCCC1,-3.548153643
CC(C)C1CCC(C)CC1O,-2.488009121
NC1=CC=C(NC2=CC=CC=C2)C=C1,-2.563130476
CCC(C)C(=O)N(C)C1=CC=CC=C1,-1.580579513
NC(=O)C1=CC=CN=C1,0.612158315
CNC1=CC=C(O)C=C1,-0.838079267
OC1=C(N=NC2=CC=C(C3=CC=CC=C23)S([O-])(=O)=O)C2=CC=C(C=C2C=C1S([O-])(=O)=O)S([O-])(=O)=O,-1.082414087
CC1=CC(O)=CC(C)=C1,-1.387983905
CCC(COC(=O)C=C)(COC(=O)C=C)COC(=O)C=C,-2.772789495
CC(C)CC(=O)CC(C)C,-2.454057846
COC1=CC=C(CC=C)C=C1OC,-2.55201324
NC1=CC2=CC(=CC(O)=C2C=C1)S([O-])(=O)=O,-2.679885573
OC1=C(N=NC2=CC=C(C=C2)S([O-])(=O)=O)C2=CC=C(C=C2C=C1)S([O-])(=O)=O,-2.936886553
CCCCCC1=C(CCC1CC(=O)OC)OC(C)=O,-3.721988672
C=CC1CCC=CC1,-3.335193031
COC1=CC=C(C=C1O)C1CC(=O)C2=C(O)C=C(OC3OC(COC4OC(C)C(O)C(O)C4O)C(O)C(O)C3O)C=C2O1,-5.010485646
CCCCCCCCC=CCCCCCCCC[NH+](CCO)CCO,-4.78011829
CCCCOC(=O)C1=CC=C(C(=O)OCCCC)C(=C1)C(=O)OCCCC,-4.807173711
CCC(C)N1N=CN(C1=O)C1=CC=C(C=C1)N1CCN(CC1)C1=CC=C(O)C=C1,-4.828521956
CCCCCCCCCCCO,-4.480440668
CC1(C)C2CCC1(C)C(C2)OC(=O)C=C,-4.583092455
O=C1[C-](C(=O)C2=CC=CC=C12)C1=[NH+]C2=CC=CC=C2C=C1,-4.701186127
CCCCC(CC)COC(=O)OOC(C)(C)C,-4.659958513
CC1CC(CC(C)(C)C1)OC(=O)C(C)=C,-4.598598509
CCCC=O,-4.50210133
CCCCCCCCCCCC([O-])=O,-4.950531484
CCCCCCCCCCCCCCCCCC([O-])=O,-4.960419449
CCC=CCCOC(=O)C1=CC=CC=C1O,-4.643981404
CC(C)C1CCC(C)CC1=O,-2.491877231
COC(=O)C1=CC=C(C=C1[N+]([O-])=O)C([O-])=O,-2.657001848
CC1=CC(C)=CC(C)=C1,-3.382657059
CC(=O)OC(C)(C)CCCC(=C)C=C,-3.597416499
CC1=CC=C(C=C1Cl)[N+]([O-])=O,-3.544278177
CCCCCCCCCCCCCCCCCC[N+](C)(C)C,-3.851456788
CCC[NH+](CCC)CCC,-2.472220255
[NH4+],1.451806889
O=C(NCCCCCCNC(=O)N1CCCCCC1=O)N1CCCCCC1=O,-3.906400656
CC(C)CCOC(=O)CC(C)C,-3.554059535
CCCCCC(CO)CCC,-3.518198523
NC1=CC=C(CCC2=CC=C(N)C=C2)C=C1,-3.645700574
COC(=O)C1=CC=CN=C1,-0.459550859
OC(C(O)C([O-])=O)C([O-])=O,-2.602434694
CC(C)(C)C1=CC=C(C=C1)C([O-])=O,-3.577962337
NC1=CC=CC2=CC=C(C=C12)S([O-])(=O)=O,-1.682279323
FC(F)C(F)(F)F,-1.416495791
CC1=CC=CC(O)=C1C,-1.424196078
CCCCC(CC)C(=O)OOC(C)(C)C,-3.669517691
CC1C2CC(CC1C=O)C2(C)C,-3.558040393
CC(C)(O)CCC1=CC=CC=C1,-1.555639677
CC(=O)OC1=CC=C(C=C1)[N+]([O-])=O,-2.599256825
CC(=O)C1=CC2=CC=CC=C2O1,-2.548488397
NC1=CC(=CC(Cl)=C1[O-])[N+]([O-])=O,-2.699029836
CCC(O)COC1CCCCC1C(C)(C)C,-3.698734262
CC(C)C1CCC(C)CC1OO,-2.588821642
CC(C)COC(=O)C1=CC(N)=C(Cl)C(N)=C1,-2.738284824
OC1(CCCCC1)C(=O)C1=CC=CC=C1,-2.664780194
[NH3+]NCC1=CC=CC=C1,-1.646789011
CCOC1=NC2=CC=CC(C([O-])=O)=C2N1CC1=CC=C(C=C1)C1=CC=CC=C1C1=NN=N[N-]1,-6.497781397
ClC1=NC(Cl)=NC(Cl)=N1,-2.622338856
COC1=CC(=C(O)C(=C1)C(C)(C)C)C1=CC(OC)=CC(=C1O)C(C)(C)C,-6.776311258
CC1(CN2C=CN=N2)C(N2C(CC2=O)S1(=O)=O)C([O-])=O,-1.838461676
CN(C=O)C1=CC=CC=C1,-1.494780947
NC1=CC=C(C=C1S([O-])(=O)=O)S([O-])(=O)=O,-1.770093003
CC(C)C1CCC(C)CC1O,-2.560404377
COC1=CC=C(C=C1[N+]([O-])=O)C([O-])=O,-2.661319514
CC12CCC3C(CCC4=CC(=O)C=CC34C)C1CCC2=O,-2.820459609
CC(C)(C)C(=O)OCCC1=CC=CC=C1,-3.67528009
CC(OC(C)=O)C1CCCCC1,-3.597623767
CC(=O)CCC1=C(C)CCCC1(C)C,-3.655044576
CC[N+](CC)(CC(=O)NC1=C(C)C=CC=C1C)CC1=CC=CC=C1,-1.020958606
CCCCCCO,-1.382910122
CC(C)C1CCC(C)CC1O,-2.570623543
CCC(C)=CCCC(C)=CC#N,-3.589641142
CCCCCCC1(C)CCC(=O)O1,-2.643261824
COC(C)(C)C,-0.323526854
NC1=CC=C(C=C1S([O-])(=O)=O)[N+]([O-])=O,-1.767738518
CC1CCC2(O)C(C)(C)C3CCC2(C)C1C3,-3.72590382
CCC(C)(C1=CC=CC=C1)C1=CC=CC=C1,-4.588176842
C([NH2+]CC1=CC=CC=C1)C1=CC=CC=C1,-2.687630237
CC1=C2NN=NC2=CC=C1,-1.516963539
NC1=CC(=CC(=C1O)S([O-])(=O)=O)[N+]([O-])=O,-1.766205568
OCCN(CCO)C1=NC(NC2=CC=C(C=CC3=CC=C(NC4=NC(=NC(NC5=CC=C(C=C5)S([O-])(=O)=O)=N4)N(CCO)CCO)C(=C3)S([O-])(=O)=O)C=C2S([O-])(=O)=O)=NC(NC2=CC=C(C=C2)S([O-])(=O)=O)=N1,-0.46428681
COC(=O)C1=CC=CC=C1C(=O)OC,-1.686157925
CN(C)C1=CC=C(C=C1)[C+](C1=CC=C(C=C1)N(C)C)C1=CC=C(C=C1)N(C)C,-2.008588463
CCCCCC1CCCC(=O)O1,-1.629032231
CCOC(=O)CC(=O)C(F)(F)F,-1.663024463
[O-][N+](=O)OCCOCCO[N+]([O-])=O,-1.690450821
CCCCCOC(=O)CCCC,-3.624481304
CC1=CC(=O)N(CC2=CC(CN3C(=O)C=C(C)C3=O)=CC=C2)C1=O,-3.900334993
[O-]C(=O)C([O-])=O,-3.556228502
CCC=CCCOC(=O)C1=CC=CC=C1,-3.704897417
COC(=O)C1=CC=C(C(=O)OC)C(N)=C1,-3.718503765
CCCC(CC)CCCCCCC[NH3+],-3.697625957
[O-]C(=O)CCCCCCCCCCC([O-])=O,-3.76024149
CC1(C)C2CCC3(C2)C11OC1CCC3(C)C,-4.6529288
CC(O)CSCCCCCCCCC(C)(C)C,-4.730940692
CCCCCCCCCCCC([O-])=O,-4.619583571
CCCCC1=NC(Cl)=C(CO)N1CC1=CC=C(C=C1)C1=CC=CC=C1C1=NN=N[N-]1,-4.945016986
CCCCC(CC)COC(=O)CS,-4.635481621
CCC(C)(C)C1=CC=CC=C1,-4.50074592
CC(CCC=O)C1C(C)=CCCC1(C)C,-4.653202091
CC1(C)C2CCC(C2)C1=C,-4.471540428
CC(CC1CCCC1=O)C1CCC(C)=CC1,-4.680367049
CCCCCCCCCC(=O)OC,-4.626748523
OC([O-])=O,-5.022027024
CCCCN(CCCC)C(=O)N(CCCC)CCCC,-4.820595497
COC1(C)CCC23CC1C(C)(C)C2CCC3C,-4.74017718
COC1CCCCCCCCCCC1,-4.683590383
CCOC1(C)CCC2C(=C)C1CCC2(C)C,-4.734296245
CCN(CC)C(=S)SSC(=S)N(CC)CC,-4.860377549
CC1=CC=C(N2C(=O)C3=CC=CC4=C(N)C=CC(C2=O)=C34)C(C)=C1,-4.891655533
CC1=CC(=CC(C)=C1CC#N)C(C)(C)C,-4.70181183
O=C1NC(=O)C2=C3C(C=CC=C13)=CC=C2,-4.692831503
O=C1CCC2CCCCC2O1,-0.586560326
COC(=O)C1=CC=C(C)C=C1,-2.576720352
CC1CC(C)(C)OC(CC2=CC=CC=C2)O1,-2.744685443
NC1=CC=CC=C1N,-0.439609879
O=C1[N-]S(=O)(=O)C2=CC=CC=C12,-1.671832414
CC1=CC(=CC=C1N)S([O-])(=O)=O,-1.729501225
CC(C)CCCC(C)CC#N,-3.587759138
O=C(N1CCCCCC1=O)C1=CC(=CC=C1)C(=O)N1CCCCCC1=O,-3.958346195
CC(C)=CCCC(C)=CCCC(C)=O,-3.697448425
CCCCCC(=O)OCC=C,-2.610551759
NC1=CC(=CC(=C1[O-])[N+]([O-])=O)[N+]([O-])=O,-1.764813003
FC1=CC=C(C=C1)C(=O)CCCCl,-2.722633923
CC(C)OC(=O)CCC(=O)OC(C)C,-1.729316846
CC1=CC=C(N=NC2=C(O)C(=CC3=CC=CC=C23)C([O-])=O)C(=C1)S([O-])(=O)=O,-4.105730153
C[N+](C)(C)C1=CC=C2C=CC(=O)C(=NNC3=CC=C(N)C=C3)C2=C1,-1.980785388
NC(=O)C(F)(F)F,-1.485022741
CCC(C)(C)C1CCC(=O)CC1,-2.656892778
CC1=CC=C(C=C1[N+]([O-])=O)S(C)(=O)=O,-2.764701082
CCCCCCC#CC(=O)OC,-3.651887666
CCCCCCCCCCO,-3.631238037
COC1=CC=C(OC)C(Cl)=C1,-2.672402404
OCCOC1=CC2=CC=CC=C2C=C1,-2.71429469
CCCCOC1=CC=CC=C1,-3.613249563
O=C(OCCOCCOC(=O)C1=CC=CC=C1)C1=CC=CC=C1,-3.937488879
CCCCCCCCC=CCCCCCCCC[NH2+]CCC[NH3+],-3.955042001
ClC1=CC=C(Cl)C(Cl)=C1,-3.702452078
CC1=C(OCC(F)(F)F)C=CN=C1CO,-1.792073711
COC,0.88436592
COC1=CC(C=CC([O-])=O)=CC(OC)=C1OC,-2.830470194
C1CCC2=CC=CC=C2C1,-3.567368139
CCCCOC(=O)CCCCC(=O)OCCCC,-3.86815387
CC1=CC=C(C(O)=C1)C(C)(C)C,-2.672674663
COC(=O)C1=CC=C(C(=O)OC)C(=C1)[N+]([O-])=O,-2.835904882
CC([O-])=O,0.29360437
C=CC(=O)OCCCCCCOC(=O)C=C,-2.819336696
CCCCCCCCCC(=O)N(C)C,-2.76811118
NC1=CC=C(C=C1)N=NC1=CC=CC=C1,-3.759703076
CC1=CCC(CC#N)C1(C)C,-2.647537233
CC1=CC=C(O)C(=C1)C(C)(C)C,-2.691753623
C[N+](C)(C)C1=CC=CC=C1,0.287747296
CC(=O)OC(C)(C)C1CCC(C)=CC1,-3.021359064
C=CCOC1=NC(OCC=C)=NC(OCC=C)=N1,-2.87422578
CCCCC([O-])=O,-0.490652149
CC(O)C(C)CC1=CC=CC=C1,-1.69697299
CCCCC(C(=O)OCC)C(=O)OCC,-2.816496397
CCCCCCCCCCCC1=[NH+]CCN1CCO,-3.898655621
FC(F)(F)C1=CC=C(Cl)C=C1,-3.727695225
OC1=CC=C(C=C1)C1=CC=C(O)C=C1,-3.742373099
CC=COC1CCC(CC1)OC=CC,-3.903732091
O=C1CCCCCCCCCOCCCCCO1,-3.8838495
CCCCCCCCCCC(C)CCCCCCCC,-6.451104534
NC(=O)N=NC(N)=O,-3.54624346
CC(C)(C)C1=CC=C(O)C(=C1)C(C)(C)C,-3.796046333
CC(CC1=CC=C(C=C1)C(C)(C)C)C=O,-3.791782061
COC1=CC=C(C=C1N)C(=O)NC1=CC=CC=C1,-3.86580004
C#[O+],-2.928799169
CCC(C)(C)Cl,-2.51054501
N#CCN(CCN(CC#N)CC#N)CC#N,-2.820404347
CC(C)(C)OOC(=O)C1=CC=CC=C1,-2.776432949
CC(F)F,-1.314722844
CCC(C)(O)CCCC(C)C,-2.694289782
COC1=CC=C2NC(=S)NC2=C1,-2.750681924
C(OC1=CC2=CC=CC(OCC3CO3)=C2C=C1)C1CO1,-3.919173798
CC(C)=CCCC(C)=CCOC=O,-3.746150762
CC1CC=C(C)C(C=CC(C)=O)C1(C)C,-3.802676912
NC1=CC=C(C=CC2=CC=C(N)C=C2S([O-])(=O)=O)C(=C1)S([O-])(=O)=O,-4.06353038
CC1=CC=CC2=C1NC(=S)N2,-4.08795879
O=S(CC1=CC=CC=C1)CC1=CC=CC=C1,-2.858808721
CC(C)(N=NC(C)(C)C#N)C#N,-2.713250998
CCC(C)COC(=O)C=C,-2.653206406
ClC1=NC2=CC=CC=C2S1,-2.732588375
CC1=CC(=O)N([O-])C(=C1)C1CCCCC1,-0.933168591
ClC1=CC2=NC=CC(Cl)=C2C=C1,-2.802624638
NC1=CC=CC=C1S([O-])(=O)=O,-1.747168641
CC(O)=CC(C)=O,-2.070050982
CC(=O)NC1=CC=C(C=C1)S(Cl)(=O)=O,-2.877252416
CCC(=O)OC1C(C)CCCC1(C)C,-3.803181261
COC(=O)C1=CC=C(C=C1)C(=O)OC,-3.796856222
CCCCCCCC1CCCC1=O,-3.769441651
O=C(CC1=CC=CC=C1)OCC1=CC=CC=C1,-3.86327488
CN(C)C(=S)SC(=S)N(C)C,-2.830299065
CC(CCO)CCC=C(C)C,-2.706734458
CCC(=O)C(C)CC=C(C)C,-2.701095244
CC1=CC(C)=C(N)C(=C1)S([O-])(=O)=O,-1.819543504
S1C=CC=C1,-1.445011049
CC(C)(C1=CC=C(O)C=C1)C1=CC=C(O)C=C1,-2.879922295
ClC(Cl)(Cl)C=O,-0.691340871
CCC(C)CO,-0.468101062
CC(C)CCO,-0.468101062
CC(=O)NC1=CC=C(C2=C1C(=O)C(=NNC1=CC=C(N=NC3=CC=C(C=C3)S([O-])(=O)=O)C3=CC=C(C=C13)S([O-])(=O)=O)C(=C2)S([O-])(=O)=O)S([O-])(=O)=O,-1.461244839
S1C=NC2=CC=CC=C12,-1.653826526
[O-]C(=O)C1=CC=CC(=C1)[N+]([O-])=O,-1.745907172
O=C1NC2=CC=CC=C2C(=O)O1,-2.735417906
OC(C(=O)C1=CC=CC=C1)C1=CC=CC=C1,-2.849722352
CCCCCCCCO,-2.637593121
COC(=O)COC1=NC(F)=C(Cl)C(N)=C1Cl,-3.951281028
CC(C)=CCCC(C)(OC(C)=O)C=C,-3.81577692
CC(C)(C)C1=CC=CC(=C1O)C(C)(C)C,-4.713587378
COC1=CC=C(C=C1O)C1CC(=O)C2=C(O)C=C(OC3OC(CO)C(O)C(O)C3OC3OC(C)C(O)C(O)C3O)C=C2O1,-5.185848833
CCCCC(CC)COC(C)=O,-4.645140005
CCCCCCCCC(C)C#N,-4.63242095
CCN1C(=O)C(=N[N-]C2=CC=C(Cl)C=C2[N+]([O-])=O)C(C)=C(C#N)C1=O,-4.96733793
CC(C)CCCC=C,-4.458990177
ClCCC1=CC2=C(NC(=O)C2)C=C1Cl,-4.77757407
CCCCOCCOC(=O)CCCCC(=O)OCCOCCCC,-4.958733139
CC(C1=CC=CC=C1)C1=CC=CC=C1,-4.692503939
CC1=CC=CC=C1CC1=CC=CC=C1,-4.692503939
CC(=O)OC1(CCC2C3CCC4=CC(=O)CCC4C3CCC12C)C(C)=O,-4.995753937
[O-]C(=O)C1=CC(NC2=CC=CC=C2)=C(C=C1NC1=CC=CC=C1)C([O-])=O,-4.985723288
O=C(OCC1=CC=CC=C1)C=CC1=CC=CC=C1,-4.820796026
O=C1NC(=NC(=N1)C1=CC=CC=C1)C1=CC=CC=C1,-5.493585254
CC(C)C(=O)OC(C)(CCC=C(C)C)C=C,-4.810584984
CCCCC(CC)C(=O)OCC(C)(C)COC(=O)C(CC)CCCC,-5.02063787
CCOC(=O)C1C(C=C(C)C)C1(C)C,-4.765268274
NC(=O)C1=CC=C(NC(=O)C2=CC=C(C=C2)[N+]([O-])=O)C=C1,-4.936725416
CC(=O)C1=CC(=CC2=C1CCC2(C)C)C(C)(C)C,-4.870866208
COC1=CC(NS(=O)(=O)C2=CC=C(C)C=C2)=C2C(=O)C3=CC=CC=C3C(=O)C2=C1N,-5.112570051
CC1=CC(=C(C=C1Cl)N=NC1=C(O)C(=CC2=CC=CC=C12)C([O-])=O)S([O-])(=O)=O,-5.170401078
CC1=CC=C(NC2=CC(C([O-])=O)=C([NH2+]C3=CC=C(C)C=C3)C=C2C([O-])=O)C=C1,-5.070513482
COC1=CC(NC(=O)C2=CC3=CC=CC=C3C=C2O)=C(OC)C=C1Cl,-5.062270146
CCCCC(CC)COC(=O)C(C)=C,-4.805974161
CCCCC(CC)CCl,-4.680882096
NC(=O)C1=CC=C(NC(=O)C2=CC=C(N)C=C2)C=C1,-4.915649994
CCCCCCCCCCCCO,-4.81481019
C=CC(=O)OCCCCCCCCCCOC(=O)C=C,-4.960875455
CC1CC(=O)CC2CCC3C4CCC(O)C4(C)CCC3C12C,-5.006428958
CC1(C)CC2(CC(C)(C)[NH2+]1)OC1(CCCCCCCCCCC1)NC2=O,-5.084664439
CCC(C)(C)C1=CC=C(O)C(=C1)C(C)(C)CC,-4.892804854
ClC(=O)OCCOCCOC(Cl)=O,-4.886549003
OCC1=CC=CC(OC2=CC=CC=C2)=C1,-2.825873142
O=C1CCCCCCCCCCCN1,-2.81950432
COC(=O)C=CC1=CC=CC=C1,-2.73434753
CSC1=CC(SC)=C(N)C(C)=C1N,-2.856925458
COC1=CC=C(C=CC)C=C1OC,-2.778226795
CC1=NC2=C(O)C=CC=C2C=C1,-1.730618615
CC(C)(COCCCOC(=O)C=C)COCCCOC(=O)C=C,-3.04954214
CCCCCOC=O,-1.602059991
COC(=O)C1=CC(=CC=C1)C(=O)OC,-2.825819918
C=CC1=CC=CC=C1,-2.555269616
CCCCCCOC(=O)C(C)=C,-3.755421034
ClC1=CC(Cl)=C(Cl)N=C1Cl,-3.861424691
NC1=NC(=CS1)C1=CC2=CC=CC=C2C=C1,-4.849542252
CCCCCC(CO)CC1=CC=CC=C1,-3.843268562
CCCCCCCCCC=O,-3.725525503
CC(C)=CCCC(C)=CCOC(C)=O,-3.830500177
CC(CCC=C(C)CCC=O)C=C,-3.79357605
COC(=O)C(F)(F)F,-0.647983703
CCOC1=CC(C=O)=CC=C1O,-1.764202268
CC(=O)CCC1=CC=CC=C1,-1.716017996
COC1=CC(NC(=O)CC(C)=O)=C(OC)C=C1Cl,-2.979244778
CC(=O)OCC=CC1=CC=CC=C1,-2.792724534
CC(=O)OC1=CC=C(C=C1C1C(=O)OC2=CC=C(C=C12)C(C)(C)CC(C)(C)C)C(C)(C)CC(C)(C)C,-6.692582562
CCCCC(CC)COC(=O)NC1=CC=C(C)C(NC(=O)OCC[NH+](C)C)=C1,-0.235193825
CCC(C)CCCC(C)(C)O,-2.749344685
ClN1C(=O)[N-]C(=O)N(Cl)C1=O,-0.895160011
NC1=CC(=CC=C1O)S([O-])(=O)=O,-1.829744737
CC12CC(O)C3C(CCC4=CC(=O)CCC34C)C1CCC2(O)C(=O)CO,-3.112109244
CCCCCCCCC=CCCCCCCCC([O-])=O,-3.08883445
CC(CO)CCC1CC=C(C)C1(C)C,-3.842746406
CCCCCCCCCCCC(=O)N(C)C,-3.909307051
CC(C)(C)C1CCC(O)CC1,-3.103262125
CCCCCCCCCCCCCC[NH+](C)C,-3.935692561
CCCCl,-1.45340682
[O-][N+](=O)C1=CC=CC(Cl)=C1,-2.7612723
CC(=O)C1=CC2=CC=CC=C2C=C1,-2.796418719
NC1=CC=C(N=NC2=CC=C(NS(=O)(=O)C3=CC=C(NN=C4C(=O)C5=C(N)C(N=NC6=CC=C(C=C6)[N+]([O-])=O)=C(C=C5C=C4S([O-])(=O)=O)S([O-])(=O)=O)C=C3)C=C2)C(N)=C1,-0.525678621
CC(Cl)CCl,-1.621664713
CCNC1=CC=CC=C1,-1.652077936
CC(C)CCOCCC(C)C,-3.760107067
CN(C1=CC=CC=C1)S(=O)(=O)C1=CC2=CC=C(N)C(N=NC3=CC=C(NC(=O)CCl)C=C3S([O-])(=O)=O)=C2C([O-])=C1,-4.35885707
CC1=CC=C(Cl)C(Cl)=C1,-3.775545726
COC1=CC(=C(OC)C=C1N)S(=O)(=O)NC1=CC=CC=C1,-4.057692864
CC(=O)CC(C1=CC=CC=C1)C1=C([O-])C2=CC=CC=C2OC1=O,-3.062508747
CC1=CC(C=CC1=N)=C(C1=CC=C(N)C=C1)C1=CC=C(N)C=C1,-2.105483191
COC(=O)C1=CC=CC=C1C,-1.756647676
CC(C)=C,-2.32906904
CC(=O)OCC(OC(C)=O)C=C,-0.817681412
NC1=CC=CC(O)=C1,-0.622962848
CCCC1=NC(C)=C2N1NC(=NC2=O)C1=CC(=CC=C1OCC)S(=O)(=O)N1CCN(CC)CC1,-4.843867866
CCCCCCCCC=CCCCCCCCC(=O)NCCC[NH+](C)C,-4.149259389
CC1=C(Cl)C=CC=C1Cl,-3.791936142
O=C1CCCCCCCCCCC1,-3.845829997
CC(C)=CCCC(C)(O)C#C,-1.772080431
CC1=CC=C(C=C1[N+]([O-])=O)C([O-])=O,-2.848098023
COC1=CC=C(C=C1N)S([O-])(=O)=O,-0.899724345
OC1=CC=C(C=C1O)C(=O)C1=CC=CC=C1,-2.92262005
CCN(CCO)C1=CC=C(C=C1)N=NC1=[N+](C)C2=CC=C(OC)C=C2S1,-0.226272691
CCCC1CC(C)(CCO1)OC(C)=O,-2.204723233
CCCCC(CC)C[NH3+],-1.713480463
CC1=CC=C(N)C=C1Cl,-1.753126312
OC1=CC=C(C(O)=C1)C1=C([O-])C(=O)C2=C(O)C=C([O-])C=C2O1,-3.082409058
CC(C1=CC=C(O)C=C1)(C1=CC=C(O)C=C1)C1=CC=C(O)C=C1,-4.086559757
CC1=CC=C(Cl)C=C1Cl,-3.808969481
COC1OC(COS(=O)(=O)C2=CC=C(C)C=C2)C2OC(C)(C)OC12,-4.156442533
COC1=CC=CC=C1C,-2.689083393
[O-]C(=O)CC1=CC=C(Cl)C=C1Cl,-2.91914164
CC(C)(C1=CC=C(O)C=C1)C1=CC=C(O)C=C1,-5.029134765
CCC([O-])=O,-2.823279191
ClC1=CC=C(C=C1)C#N,-2.749354496
[O-][N+](=O)C1=CC=C(Cl)C=C1,-2.811828673
CC(C)C1=CC=C(C=O)C=C1,-2.785256582
CC(=C)C(=O)OCCCCOC(=O)C(C)=C,-2.969024542
CCC(=O)C1=CC=CC(Cl)=C1,-1.84670557
C(OC1=CC=CC=C1)C1CO1,-1.796392183
[O-]C(=O)CCCCCCCC([O-])=O,-1.894461449
O=C1CCCCCCCCCCOCCCCO1,-4.0179592
CC(C)CCCC(C)CC=O,-3.806483007
S=C(NC1=CC=CC=C1)NC1=CC=CC=C1,-3.971688427
CC12CCC3C(CCC4=C3CCC(=O)C4)C1CCC2=O,-4.054976729
COC1=CC=C(Cl)C=C1,-2.779325494
CC1CC2C3CC(F)C4=CC(=O)C=CC4(C)C3C(O)CC2(C)C1C(=O)CO,-3.203737155
[O-]S(=O)(=O)C1=CC=CC(=C1)N=NC1=CC=C(NC2=CC=CC=C2)C=C1,-1.204686091
CNC(=O)N(C1=CC=CC=C1)C1=CC=CC=C1,-2.983946158
NC1=CC=CC=C1C1=CC=CC=C1,-2.861113735
[O-]C(=O)C1CCC(CC1)C([O-])=O,-0.872370724
CCC1=C2NC=C(CCO)C2=CC=C1,-1.91532641
CCOC(C)OC(C)(CCC=C(C)C)C=C,-3.976401784
O=C(C1=CC=CC=C1)C1=CC=CC=C1,-3.882202908
CCCC(=O)OC(C)C1CCCCC1,-3.920758898
CCC1(CC=C2CCCC3=CC(OC)=CC=C23)C(O)CCC1=O,-4.122768724
CCC(C)C1=CC=CC=C1,-3.758607848
CC(=O)NC1=CC=CC(NC2=CC(=C(N)C3=C2C(=O)C2=CC=CC=C2C3=O)S([O-])(=O)=O)=C1,-4.307910861
CC(=O)OC(C)(C)C1CCC(C)=CC1,-3.931170339
CC(C)=CCCC(C)=CCCC(C)(O)C=C,-3.985352266
CC(=C)C(=O)OCCCCCCOC(=O)C(C)=C,-4.043662925
NC1=CC=C(C=C1)C(F)(F)F,-2.847330143
CC[N+](CC)(CC)CC1=CC=CC=C1,-0.007265664
[O-]C(=O)CCCCCCCCC([O-])=O,-3.041064725
CCCCOCCOCCOC(=O)C(C)=C,-2.015948507
OC1=CC=C(C=C1)C(C1=CC=C(O)C=C1)(C(F)(F)F)C(F)(F)F,-3.179502969
CC(=O)C1=CC=CC2=CC=CC=C12,-2.884634649
CC(C)C1=CC=C(N)C=C1,-1.785831196
COC1=CC=C(N)C=C1,-0.748029368
CCCCCO,-0.602799636
COC1=CC=C(C=C1N)[N+]([O-])=O,-1.883279356
CC(=C)C(=O)OCC=C,-1.758481787
CC(C)(C)C1=CC(CO)=CC(=C1O)C(C)(C)C,-4.012782104
CC(C)CCOCCC1=CC=CC=C1,-3.933735783
OC1=C(C=O)C2=CC=CC=C2C=C1,-3.89356759
NC1=NC(N)=C(N=O)C(N)=N1,-3.845472951
ClCC=CCl,-1.706753006
CNC(=O)C1=CC(OC2=CC=C(NC(=O)NC3=CC=C(Cl)C(=C3)C(F)(F)F)C=C2)=CC=N1,-6.667295084
COCC1=CC=C(O)C(OC)=C1,-1.893447681
CCCCCC1COCCC1OC(C)=O,-2.998795888
NC1=CC=C(N=NC2=CC=CC=C2)C(N)=C1,-2.997665561
COC1=CC=C(O)C(=C1)C(C)(C)C,-2.927488442
C1CC(CC[NH2+]1)N1CCOCC1,-2.902722822
OC1=CC(C=O)=CC(=C1[O-])[N+]([O-])=O,-1.937833911
CCOC(=O)C(C)(C)C1=CC=CC=C1,-3.045838317
CC1=CC=C(N)C(=C1)[N+]([O-])=O,-1.860061225
S=C=S,-1.559422096
COC(=O)C1=CC=CC=C1,-1.811798351
CCCCCCCC(OC)OC,-2.918005419
C1C[NH2+]CCNCC[NH2+]CCN1,-0.031020416
C=CCCCCCCCCC=O,-3.8931862
C[NH+]1C(C)(C)CC(CC1(C)C)OC(=O)CCCCCCCCC(=O)OC1CC(C)(C)[NH+](C)C(C)(C)C1,-4.611221235
CC(C)CC1=CC=C(C=C1)C(C)C([O-])=O,-3.992248355
[O-][Cl](=O)(=O)=O,-1.766528496
CCNC1=NC(NC(C)C)=NC(SC)=N1,-3.047039957
COC1=CC=CC(=C1)C(C)=O,-1.869107387
N1C=NC2=CC=CC=C12,-1.769197233
O=C1NC(=O)[N-]C(=O)N1,-1.807646076
ClCCCN1C(=O)NC2=CC=CC=C12,-3.020394269
ClC1=CC=CC=N1,-0.754145669
OC1=CC(Cl)=CC=C1Cl,-1.911165602
NS(=O)(=O)C1=CC=C([O-])C(=C1)N=NC1=C(O)C2=CC=C(NC3=CC4=CC(=C(N=NC5=CC(=CC=C5[O-])S(N)(=O)=O)C(O)=C4C=C3)S([O-])(=O)=O)C=C2C=C1S([O-])(=O)=O,-2.710489277
CCCCC(CC)COC(=O)CCCCCCCCC(=O)OCC(CC)CCCC,-3.329074326
CC[NH+](CC)CCNC(=O)C1=CC(Cl)=C(N)C=C1OC,-3.225649088
CC12CCC3C(CCC4=CC(=O)CCC34C)C1CCC21CCC(=O)O1,-4.225003779
CCC(COC(=O)C(C)=C)(COC(=O)C(C)=C)COC(=O)C(C)=C,-4.226234297
CC(C)C1=CC=C(O)C=C1C,-2.854511354
COC1CC(C)CCC1C(C)C,-3.930174452
CC1=CCC2C(C1)C2(C)C,-4.670405271
O=C1CCCCCCCCCCC=CCC1,-4.883187113
CC1=CC=CC=C1OC1=CC=CC=C1C,-4.843927714
CC(C)C1=CC=CC2=CC=CC=C12,-4.782393555
CCC(CC1=CC=C(C)C=C1)([NH+](C)C)C(=O)C1=CC=C(C=C1)N1CCOCC1,-5.133233152
COC1=CC=C(C=C1[N+]([O-])=O)C(=O)NC1=CC=CC=C1,-4.987825809
O=C1NC(=O)[N-]C(=O)N1,-4.975513502
[O-][N+](=O)C1=CC=CC=C1C1=CC=C(Cl)C=C1,-4.937209456
CC1CC2=C(CC1(C)C(C)=O)C(C)(C)CCC2,-4.941791315
CCCCC(CC)C([O-])=O,-3.435168605
NC1=CC(Cl)=CC=C1OC1=CC=C(Cl)C=C1Cl,-5.045264286
CCCCCCOC(=O)CCCCC(=O)OCCCCCC,-5.082600349
CC1=C(Cl)C=C(C=C1S([O-])(=O)=O)N=NC1=C(O)C(=CC2=CC=CC=C12)C([O-])=O,-5.306582846
CC1CCC2=C1CC(CCC2C)C(C)(C)OC(C)=O,-5.022602512
CCCCC(CC)CCCCCC(C)CCCC([O-])=O,-5.056117837
CC(C)CCCC(C)CCCC(C)(O)C#C,-4.953059619
FC(F)=C(F)OC(F)(F)C(F)(F)F,-4.954296793
CC(=C)CC(C)(C)C,-4.688326948
N(C1=CC=CC=C1)C1=CC=CC=C1,-5.087662615
O,-5.130514687
CC(C)(C)OOC(C)(C)C#CC(C)(C)OOC(C)(C)C,-5.114568529
CCCCCCC(CCCC)C([O-])=O,-4.959305967
CCCCC(CC)COC(=O)C1=CC=C(N)C=C1,-5.054393659
CCCCCCC(O)CCCCCCCCCCC([O-])=O,-5.463097207
CCCCCCCCCCCCCCCCCC([O-])=O,-5.440787474
CCCCOC(=O)CCC(C)(OOC(C)(C)C)OOC(C)(C)C,-5.189881345
ClC1=C(Cl)C(=O)C2=CC=CC=C2C1=O,-5.023776406
CC1(C)C2CCC1(C)C(=O)C2,-5.438370605
COC1=CC=CC=C1NC(=O)C1=CC2=CC=CC=C2C=C1O,-5.176510186
ClC1=CC=CC=C1C(Cl)(Cl)Cl,-5.043933097
CCCCCCCCCCOC(C)=O,-4.985758302
CN(CCOC(=O)C=C)S(=O)(=O)C(F)(F)C(F)(F)C(F)(F)C(F)(F)F,-5.308746093
CCCCC(C#N)C1=CC=CC=C1,-3.662354453
FC(F)(F)C(Cl)(Cl)Cl,-4.333192393
CC(C)CCCCCCCCCCO,-5.000794033
CCOC1=CC=CC=C1NC(=O)C1=CC2=CC=CC=C2C=C1O,-5.186601809
CC(C)OC(=O)CCCCCCCCC(=O)OC(C)C,-5.155961214
CCCCCCOC(=O)C1=CC=CC=C1O,-5.045878208
CCCCCCC(O)CCCCCCCCCCCO,-5.156094631
ClC1=C(Cl)C(=O)C(Cl)=C(Cl)C1=O,-5.089686144
CCN(CCCl)C1=CC=C(C=O)C=C1,-3.033448375
CCC(=O)OCCC(C)C,-2.870073641
CC(=C)C1CC(CCC1(C)C=C)C(C)(C)O,-3.059278372
CC(=O)C(=N[N-]C1=CC(=CC(=C1O)S([O-])(=O)=O)[N+]([O-])=O)C(=O)NC1=CC=CC=C1,-3.542587387
CCCCCC(O)C=C,-1.821931715
FC(F)=C(F)C(F)(F)F,-2.888798283
CCC12CCC3C(CCC4=CC(OC)=CC=C34)C1CCC2O,-4.875700653
CC(C)(C1CCC(O)CC1)C1CCC(O)CC1,-3.097609749
[O-]S(=O)(=O)C1=CC=C(NN=C2C(=O)C=CC3=CC(=CC=C23)S([O-])(=O)=O)C=C1,-1.376746915
CC(F)(F)Cl,-1.723390854
COC(=O)C1=CC(=CC(=C1)[N+]([O-])=O)C([O-])=O,-2.073729924
FCF,-1.437441792
CC(CN=CC1=CC=CC=C1O)N=CC1=CC=CC=C1O,-3.172023424
CCCCCCCCCC1=CC2=CC=CC=C2C(=C1CCCCCCCCC)S([O-])(=O)=O,-4.674472917
CC(C)OC1=CC=C(C=C1)S(=O)(=O)C1=CC=C(O)C=C1,-4.171445785
ClC1=CC(C2=NC3=CC=C4C(=O)C5=CC=CC=C5C(=O)C4=C3N2)=C(Cl)C=C1C1=NC2=CC=C3C(=O)C4=CC=CC=C4C(=O)C3=C2N1,-4.524775941
CC(CCOC(C)=O)CC(C)(C)C,-3.989167832
ClC(=O)C1=CC=C(C=C1)C(Cl)=O,-4.028793779
CC(=C)C(=O)OCC1CCCO1,-0.952455004
CC12CCC3C(CCC4=CC(=O)CCC34)C1CCC2=O,-3.156500662
CC(=C)C(=O)OCC1=CC=CC=C1,-2.968204541
CCOC(=O)OCC,-0.798209708
CC=CC(=O)C1=C(C)C=CCC1(C)C,-3.005248988
[O-][N+](=O)C1=CC=C(Cl)C=C1Cl,-3.009145641
CC(=C)C1CC=C(C)C(=O)C1,-1.90265366
CC12CCC3C(CCC4=CC(=O)CCC34C)C1C(O)CC2=O,-2.213096942
COC1=CC(Cl)=C(OC)C=C1N,-3.006121292
CCCC(=O)OCCC(C)C,-2.932852123
[O-]S(=O)(=O)CCC[NH2+]C1CCCCC1,-3.080206763
CCCCCC(C=O)=CC1=CC=CC=C1,-3.046658418
OC(O)C(Cl)(Cl)Cl,1.037167298
COC1=CC(=C(C)C=C1NN=C1C(=O)C=CC2=CC(=CC=C12)S([O-])(=O)=O)S([O-])(=O)=O,-0.440585514
OC1=CC(=CC(=C1)C([O-])=O)C([O-])=O,-2.005111367
[O-]S(=O)(=O)C1=CC(NC2=NC(NC3=CC=CC=C3)=NC(=N2)N2CCOCC2)=CC=C1C=CC1=CC=C(NC2=NC(NC3=CC=CC=C3)=NC(=N2)N2CCOCC2)C=C1S([O-])(=O)=O,-2.710838239
CC(C)OC(=O)CCCCC(=O)OC(C)C,-3.107028976
CCCCCC1(C)CCC(C)(C)C1=O,-4.016533711
OC1CCCCCCCCCCC1,-3.989117726
OCCC(F)(F)C(F)(F)C(F)(F)C(F)(F)C(F)(F)C(F)(F)F,-4.287064023
CC1(C)C[NH2+]CC(C)(C)C1OC(=O)CCCCCCCCC(=O)OC1C(C)(C)C[NH2+]CC1(C)C,-4.40774699
CC(CCCC(C)(C)OC(C)=O)C=C,-4.030164126
CC(C)COC(=O)C1CCCCC1C(=O)OCC(C)C,-4.19123514
CC1CC(CC(C)(C)C1)OC(=O)C=C,-4.030447085
O=C(C1CCCCC1)C1=CC=CC=C1,-4.014709735
ClC1=CC=CC(Cl)=C1Cl,-4.003482074
CC(=O)C(=N[N-]C1=CC=C(C=C1[N+]([O-])=O)S([O-])(=O)=O)C(=O)NC1=CC=CC=C1,-4.674562122
COC(=O)C1=C(C)C=C(O)C(C)=C1O,-4.037430925
NC1=CC=C(C=C1Cl)C1=CC=C(N)C(Cl)=C1,-3.26286953
CC(C)C1(O)CCC(C)=CC1,-1.94099707
F[N+]12CC[N+](CCl)(CC1)CC2,-0.303811902
COC1=CC=C(OC)C(=C1)[N+]([O-])=O,-3.01732508
[O-][N+](=O)C1=NNC(=O)[N-]1,-0.87862532
CC1=CC2=C(NC(=O)N2)C=C1N,-1.977138482
CC(C)(C)OOC(C)(C)C,-2.93204037
CCOC(=O)C=CC1=CC=CC=C1,-3.013046764
CC1=CC=C(NC2=CC=C(O)C3=C2C(=O)C2=CC=CC=C2C3=O)C(=C1)S([O-])(=O)=O,-2.402393281
O=C1NSC2=CC=CC=C12,-1.947289546
CSC1=CC=C(C=C1)C(=O)C(C)(C)N1CCOCC1,-4.193381143
CC1(C)C2CCC3(C2)C1C(=O)CCC3(C)C,-4.097612213
CCCCC(CC)C(=O)OOC(C)(C)CC,-4.116871778
COC1(CCCCCCCCCCC1)OC,-4.125654352
S=C1NN=C(SSC2=N[N-]C(=S)S2)S1,-3.252213315
CCCCCCCC(C)=O,-2.930311379
CC1=CC=C(C=C1[N+]([O-])=O)[N+]([O-])=O,-3.040285322
OCCCNC1=CC=C(O)C=C1[N+]([O-])=O,-2.11058971
CCCCCC1CC(=O)C=C(C)C1C(=O)OCC,-3.187166345
C[N+](C)(C)C1=CC=C2C=CC(=O)C(=NNC3=CC=C(N)C(=C3)[N+]([O-])=O)C2=C1,-1.39724242
CC1=CC=CC=C1C,-2.81916776
CC1=CC=C(C)C=C1,-2.81916776
O=C1NC(=O)C2=C1CCCC2,-1.974517726
CC(C)C(=O)OCCC1=CC=CC=C1,-3.079764438
CC(=O)C=CC1=C(C)CCCC1(C)C,-3.079863818
CCCCCCCCCC[NH+](C)C,-4.045287835
O=CCCC=C1CC2CC1C1CCCC21,-4.090187913
CCCCCCC(C)(C)S,-3.990160109
CC(CCOC=O)CCC=C(C)C,-4.055960832
CCCCCCCCCC1=CC2=CC=CC=C2C(=C1CCCCCCCCC)S([O-])(=O)=O,-4.788424219
CCCCCCCCC(C)C=O,-4.027084465
COC(=O)C1CC(=O)C(CC1=O)C(=O)OC,-4.154195657
CC(C)(C1=CC=C(O)C=C1)C1=CC=C(O)C=C1,-4.374400038
CN1COCNC1=N[N+]([O-])=O,-1.002292328
OCC1OC(C(O)C1O)N1C=NC2=C1NC=NC2=O,-1.229848644
CC1=CC=C(C)C(O)=C1C,-1.935500888
CC1=CC(C)=CC=C1,-2.832869038
CCCCCCCC(=O)NCC([O-])=O,-2.111537593
CC(=O)OC1C2(C)CCC(C2)C1(C)C,-3.874596884
[O-]C(=O)C(NC(=O)OCC1=CC=CC=C1)C1CCCCC1,-3.285433603
CC1=C(C=CC(C)(O)C=C)C(C)(C)CCC1,-3.164147933
CCCCCC#CC(=O)OC,-3.009132774
CC1=CC=CC(=C1C)[N+]([O-])=O,-3.003359989
OC1=CC=CC=C1C(=O)OC1=CC=CC=C1,-3.154768756
CC(CCOC(C)=O)CCC=C(C)C,-4.09593873
FC(F)(F)C(F)(F)C(F)(F)C(F)(F)C=C,-4.197937601
O=C(CC1=CC=CC=C1)OCCC1=CC=CC=C1,-4.188747793
CCC(COCC(CC)(COC(=O)C=C)COC(=O)C=C)(COC(=O)C=C)COC(=O)C=C,-4.492785524
C=CC(=O)OCCN1C(=O)N(CCOC(=O)C=C)C(=O)N(CCOC(=O)C=C)C1=O,-2.451419462
CCCCCCCC([O-])=O,-3.200000781
CC(C)C1=CC=C(C=C1)C#N,-2.988795303
C=CCOC(=O)C1=CC=CC=C1C(=O)OCC=C,-3.221135687
[NH2+]=C(NC1=CC=CC=C1)NC1=CC=CC=C1,-2.157516386
CC(C)(C)S,-1.787845868
CC1CC(O)CC(C)(C)C1,-1.991659848
CN(C)C1=CC=CC=C1,-1.922073697
COC1=CC(=C(OC)C=C1Cl)[N+]([O-])=O,-3.179312365
CCCCCCCC[NH+]=C1C=CN(CCCCCCCCCCN2C=CC(C=C2)=[NH+]CCCCCCCC)C=C1,-1.642786266
O=CC=CC1=CC=CC=C1,-1.968818258
CN(CCO)S(=O)(=O)C(F)(F)C(F)(F)C(F)(F)C(F)(F)F,-3.403685043
CC12CCC(C)(CCC1)C2=NO,-3.074152207
CC(=O)NC1=CC=C(O)C=C1,-1.033323213
[O-]C(=O)C=CC([O-])=O,-2.084067899
CC=CC(=O)C1C(C)=CCCC1(C)C,-3.137855765
CC1=CC(=CC=C1N)[N+]([O-])=O,-3.036152484
CCCCCCCCCO,-3.013011871
CCCOC(=O)C1CCCCC1C(=O)OCCC,-3.262691733
CC1=CC=C2N=C(SC2=C1S([O-])(=O)=O)C1=CC=C(N)C=C1,-4.332499462
O=C1CCCCCCCCCCCC(=O)OCCO1,-4.261695179
OC1=CC(Cl)=CC=C1OC1=CC=C(Cl)C=C1,-4.239393124
CC(C)=CCC=C(C)C=C,-3.972930257
CC(CC(=O)OOC(C)(C)C)CC(C)(C)C,-4.210096102
NC1=NC([N-]C2=NC(N)=[NH+]C(N)=N2)=NC(N)=[NH+]1,-4.225336978
CCCCOC(=O)CSCSCC(=O)OCCCC,-4.343077858
COC(=O)C1CC2(CCC1(C)C=C2)C(C)C,-4.200866126
CC1CCCCC1,-3.845934801
CC(C)(OO)C1=CC=CC=C1,-1.039379878
O=C(OCC1CCC2OC2C1)C1CCC2OC2C1,-1.26048469
COC(=O)OC,0.185260351
CC(=C)C(=O)OC1CCCCC1,-3.088564823
CCC(=O)OCCC1=CC=CC=C1,-3.117444335
CCCC(=O)OCC1=CC=CC=C1,-3.117444335
CC(=O)NC1=CC=C(N)C(=C1)S([O-])(=O)=O,-1.231856439
NOS([O-])(=O)=O,0.07528272
CCC=CCCOC(=O)OC,-3.069830648
C1CC2CC1C=C2,-2.847721205
CC1=CC=C(C(C)=C1)[N+]([O-])=O,-3.055599607
[O-]C(=O)CSC1=NC2=CC=CC=C2S1,-3.228897985
CC(C)(C)C1=CC=C(CCC=O)C=C1,-3.158832906
[O-]C(=O)C1=CC(=CC(=C1)[N+]([O-])=O)[N+]([O-])=O,-2.207649723
CC1(C)CC(CC(C)(C)[NH2+]1)N(CCCCCCN(C=O)C1CC(C)(C)[NH2+]C(C)(C)C1)C=O,-1.539955769
NNC(N)=S,-0.845760907
CCCCC(CC)C1OCCO1,-3.119596868
CCC(C)(C)OOC(C)(C)CC,-4.100435339
CCC(=O)C=CC1=C(C)CCCC1(C)C,-4.187455475
CC(C)C(OC(=O)C(C)C)C(C)(C)COC(=O)C(C)C,-4.333139569
CCC(=O)OC1CCC(CC1)C(C)C,-4.173484214
CCC1(C)OOC(C)(CC)OOC(C)(CC)OO1,-4.304855444
OC12COC(OC1C1OC(OCC1O2)C1=CC=CC=C1)C1=CC=CC=C1,-4.437962659
CCOC(=O)C1=CC(=O)N([N-]1)C1=CC=CC=C1,-3.255345443
C=CCCCCCC=O,-1.997252193
[O-]C(=O)C(C1=CC=CC=C1)C1=CC=CC=C1,-3.223039886
CC(C)OC(Cl)=O,-0.988291129
OC1=CC=CC=C1C([O-])=O,-0.107492169
CC(=O)OC(=C)C1=CC=CC=C1,-2.113595388
CCOC(=O)CC1(C)OCC(C)O1,-2.179887223
ClC1=CC(Cl)=CC=C1,-3.072159801
CC1=CC=CC=C1CCO,-1.042878011
OC1=CC=C(Cl)C(O)=C1,-1.070567643
CC1(C)C2CC1C(=C)C(O)C2,-2.09612479
CC(C)C1CCC(O)CC1,-2.068094275
[O-][N+](=O)C1=CC=C(Cl)C(Cl)=C1,-3.20051812
CC1=NN(C(=O)C1N=NC1=CC=C(C=C1)S([O-])(=O)=O)C1=CC(Cl)=C(C=C1Cl)S([O-])(=O)=O,-0.66054277
OC(CC([O-])=O)(CC([O-])=O)C([O-])=O,0.660921397
NC1=CC=C(C=C1S([O-])(=O)=O)N=NC1=CC=C(C=C1)S([O-])(=O)=O,-0.524323625
C=CC(=O)OCCCOCC(COCCCOC(=O)C=C)OCCCOC(=O)C=C,-2.552747282
CC(=O)NC1=CC=C(C=C1)S(=O)(=O)CCO,-2.306932302
C#C,-1.336426377
CCC(=O)C1=CC=CC=C1,-2.048500068
CC(C)(C)C1=CC=C(C=O)C=C1,-3.130955276
NC1=CC2=CC=C(C=C2C=C1)S([O-])(=O)=O,-3.269616058
CCC(=O)CCC1C(C)=CCCC1(C)C,-4.321905689
CCCCC(CC)CO[N+]([O-])=O,-4.146693491
CCOC1CC(C)CC(C)(C)C1,-4.134294434
CC(C)CCCCCOC(=O)C=C,-4.170655467
O=C1N(SC2CCCCC2)C(=O)C2=CC=CC=C12,-4.323794172
CC1=CC(C)=C(C(C)=C1NC1=CC=C(NC2=C(C)C=C(C)C(=C2C)S(=O)(=O)NC2CCCCC2)C2=C1C(=O)C1=CC=CC=C1C2=O)S(=O)(=O)NC1CCCCC1,-4.818703465
CC1=CC(=C(O)C(C)=C1CC#N)C(C)(C)C,-4.257902463
O,-4.57167099
CC(C)(C)CC(C)(C)CC([O-])=O,-3.534288097
CC(CCC=C(C)C)CC#N,-3.104157036
CC(=O)OC1=CC=CC=C1[N+]([O-])=O,-2.185523911
CCOC1=CC(NC(=O)C2=CC=CC=C2)=C(OCC)C=C1N,-2.405757197
S=C1[N-]C2=CC=CC=C2S1,-3.151504892
O=C1CCN(N1)C1=CC=CC=C1,-1.144823301
CC1=CC=CC=C1CCl,-3.081326924
CC(=C)C1=CC=CC=C1,-3.008082322
COC1=CC(CC=C)=CC=C1O,-2.153177924
CCCCCCCCCCCCCCCCCC,-3.529803064
FC1=CC(F)=CC=C1,-2.000357955
OC([O-])=O,-2.179682789
CCC=CCCOC(=O)C(C)C,-3.174187371
CC1=CC(C)=C(C(C)=C1NC1=CC=C(NC2=C(C)C=C(C)C(=C2C)S([O-])(=O)=O)C2=C1C(=O)C1=CC=CC=C1C2=O)S([O-])(=O)=O,-2.820609377
CC1C(C)(C)C2=C(C(=O)CCC2)C1(C)C,-3.265342251
CC(C)(C1=CC=C(OCCO)C=C1)C1=CC=C(OCCO)C=C1,-3.451790553
CC(C)[NH2+]C(C)C,0.036242214
CC1OC(OC2C(O)C(O)C(CO)OC2OC2=CC(O)=C3C(=O)CC(OC3=C2)C2=CC=C(O)C=C2)C(O)C(O)C1O,-2.722438715
[O-]C(=O)C([O-])=O,-2.274008719
OC([O-])=O,-2.884501857
CC(C)COC(=O)C1=CC=CC=C1C(=O)OCC(C)C,-4.383890265
CC(CCNC(=O)OCCOC(=O)C(C)=C)CC(C)(C)CNC(=O)OCCOC(=O)C(C)=C,-4.619923834
CCC(CC)CC1(CCCCC1)C([O-])=O,-4.281694517
CCCCOC(=O)C=CC(=O)OCCCC,-4.313551537
CC(=C)C(=O)OCCOC(=O)C(C)=C,-2.261313265
C[NH3+],-1.796002246
CC1=CC=CC(C)=C1C,-3.51623781
OC1=CC=C(C=C1)C(=O)OCC1=CC=CC=C1,-3.324981323
N#CC=CC1=CC=CC=C1,-2.082970342
NC1=CC=CC(=C1)S(=O)(=O)CCOS([O-])(=O)=O,-1.423880849
CC(=O)C=CC1C(C)=CCCC1(C)C,-3.258677936
CCOC=O,0.151494188
NC1=CC(=CC=C1C([O-])=O)S([O-])(=O)=O,-1.315674521
[NH3+]CCC1=CC=C(O)C=C1,-1.116107831
CN(C1CCCCC1)S(=O)(=O)C1=CC=CC=C1NN=C1C(=N)C=CC2=CC(=CC(O)=C12)S([O-])(=O)=O,-2.711685939
CCCCOCCOC(=O)C1=CC=CC=C1,-3.322422536
COC1=CC(=CC=C1N)[N+]([O-])=O,-3.204512738
[O-]C(=O)CN(CCCN(CC([O-])=O)CC([O-])=O)CC([O-])=O,-1.469072537
OC1=CC(F)=C(F)C(F)=C1,-0.153609692
CCCCCC([O-])=O,-1.052219379
CCCCOC(=O)CC(O)(CC(=O)OCCCC)C(=O)OCCCC,-3.545270972
CC1C=C(C)CCC1COC(C)=O,-3.250398558
CCCCC(CC)COC(=O)CC#N,-3.286478485
[O-]S([O-])(=O)=O,-3.979450176
CC1(C)SC2C(NC(=O)C([NH3+])C3=CC=CC=C3)C(=O)N2C1C([O-])=O,-1.539016442
NC1=CC=C(CC2=CC=C(N)C=C2)C=C1,-2.292933442
CCOC1=CC=C2NC(C)(C)C=C(C)C2=C1,-3.332762335
CCCCCCCCC=O,-3.148706476
[NH3+]CC1=CC=CO1,1.012704742
OCC(F)(F)F,0.999830658
CCOCCOCCOC(C)=O,0.75396452
OCCCCO,1.045169179
OCC(O)CO,1.035768664
CC[N+](CC)(CC)CC,0.677452007
CC[N+](CC)(CC)CC,0.780656524
OO,0.468342293
CC1=CC(C=C(C1=N)S([O-])(=O)=O)=C(C1=CC=C(N)C(=C1)S([O-])(=O)=O)C1=CC=C(N)C(=C1)S([O-])(=O)=O,-1.767563244
CC1=CC=C(C([O-])=O)C(O)=C1,-1.182269102
OC1=CC=C(C=C1C([O-])=O)[N+]([O-])=O,-2.262733408
CC1=CC=C(C=C1C)[N+]([O-])=O,-3.179451248
ClCC1=CC=CC=C1Cl,-3.20690949
N#CCC1=CC=CC=C1,-3.068746
CC1=CC(CC2=CC(C)=C(O)C(C)=C2)=CC(C)=C1O,-3.408824851
CCCCCCCCCCCCOS(=O)(=O)C1=CC=CC=C1,-3.543437239
CCCCCCCCCCCCCO,-3.301824028
OC(CC([O-])=O)(CC([O-])=O)C([O-])=O,-4.55976264
CCOC(=O)OC1CCCCC1C(C)(C)C,-4.321140283
CN(C)C(=O)C(CC[NH+]1CCC(O)(CC1)C1=CC=C(Cl)C=C1)(C1=CC=CC=C1)C1=CC=CC=C1,-4.673121562
CCCCCC(=O)OC(=O)CCCCC,-4.296805043
CCCCCCCCCC(C)=O,-4.20182067
CC(C)(C)OOC(C)(C)C1=CC=CC=C1,-4.29093415
CC(C)CCCCCOC(=O)CS,-4.285036897
C=CCCCCC=C,-4.02327315
CC(=O)OC1CCCCC1C(C)(C)C,-4.297335855
OC1=CC(Cl)=CC=C1OC1=CC=C(Cl)C=C1Cl,-4.46171607
CCCCCCCCCCCCCCCCCC(=O)NCCC[NH+](C)C,-4.566614238
[O-]S(=O)(=O)C1=CC=C(C=C1)N=NC1=CC=C(NN=C2C(=O)C=CC3=CC=CC=C23)C=C1,-4.65844166
CC12CCC(CC1)C(C)(C)O2,-5.335685932
CCCCCCCCCCCCO,-4.984746452
[S-]C#N,-4.80401091
CC(=C)C(=O)OCCOC1=CC=C(C=C1)C(C)(C)C1=CC=C(OCCOC(=O)C(C)=C)C=C1,-5.379201886
CC12CCC3C(C)(C)CCCC3(C)C1CCO2,-5.099487786
CC12CCC3C(C)(C)CCCC3(C)C1CCO2,-5.099487786
CCCCCC(=CC1=CC=CC=C1)C(OCC)OCC,-5.172056518
CC(=O)CC(=O)NC1=CC=C(C=C1C)C1=CC=C(NC(=O)CC(C)=O)C(C)=C1,-5.325018234
CC(=O)NC1=CC=C(NC(=O)C2=CC3=CC=CC=C3C=C2O)C=C1,-5.250349512
CC1=CC=C(Cl)C=C1NC(=O)C1=CC2=CC=CC=C2C=C1O,-5.238559032
CC(C)(C)NSC1=NC2=CC=CC=C2S1,-5.136722389
CCCC(=O)OCCC(C)CCC=C(C)C,-5.142612081
COC1=CC=C(NC(=O)C2=CC3=CC=CC=C3C=C2O)C=C1,-5.263224655
CC(C1=CC=C(OC#N)C=C1)C1=CC=C(OC#N)C=C1,-5.217950889
CCCCCCCCCCCC=O,-5.061459548
CCC1(C)NC2=CC=CC3=CC=CC(N1)=C23,-3.247760565
CCCCC(CC)C(=O)OCCOCCOCCOC(=O)C(CC)CCCC,-5.420152134
CC(C)(O)C(=O)C1=CC=C(C=C1)C1(C)CC(C)(C)C2=CC(=CC=C12)C(=O)C(C)(C)O,-5.827328879
NC1=C(C=CC2=C1C(=O)C1=CC=CC=C1C2=O)C1=NC2=CC3=C(C=C2O1)C(=O)C1=CC=CC=C1C3=O,-5.496412982
CCOC1=CC=C(NC(=O)C2=CC3=CC=CC=C3C=C2O)C=C1,-5.311540545
COC1=CC(OC)=C(NC(=O)C2=CC3=CC=CC=C3C=C2O)C=C1Cl,-5.377540581
O=C(NC1=CC=CC2=C1C(=O)C1=C(C3=C(C=C1)C1=C(N3)C3=C(C(NC(=O)C4=CC=CC=C4)=C1)C(=O)C1=CC=CC=C1C3=O)C2=O)C1=CC=CC=C1,-5.647161854
COC1=CC=C(C=C1)C(=O)CSC1=CC=CC(OC)=C1,-5.284725265
[O-]C1=C2C(=CC=C3C4=C5C(=CC=C6C7=CC=CC=C7C(=O)C(C=C4)=C56)N=C23)C(=O)C2=CC=CC=C12,-5.506567843
CC(C)C1CCC(C)=CC1,-5.010343937
[O-]C(=O)CCCCCNC1=NC(NCCCCCC([O-])=O)=[NH+]C(NCCCCCC([O-])=O)=N1,-2.542361308
CC(C)CCCCCCCOC(=O)C=C,-5.199912698
CCCCCCCCCC(C)C=O,-5.151636178
CN(C)C1=CC=C(C=C1)C(C1=CC=C(C=C1)N(C)C)C1=CC=C(C=C1)N(C)C,-5.458398413
O=C1C2=CC=CC(SC3=CC=CC=C3)=C2C(=O)C2=C(SC3=CC=CC=C3)C=CC=C12,-5.517335043
CC1=CC(=CC=C1O)C1(CCCCC1)C1=CC=C(O)C(C)=C1,-5.371522306
CC1=CC=C(N=NC2=C(O)C(=CC3=CC=CC=C23)C([O-])=O)C(=C1)S([O-])(=O)=O,-5.548642222
CCCCC(CC)COC(=O)C=CC(=O)OCC(CC)CCCC,-5.456575257
CC(C)(COC(=O)C1=CC=CC=C1)COC(=O)C1=CC=CC=C1,-5.422780359
CCOCOC1CCCCCCCCCCC1,-5.335319968
CC(C)CCOC(=O)C1=CC=CC=C1C(=O)OCCC(C)C,-5.444898911
CCN(CC)C([S-])=S,-5.533333117
N1C2=C(C=CC=C2)C2=C1C=CC=C2,-5.21042762
O=C(OC1CCCCC1)C1=CC=CC=C1C(=O)OC1CCCCC1,-5.512605542
CC(=O)OC1(CCC2C3CCC4=CC(=O)CCC4(C)C3CCC12C)C(C)=O,-5.566810733
CCCCCCCCC=CCCCCCCCC(=O)N(CCO)CCO,-5.567720212
CCOC(=O)C(=CC1=CC=C(C=C(C(=O)OCC)C(=O)OCC)C=C1)C(=O)OCC,-5.621635269
O=C(OCCC1=CC=CC=C1)C=CC1=CC=CC=C1,-5.401939627
CCCCCCCCCCCCCCCCCC(=O)NCCO,-5.515281581
OC1=CC2=CC=CC=C2C=C1C(=O)NC1=CC=C(Cl)C=C1,-5.473838643
CCCCC(CC1=CC(=C(O)C(=C1)C(C)(C)C)C(C)(C)C)(C(=O)OC1CC(C)(C)[NH+](C)C(C)(C)C1)C(=O)OC1CC(C)(C)[NH+](C)C(C)(C)C1,-5.835720369
CC1CCC2C(C)(C)C3CC12CCC3(C)OC(C)=O,-5.426641039
CCCCCCC(O)CCCCCCCCCCC([O-])=O,-5.488370089
O=C1N2C3=CC=CC=C3N=C2C2=C3C1=CC=C1C(=O)N4C5=CC=CC=C5N=C4C(C=C2)=C31,-5.633055848
CC(C)(C1=CC=C(OC#N)C=C1)C1=CC=C(OC#N)C=C1,-5.469558378
CCCCCCCCCCCC#N,-5.289969947
ClC1=CC=C(C=C1)S(=O)(=O)C1=CC=C(Cl)C=C1,-5.52363608
CC(C)CCC(C)NC1=CC=C([NH2+]C(C)CCC(C)C)C=C1,-5.575133655
CC(CO)C1CCCCCCCCCCC1,-5.451794109
COC(=O)CCCCCCCCC=C,-5.397515352
CC12CCC3C(CCC4=CC(O)=CC=C34)C1CCC2=O,-5.551148121
CC1=CC(=C(O)C(=C1)C(C)(C)C)C(C)(C)C,-5.462311288
FC(F)(F)C(F)(F)C(F)(F)C(F)(F)C(F)(F)C(F)(F)C(F)(F)C(F)(F)C(F)(F)C(F)(F)C(F)(F)C(F)(F)CCOC(=O)C=C,-6.481477027
CCC(C)C1=CC(C(C)CC)=C(O)C(=C1)C(C)CC,-5.549793345
N(C1=CC=CC=C1)C1=CC2=CC=CC=C2C=C1,-5.495914846
CC(CCCC(C)C=O)CCC=C(C)C,-5.496890424
CC(C)CCC(C)NC1=CC=C(NC2=CC=CC=C2)C=C1,-5.624837561
O=C1CCCCCCCCCCC=CCCC1,-5.560732278
COC1=CCC2=C(CCC3C4CCC(O)(C#N)C4(C)CCC23)C1,-5.683242448
CC12CCC3C(CO1)(CCC1C(C)(C)CCCC31C)O2,-5.645384837
CC(C)C1CCC(C)CC1,-5.354573108
CC1=CC(NN=C2C(=O)C=CC3=CC=CC=C23)=C(C=C1Cl)S([O-])(=O)=O,-6.156487599
CCCCCC(C)OC(=O)COC1=CC=C(Cl)C2=CC=CN=C12,-5.747969532
CCCCCCCCCCCCCCCCCC[NH+](CCO)CCO,-5.775274192
O=C1CCCCCCCC=CCCCCCCO1,-5.629397555
COC(=O)C1=CC=C(NC(=O)C2=CC(Cl)=CC=C2Cl)C=C1N,-5.790064986
OC1=C(C=CC=C1C1=CC=CC=C1)C1=CC=CC=C1,-5.683910105
CC1(C)CCC(=CC2=CC=C(Cl)C=C2)C1=O,-5.671591194
CC(C)(C)C1=CC(=CC=C1O)C(C)(CC(=O)OCCOC(=O)CC(C)(C1=CC=C(O)C(=C1)C(C)(C)C)C1=CC=C(O)C(=C1)C(C)(C)C)C1=CC=C(O)C(=C1)C(C)(C)C,-6.201435362
CC(C)C1=CC=C(C=C1)C1=CC=CC=C1,-5.609857774
CCC1=CC(CC2=CC(CC)=C(N)C(CC)=C2)=CC(CC)=C1N,-5.848587947
CC(C)(C1=CC=C(OCCOC(=O)C=C)C=C1)C1=CC=C(OCCOC(=O)C=C)C=C1,-5.999481603
CC(C1=CC=CC=C1)C1=CC=C(NC2=CC=C(C=C2)C(C)C2=CC=CC=C2)C=C1,-5.964168762
CCCCCCCCCCCCCCCCCCCCCCCCCCCCCCCCCCCCCCCCCCCCCCCCCCCCCCCCCCCCCCCCCCCCCCCCCC,-6.806302611
CCCCCCCCCCCC(CCC)(CCC)CCCCCCCC,-6.364408865
CCCCC(CC)COC(=O)C1=CC=CC=C1,-5.767784581
CC1CC(CC(C)(C)C1)OC(=O)C1=CC=CC=C1O,-5.816819422
CCCCCCCCCCCCCCCCCCCC,-6.269131018
COC(=O)C1=CC=C(C=C1[N+]([O-])=O)C(=O)NC1=CC(Cl)=CC=C1Cl,-5.965154646
CC=C(C)C(=O)OCCC(C)CCC=C(C)C,-5.791792689
CC(=C)C(=O)OCCC(F)(F)C(F)(F)C(F)(F)C(F)(F)C(F)(F)C(F)(F)F,-6.058168846
O=C1C=CC(=O)N1C1=CC=C(CC2=CC=C(C=C2)N2C(=O)C=CC2=O)C=C1,-5.998008544
CCCCCCCCCCCCCCO,-5.787142557
C1CCC(CC1)NSC1=NC2=CC=CC=C2S1,-5.91714268
CCCCCCCCCCCCCCCC1=CC=CC(O)=C1,-6.597038826
CCOC1=CC=CC=C1NC(=O)C(=O)NC1=CC=CC=C1CC,-6.017546673
O=C1CCCCCCCCCCCCCCO1,-5.903789723
CC1=CC=C2OC(C=CC3=NC4=CC(C)=CC=C4O3)=NC2=C1,-6.000481949
ON(N=O)C1=CC=CC=C1,-6.194649109
CCN(CC)C1=CC=C(C=C1)N=NC1=CC=CC=C1,-5.982115268
CCC1=CC=C2C(=O)C3=CC=CC=C3C(=O)C2=C1,-5.984242497
CC(C)(CC(=C)C1=CC=CC=C1)C1=CC=CC=C1,-6.01184247
CCCCC1=NC(Cl)=C(CO)N1CC1=CC=C(C=C1)C1=CC=CC=C1C1=NN(N=N1)C(C1=CC=CC=C1)(C1=CC=CC=C1)C1=CC=CC=C1,-6.461251172
CCCCC(CC)COC(=O)C=CC1=CC=C(OC)C=C1,-6.421608413
COC(=O)C1=CC=C(C(=O)OC)C([N-]N=C(C(C)=O)C(=O)NC2=CC=C3NC(=O)NC3=C2)=C1,-6.314069371
CCCCCCCCCCC1CO1,-5.92315685
CCCCCCCCCCCCC1CO1,-5.984684801
C1CC2C3CC(C2C1)C1(CCCO1)C3,-5.94156112
CC(C)C(C1=CC(C)=CC(C)=C1O)C1=CC(C)=CC(C)=C1O,-6.16734062
COC(=O)C1=CC(=CC([N-]N=C(C(C)=O)C(=O)NC2=CC=C3NC(=O)NC3=C2)=C1)C(=O)OC,-6.377738451
COC1=CC=C(C=C1O)C1=CC(=O)C2=C(O)C=C([O-])C=C2O1,-6.198752558
[O-]C(=O)CCCCCNC1=NC(NCCCCCC([O-])=O)=[NH+]C(NCCCCCC([O-])=O)=N1,-6.683201134
FC(F)(F)C(F)(F)C(F)(F)C(F)(F)C(F)(F)C(F)(F)CCOC(=O)C=C,-6.354159334
CC1=CC=C2C(=O)C3=CC=CC=C3C(=O)C2=C1,-6.117146249
N(C1=CC=CC=C1)C1=CC=C(NC2=CC=CC=C2)C=C1,-6.239449641
COC(=O)C1=CC2=CC=C(C=C2C=C1)C(=O)OC,-6.211736201
OC1=CC=C(O)C2=C1C(=O)C1=CC=CC=C1C2=O,-6.253493517
CC(C)C1=C(C(C)C)C2=CC=CC=C2C=C1,-6.230113619
COC1=CC=C(C=C1)N1CCN(CC1)C1=CC=C(C=C1)N1C=NNC1=O,-6.488909265
ClC1=CC=C(NC(=O)NC2=CC=C(Cl)C(Cl)=C2)C=C1,-6.45772642
CC1CC(C)(C)CC(C1)(OOC(C)(C)C)OOC(C)(C)C,-6.480660768
CC1=CCCC(=C)C2CC(C)(C)C2CC1,-6.337261665
CC(C)(C1=CC=CC=C1)C(C)(C)C1=CC=CC=C1,-6.474168897
C(OC1=CC2=CC=CC=C2C=C1)C1=CC=CC=C1,-6.477673979
OC1=CC2=CC=CC=C2C=C1C(=O)NC1=CC=CC(=C1)[N+]([O-])=O,-6.643865624
[O-][N+](=O)C1=CC(OC(=O)OC2=CC(=C(Cl)C=C2Cl)[N+]([O-])=O)=C(Cl)C=C1Cl,-6.812907461
C1CC=CC(C1)C1=CC=C(C=C1)C1CCC=CC1,-6.591929049
CCCCCCCCC=CCCCCCCCCO,-6.785897843
CC(C)(C)C1=CC=C(O)C=C1,-6.493940207
CC1=CC=C(NN=C2C(=O)C=CC3=CC=CC=C23)C(C)=C1,-6.705444298
CCCCCCCCCCCCCC(=O)OC,-6.649738161
CN(C)C1=CC=C(C=C1)C(O)(C1=CC=C(C=C1)N(C)C)C1=CC=C(NC2=CC=CC=C2)C2=CC=CC=C12,-6.989135552
O=C(NC1=CC=CC=C1SSC1=CC=CC=C1NC(=O)C1=CC=CC=C1)C1=CC=CC=C1,-6.978287061
CCCCCCCCCCCC(=O)N(CCCC)CCCC,-7.016412077
COC1=CC=C(C=C1OC(C)=O)[N+]([O-])=O,-2.946604067
CS([O-])(=O)=O,0.732330182
CC1=CC=C(C=C1)C(=O)OOC(=O)C1=CC=C(C)C=C1,-6.798351882
CC1=CC(CC2=CC(C)=CC(C3CCCCC3)=C2O)=C(O)C(=C1)C1CCCCC1,-6.979034273
CCCCC(CC)COC(=O)C1=CC=CC=C1C(=O)OCC(CC)CCCC,-6.978908353
CC(C)C1=CC=CC=C1C(C)C,-6.602799271
CC(C)C1=CC(=CC=C1)C(C)C,-6.602799271
CCCCCCCCCCCCCCCC(O)C(CO)NC(=O)CCCCCCCC=CCCCCCCCC,-6.451761881
CCCCCCCCCCCCCCCC([O-])=O,-6.806908841
CC(=O)OC1=CCC2C3CCC(C3)C12,-3.009726571
CCCCCCCC(=O)OCCCOC(=O)CCCCCCC,-7.516526119
CC1(C)CCCC(C1)C(=O)CCC=C,-4.77931051
CCN1C2=C(C=CC=C2)C2=C1C=CC=C2,-6.813503151
CCN(CCOC(C)OCC(C)C)C1=CC=C(C=C1)N=NC1=CC=CC=C1,-7.090503766
C(SC1=NN=C(C2=CC=CC=C2)C(=N1)C1=CC=CC=C1)C=CCSC1=NN=C(C2=CC=CC=C2)C(=N1)C1=CC=CC=C1,-7.025125555
COC1=CC=C(C=C1)C(=O)C=C([O-])C1=CC=C(C=C1)C(C)(C)C,-7.060548154
COC1=CC=C(C=C1O)C1=CC(=O)C2=C(O)C=C(OC3OC(COC4OC(C)C(O)C(O)C4O)C(O)C(O)C3O)C=C2O1,-7.505541952
O=C1N(CC2CO2)C(=O)N(CC2CO2)C(=O)N1CC1CO1,-2.468825327
COCCCN1C(=O)C2=C(C1=O)C(N)=C1C(=O)C3=CC=CC=C3C(=O)C1=C2N,-7.323792769
CCCCCCCCCCCCCCCCCCCCCC([O-])=O,-7.32811446
O=C(OCCCC1=CC=CC=C1)C1=CC=CC=C1,-4.800973789
CCCCCC(C)CO,-2.528127071
CC(O)=CC(C)=O,-7.438461097
O=C1NC(=O)C2=C3C1=CC=C1C4=C5C(=CC=C6C(=O)NC(=O)C(C=C4)=C56)C(C=C2)=C31,-7.591458634
CC1=CC=C(NC2=CC=C(O)C3=C2C(=O)C2=CC=CC=C2C3=O)C=C1,-7.549181312
CCC1(CC=C2CCCC3=CC(OC)=CC=C23)C(=O)CCC1=O,-4.172504242
CCCCCCCCCCCCCCCCCC,-7.627539949
CC(C)C1OC2(CCCC2)OCC1(C)C,-3.524243771
CCCCC(CC)COC(=O)C1=CC=C(NC2=NC(NC3=CC=C(C=C3)C(=O)OCC(CC)CCCC)=NC(NC3=CC=C(C=C3)C(=O)OCC(CC)CCCC)=N2)C=C1,-8.216478376
CCCCCCCCCCCCCCCC(=O)OC,-7.830038235
CC1(C)NC2=CC=CC3=CC=CC(N1)=C23,-2.929898895
CC(C)CCCCCCCCCCCCCCC([O-])=O,-8.146901524
CCN(CCOC1=CC=C(C=C1)C1CCCCC1)C1=CC=C(C=C(C#N)C#N)C(C)=C1,-8.386094856
CC(C)(C)C1=CC(=C(O)C(=C1)C1=C(O)C(=CC(=C1)C(C)(C)C)C(C)(C)C)C(C)(C)C,-6.889187497
COC1=CC=CC=C1NN=C1C(=O)C=CC2=CC=CC=C12,-8.926016432
CCCCCCCCCCCCCCCCCC(=O)OC,-8.997839085
CC(C)CCCCCCCOC(=O)C1=CC=CC=C1C(=O)OCCCCCCCC(C)C,-9.419539808
CCC(COCCOC(=O)C=C)(COCCOC(=O)C=C)COCCOC(=O)C=C,-2.687445856
OC1=CC=C(C=C1)C(C1=CC=C(O)C=C1)C1=CC=CC=N1,-4.523907797
OC([O-])=O,-3.452021679
[O-]C(=O)C1=CC=CC=C1C(=O)C1=CC=C(C=C1)C1=CC=CC=C1,-4.828233467
[O-][N+](=O)N1CN(CN(CN(C1)[N+]([O-])=O)[N+]([O-])=O)[N+]([O-])=O,-4.82511681
CC(=O)C1CCC(C)=CCCC=C(C)CC=C1C,-5.449126022
CCC(C)(N=NC(C)(CC)C#N)C#N,-2.696191526
[NH3+]C(CCC([O-])=O)C([O-])=O,0.111437809
OC1=CC=C(C(=O)C2=CC=C(OS(=O)(=O)C3=CC=CC4=C([O-])C(=CC=C34)N=NN=N)C=C2)C(O)=C1O,-5.105290731
ClC(=C)C=C,-2.550925455
C=CS(=O)(=O)CS(=O)(=O)C=C,-3.91989545
FC(F)(F)F,-3.670339628
CC(C)(C1=CC=CC=C1)C1=CC=C(O)C=C1,-4.096484707
CCCSC1=NC(Cl)=C(C(Cl)=N1)[N+]([O-])=O,-4.386944624
COS(C)(=O)=O,-0.041921413
CCCCCCC=CCCCCCCCC1=CC=CC(OCC2CO2)=C1,-6.079851689
N(C1=CC=CC=C1)C1=CC=CC=C1,-5.969586401
CCCCCCCCCCCCCCCCOC(=O)OC1=C(Cl)C=C(C=C1Cl)C(=O)OCC,-7.133803789
CCCCCCCCC=CCCCCCCCC([O-])=O,-11.99893786
[O-]C(=O)C1CC(C[NH2+]1)C1CCCCC1,0.631268384
O=C1NC2CC1C=C2,0.936160808
C1CCC(CC1)C1=CC=CC=C1,-4.341502278
NC1=C(C=C(C(N)=C1N=NC1=CC=C(C=C1)S(=O)(=O)CCOS([O-])(=O)=O)S([O-])(=O)=O)N=NC1=CC=C(C=C1S([O-])(=O)=O)S(=O)(=O)CCOS([O-])(=O)=O,-0.289144621
CCCCC1=CC=C2N=NNC2=C1,0.404025656
CC1=CCC2CC1C2(C)C,-3.772570424
CC(C)(C1=CC=C(OCC2CO2)C=C1)C1=CC=C(OCC2CO2)C=C1,-4.799620032
CCCCCCCCCCCCCCCC[NH+](C)C,-4.652434914
CC(C)C1CC2=C(C)CC1C(C2)C=O,-3.850854284
CCCCCCCCCCCC[NH+](C)C,-4.426122744
CCN(C1=CC=CC=C1)C1=NC(Cl)=NC(NC2=CC(=CC3=C2C(=O)C(=NNC2=C(C4=CC=CC(=C4C=C2)S([O-])(=O)=O)S([O-])(=O)=O)C(=C3)S([O-])(=O)=O)S([O-])(=O)=O)=N1,-0.50252635
ClC1=CC=C(OC2=CC=CC(Cl)=C2)C=C1,-5.387355317
CCCCC(CC)C(=O)OCC(COCC(COC(=O)CCCCCC(C)C)(COC(=O)C(CC)CCCC)COC(=O)C(CC)CCCC)(COC(=O)CCCCCC(C)C)COC(=O)CCCCCC(C)C,-7.323686796
CC[NH+](CC)CCCNC1=NC(NC2=CC=C(C=C2)N=NC2=C(O)C3=C(NC4=NC(NCC(C)[NH3+])=NC(NCC(C)[NH3+])=N4)C=C(C=C3C=C2S([O-])(=O)=O)S([O-])(=O)=O)=NC(NC2=CC=C(C=C2)N=NC2=C(O)C3=C(NC4=NC(NCC(C)[NH3+])=NC(NCC(C)[NH3+])=N4)C=C(C=C3C=C2S([O-])(=O)=O)S([O-])(=O)=O)=N1,-0.794219043
CCCCCCCCCCCC(=O)NC(CCCNC(N)=[NH2+])C(=O)OCC,-0.231611963
CCC(=O)C=CC1C(C)=CCCC1(C)C,-3.992340979
CC(=O)C(C)=CC1C(C)=CCCC1(C)C,-3.992340979
CC(C)C1CCC(C)CC1OC(C)=O,-3.97511656
CC(=O)CC(=O)NC1=CC=C(NC(=O)CC(C)=O)C=C1,-3.12750109
CCCCCCCCCCCC(=O)OCC[N+](C)(C)C,-2.211100306
O=C(OCC1=CC=CC=C1)C1=CC=CC=C1,-4.177624494
O=S(=O)(C1=CC=CC=C1)C1=CC=CC=C1,-4.192879941
C=CC(=O)N1CCOCC1,0.850257585
COCC(C)O,1.045169179
[O-]C(=O)C1=CC=CC=C1C1=C2C=CC(=O)C=C2OC2=CC([O-])=CC=C12,-1.575505364
[O-]C(=O)CS,-1.964349215
CC(CCCC(C)(C)O)CC=O,-4.92245094
CCCCCCCCCCCCCCCCCCOC(=O)C=CC(=O)OCCCCCCCCCCCCCCCCCC,-7.094152366
[O-][N+]([O-])=O,-2.503579611
CS,-1.845668452
CCOC(=O)CN=C(C1=CC=CC=C1)C1=CC=CC=C1,-3.427044449
CCOC(=O)CC(NC1CCC(CC2CCC([NH2+]C(CC(=O)OCC)C(=O)OCC)C(C)C2)CC1C)C(=O)OCC,-5.06653389
CCCCCCCCCCCC(=O)NCCC[N+](C)(C)CC([O-])=O,-3.136750998
C[NH+](C)CCOCCO,-0.12447488
NC1=CC=C(C(N)=C1)[N+]([O-])=O,-2.185091479
CCCCCCCCCCCCCCCC(=O)OC1CC(N(C1)C(=O)CCCCCCCCCCCCCCC)C([O-])=O,-5.783875721
CC(CCC=C(C)C)C=C,-5.964586446
CCCCCCCCCC([O-])=O,-7.53462824
CCCCC(CC)COC(=O)CSCC(=O)OCC(CC)CCCC,-6.654998171
CC(C)=CCCC1=CC=C2C(=O)C3=CC=CC=C3C(=O)C2=C1,-7.985818524
CCCCCCCCCOC(=O)C1=CC=CC=C1C(=O)OCCCCCCCC,-4.780941415
CCCCCCCCCCCCCCCCCCCCCC([O-])=O,-6.876976741
CCCCCCCCCCCCCC([O-])=O,-6.707031139
CCCCCCCCC=CCCCCCCCC([O-])=O,-6.79723893
CCCCCCC(O)CCCCCCCCCCC([O-])=O,-6.823553607
CC(C)CCCCCCCCOCCC[NH2+]CCC#N,-3.618466492
CC(C)=CCCC1=CCCC(COC(C)=O)C1,-4.975624785
CC(=O)C1=CC(NC2=NC(NC3=CC(C(C)=O)=C(N)C4=C3C(=O)C3=CC=CC=C3C4=O)=NC(=N2)C2=CC=CC=C2)=C2C(=O)C3=CC=CC=C3C(=O)C2=C1N,-4.950431795
CCCCCCCCCCCCCCCC(=O)OCC(O)CO,-4.726791601
CC1(C)CC(CC(C)(C)[NH2+]1)OC(=O)CCCCCCCCC(=O)OC1CC(C)(C)[NH2+]C(C)(C)C1,-5.05759511
CCCCCCCCC=CCCCCCCCC1=[NH+]CCN1CCO,-3.845830759
CC(C)(C)C1=CC(C([O-])=O)=C(O)C(=C1)C(C)(C)C,-4.869471103
CCCCC(CC)C([O-])=O,-3.019941271
OC1=CC(O)=C2CC(OC(=O)C3=CC(O)=C(O)C(O)=C3)C(OC2=C1)C1=CC(O)=C(O)C(O)=C1,-1.059160932
CCOCCCCCCCCCCCCCCC=CCC,-4.799983961
FC1=CC(Cl)=CC=C1CC#N,-2.59390625
CC(CC(C)(C)C#N)C1=CC=CC=C1,-3.235078816
CC(=O)OC1CCC(CC1)C(C)(C)C,-3.699640669
CC12CCC3C(CCC4CC(=O)CCC34C)C1CCC2O,-4.918998851
O=C(NC1CCCCC1)NC1=CC=C(CC2=CC=C(NC(=O)NC3CCCCC3)C=C2)C=C1,-5.142667396
CC1=CC=C(C=C1N=C=O)N1C(=O)N(C1=O)C1=CC=C(C)C(=C1)N=C=O,-5.03682594
CCCCCCCCCCCC(=O)OCC(O)C1OCC(O)C1O,-5.06253686
COC(=O)CN(CC(=O)OC)C1=CC=C(N=NC2=CC=C(C=C2C#N)[N+]([O-])=O)C(NC(C)=O)=C1,-5.193519738
NC1=CC=C(N=NC2=CC(=CC=C2)N=NC2=CC=C(N)C=C2N)C(N)=C1,-4.197152695
CCCC(C)CC,-3.270406298
CCC=CC,-2.544904806
[SH-],-5.532537815
CC(=O)OCCN(CCC#N)C1=CC=C(C=C1)N=NC1=NC2=CC=C(C=C2S1)[N+]([O-])=O,-4.340908898
N#CC1=CC=CC=C1C=CC1=CC=C(C=CC2=CC=CC=C2C#N)C=C1,-4.220638859
[O-][N+](=O)C1=CC=C(N=NC2=CC=C(C=C2)N(CCC#N)CCC#N)C(Cl)=C1,-4.281954413
CC(=O)OCCN(CCC#N)C1=CC=C(C=C1)N=NC1=CC=C(C=C1)[N+]([O-])=O,-4.280341584
CCN(CCC#N)C1=CC=C(C=C1)N=NC1=CC=C(C=C1Cl)[N+]([O-])=O,-4.252611554
COC1=CC(N=NC2=C(Cl)C=C(C=C2[N+]([O-])=O)[N+]([O-])=O)=C(NC(C)=O)C=C1N(CC=C)CC=C,-4.388179382
CCOC(=O)C(C)OC(=O)C1=CC(OC2=CC=C(C=C2Cl)C(F)(F)F)=CC=C1[N+]([O-])=O,-6.623038672
CC1CC(=O)CC2CCC3C4CCC(OC(C)=O)C4(C)CCC3C12C,-5.092558995
CCCCCCCCCCCCCCCCCCCCCC(=O)OCC(O)CO,-6.91873366
C[C](C)C,-4.376546543
CC=CC,-4.669843542
CCCCCCCCC([O-])=O,-5.418373857
CC(C)(C)C1=CC(O)=CC=C1O,-1.220683278
COC1=CC=C(N)C(=C1)[N+]([O-])=O,-1.225702037
CCOC(OCC)C=C(C)CCC=C(C)C,-2.354799685
S=C1NC2=CC=CC=C2N1,-2.176687281
CCCCCCOCCCCCC,-4.270303761
[O-][N+](=O)C1=CC=C(C=C1)N=NC1=CC=C(C=C1)N(CCOCCC#N)CCC#N,-4.593750027
CCCCN(C1CC(C)(C)[NH+](C)C(C)(C)C1)C1=NC(=[NH+]C(NCCCN(CCN(CCCNC2=[NH+]C(=NC(=N2)N(CCCC)C2CC(C)(C)[NH+](C)C(C)(C)C2)N(CCCC)C2CC(C)(C)[NH+](C)C(C)(C)C2)C2=NC(=NC(=[NH+]2)N(CCCC)C2CC(C)(C)[NH+](C)C(C)(C)C2)N(CCCC)C2CC(C)(C)[NH+](C)C(C)(C)C2)C2=[NH+]C(=NC(=[NH+]2)N(CCCC)C2CC(C)(C)[NH+](C)C(C)(C)C2)N(CCCC)C2CC(C)(C)[NH+](C)C(C)(C)C2)=N1)N(CCCC)C1CC(C)(C)[NH+](C)C(C)(C)C1,-5.359014668
CCN(CC)C1=CC(NC(C)=O)=C(C=C1OC)N=NC1=C(Cl)C=C(C=C1[N+]([O-])=O)[N+]([O-])=O,-4.667327783
C1CCC2CCCCC2C1,-4.140677705
CCCCCCCCC=CCCCCCCCC(=O)OCC(C)OC(=O)CCCCCCCC=CCCCCCCCC,-4.781756093
O=C(NC1=CC=CC2=C1C(=O)C1=CC=CC=C1C2=O)C1=CC=C(C=C1)C1=CC=C(C=C1)N=NC1=CC=C(C=C1)C1=CC=C(C=C1)C(=O)NC1=CC=CC2=C1C(=O)C1=CC=CC=C1C2=O,-5.716458279
C1CC2=CC=C(CCC3=CC=C1C=C3)C=C2,-5.169478497
O=C1C2=CC=CC=C2C2=C3C1=CC=C1C4=C5C(=CC=C6C7=CC=CC=C7C(=O)C(C=C4)=C56)C(C=C2)=C31,-5.513312746
COC1=CC2=C3C(=CC=C4C5=C6C(=C(OC)C=C7C8=CC=CC=C8C(=O)C(C=C5)=C67)C1=C34)C(=O)C1=CC=CC=C21,-5.599170695
CCCCCC(CCC)CCCO,-5.156360408
CC(C)(C)OOC1(CCCCC1)OOC(C)(C)C,-5.386213837
CCCCCCCCCCCCCCCC(=O)OCC=C(C)C=CC=C(C)C=CC1=C(C)CCCC1(C)C,-5.72005506
CC(OC1=CC=C(OC2=CC=C(C=N2)C(F)(F)F)C=C1)C([O-])=O,-2.622795669
CCC(C)(C)OOC1(CCCCC1)OOC(C)(C)CC,-5.460037419
CC1=CC(C)(C)NC2=CC=CC=C12,-5.238695804
CCCCCCCCCl,-5.172243789
CC(COS)(COS)COC(=O)CCCC(=O)OCC(C)(COS)COS,-5.84194731
CC(C)(C)CC(C)(C)C1=CC=C(O)C(=C1)N1N=C2C=CC=CC2=N1,-5.509793728
CC1=CC=C(O)C(=C1)N1N=C2C=CC=CC2=N1,-5.352666728
CC(C)(C)C1=CC(CCC(=O)OCCSCCOC(=O)CCC2=CC(=C(O)C(=C2)C(C)(C)C)C(C)(C)C)=CC(=C1O)C(C)(C)C,-5.808172472
CC1=CC(CCC(=O)OCCOCCOCCOC(=O)CCC2=CC(C)=C(O)C(=C2)C(C)(C)C)=CC(=C1O)C(C)(C)C,-5.768464941
CCCCCCCCOC1=CC=C(C(=O)C2=CC=CC=C2)C(O)=C1,-5.513798048
CCCCCCC(CO)CCCC,-5.270303761
CCCCCCCCCCCCC(CO)CCCCCCCCCC,-5.549815883
CCCCCCCCCCCCCCC(CO)CCCCCCCCCCCC,-5.613599775
CCCCC(CC)COCOCC(CC)CCCC,-5.435323474
CCCCCCCCC(CO)CCCCCC,-5.384616815
CC1=CC(N2N=C3C=CC(Cl)=CC3=N2)=C(O)C(=C1)C(C)(C)C,-5.499417627
CCC1=CC(=C(O)C(CC2=C(O)C(=CC(CC)=C2)C(C)(C)C)=C1)C(C)(C)C,-5.566509378
CCCCCCCCCCCCCCCCC(CO)CCCCCCCCCCCCCC,-5.66920434
CCCCCCCCCCCCCCCCCCNC(=O)NCCCNC(=O)NCCCCCCCCCCCCCCCCCC,-5.822918943
CCCCC(CC)CNS(=O)(=O)C1=CC=C(N)C=C1,-5.453967767
CC(C)(C)C1=CC=C2OC(=NC2=C1)C1=CC=C(S1)C1=NC2=CC(=CC=C2O1)C(C)(C)C,-5.634046793
CCCCCCCCCC([O-])=O,-5.853064556
O=C1OC(=O)C2=C3C1=CC=C1C4=C5C(=CC=C6C(=O)OC(=O)C(C=C4)=C56)C(C=C2)=C31,-5.593642663
CC1=CC(=C(C=C1Cl)N=NC1=C(O)C(=CC2=CC=CC=C12)C([O-])=O)S([O-])(=O)=O,-5.745185694
[O-]S(=O)(=O)C1=C(NN=C2C(=O)C=CC3=CC=CC=C23)C=CC2=CC=CC=C12,-5.950428144
CC(C)CCCCCCCCCCOC(=O)C1=CC=CC=C1C(=O)OCCCCCCCCCCC(C)C,-5.724958732
[O-]S(=O)(=O)C1=C(NN=C2C(=O)C=CC3=CC=CC=C23)C=CC2=CC=CC=C12,-5.90030157
CC(C)CCCCCCCCCCOC(=O)CCCCC(=O)OCCCCCCCCCCC(C)C,-5.708288297
CCCCCCCCCCCCCCCCCCCCCCO,-5.514028148
CCCCCCCCCCCCOC(=O)CCSCCC(=O)OCCCCCCCCCCCC,-5.711686622
CCOC(=O)C1=CC=C(C=C1)N=CN(C)C1=CC=CC=C1,-5.450777025
CCCCCCCCCCCCCCCCOC(=O)OOC(=O)OCCCCCCCCCCCCCCCC,-5.756557
CCCCCC=O,-5.412221914
CCCCCCCCCCCCCCCCCCCCO,-5.475024349
CCCCCCCCCCCCCCCCCCO,-5.432168875
CCCCCCCCCCCC(=O)OC(C)C,-5.38453799
CCCCCCCCCCCCCCCCCCCCCCCCO,-5.549815883
CCCCCCCC=CCC,-5.188357482
CCCCCCCCCCCC(=O)OC=C,-5.354799685
CCCCN(CCCC)C([S-])=S,-5.675923082
COC(=O)C1=CC=C(COC(=O)C2=CC=C(C=C2)C(=O)OC)C=C1,-6.731677773
CCCCC(CC)C1CCON1CCOC(=O)NCCCCCCNC(=O)OCCN1OCCC1C(CC)CCCC,-5.790560824
COC(=O)CCC1=CC(N2N=C3C=CC=CC3=N2)=C(O)C(=C1)C(C)(C)C,-6.849323576
CCCCCCCCCCCCCCCCCCNC(=O)NC1=CC=C(CC2=CC=C(NC(=O)NCCCCCCCCCCCCCCCCCC)C=C2)C=C1,-5.942994641
CC(C)CCCC(C)CCCC(C)CCCC1(C)CCC2=C(C)C(OC(C)=O)=C(C)C(C)=C2O1,-5.771545225
CC(C)(C)OOC(C)(C)C1=CC=C(C=C1)C(C)(C)OOC(C)(C)C,-5.737151587
O,-5.025247952
CCCCCCCCCCCCCCCCCCSSCCCCCCCCCCCCCCCCCC,-6.057758885
CCCCCCCCCCCCC(CCCCCCCCCC)C([O-])=O,-5.867639522
CCOC1=CC=CC=C1NC(=O)C(=O)NC1=CC=C(CCCCCCCCCC(C)C)C=C1,-6.09944947
CCCCC(CC)COC(=O)CC(C)CC(C)(C)C,-5.954976972
O,-5.6562324
CCC(C)CCCOC(=O)CCC1=CC(N2N=C3C=CC=CC3=N2)=C(O)C(=C1)C(C)(C)C,-6.163940179
CS(=O)(=O)OC1=CC=C(NC2=CC=C(O)C3=C2C(=O)C2=CC=CC=C2C3=O)C=C1,-6.214227985
CC(CC1=CC(CC(C)C2=CC=C(O)C=C2)=CC=C1)C1=CC=C(O)C=C1,-6.23863564
CC1=CC(=CC=C1)N(C1=CC=CC=C1)C1=CC=C(C=C1)C1=CC=C(C=C1)N(C1=CC=CC=C1)C1=CC(C)=CC=C1,-6.41219838
CN(C(=S)SSC(=S)N(C)C1=CC=CC=C1)C1=CC=CC=C1,-6.260769992
CCN(CC)C1=CC=C(N=NC2=C(C=C(C=C2[N+]([O-])=O)[N+]([O-])=O)C#N)C(NC(C)=O)=C1,-6.327772594
C1C=CC2C3CC(C=C3)C12,-6.170927319
CCCCCCCCCCCC(=O)OCCOCC(OCCO)C1OCC(OCCO)C1OCCO,-6.417202563
CC(C)CCCCCCCCCCCCCCCO,-6.256077616
CCCCCCCCCCCC(=O)OCC(COC(C)=O)OC(C)=O,-6.378367614
CCCCCCCCCCCCCCCOC(=O)C=CC(=O)OCCCCCCCCCCCCCCC,-6.553787585
CCCCCCCCOC(=O)C=CC(=O)OCCCCCCCC,-6.356030959
CC(C)CCCCCCCOC(=O)C=CC(=O)OCCCCCCCC(C)C,-6.422274591
CCCCCCCCCCCCOC(=O)C=CC(=O)OCCCCCCCCCCCC,-6.479738422
CCCCCCCCC=CCCCCCCCC(=O)OC(C)C,-6.335189016
CCCCCCCCCC([O-])=O,-6.61940343
O=C(C1=CC=CC=C1)C1=CC=C(OS(=O)(=O)C2=CC=CC3=C2C=CC([N+]#N)C3=O)C(OS(=O)(=O)C2=CC=CC3=C2C=CC([N+]#N)C3=O)=C1OS(=O)(=O)C1=CC=CC2=C1C=CC([N+]#N)C2=O,-6.820895007
CCCCCCC(O)CCCCCCCCCCC(=O)NCCNC(=O)CCCCCCCCCCC(O)CCCCCC,-6.735207192
O=C1OC(=NC2=CC=CC=C12)C1=CC=C(C=C1)C1=NC2=CC=CC=C2C(=O)O1,-6.517040294
CCCCCCCCC=CCCCCCCCCCCCC(N)=O,-6.528392147
O=C=NC1=CC=C(C=C1)C(C1=CC=C(C=C1)N=C=O)C1=CC=C(C=C1)N=C=O,-6.565096595
CC(C)CCCCCCOC(=O)C1=CC=CC=C1C(=O)OCCCCCCC(C)C,-6.621817899
CCCCC(CC)COC(=O)CCCCC(=O)OCC(CC)CCCC,-6.568874945
CC(C)CCCCCCCOC(=O)CCCCC(=O)OCCCCCCCC(C)C,-6.630104322
CC(C)CCCCCCOC(=O)CCCCC(=O)OCCCCCCC(C)C,-6.600567801
CCCCCCCCOCCCCCCCC,-6.384616815
CCCCCCCCCCCCCCCCCCOC=C,-6.472081819
CC(C)CCCCCCCCCCCCCCC([O-])=O,-6.655742376
CCCCC(CC)COC(=O)C(C#N)=C(C1=CC=CC=C1)C1=CC=CC=C1,-6.558090281
CCCC1CCC(CC1)C1CCC(CC1)C1=CC=C(C(F)=C1)C1=CC(F)=C(F)C(F)=C1,-6.636031296
CCCCCCCCCCC(CO)CCCCCCCC,-6.475024349
O=C1OC(=O)C2=C3C(C=CC=C13)=CC=C2,-6.29705325
CC(C)(C)C1=CC(CCC(=O)OCC(COC(=O)CCC2=CC(=C(O)C(=C2)C(C)(C)C)C(C)(C)C)(COC(=O)CCC2=CC(=C(O)C(=C2)C(C)(C)C)C(C)(C)C)COC(=O)CCC2=CC(=C(O)C(=C2)C(C)(C)C)C(C)(C)C)=CC(=C1O)C(C)(C)C,-7.07101808
CC(C)(C)CC(C)(C)C1=CC=C(NC2=CC=C(C=C2)C(C)(C)CC(C)(C)C)C=C1,-6.595120185
CCCCCCCCC(C)C(CC)CCCCCCC,-6.75213453
CCCCCCCCCCCCCCCCCC(=O)NCC[NH2+]CCNC(=O)CCCCCCCCCCCCCCCCC,-7.138082495
CCCCCCCCCCCCCCCCCCCCCC(=O)NCCC[NH+](C)C,-6.628141567
CCCCCCCCCCCCCCCCCCOCC[O],-6.496301265
CCCCCCCCCCCC(=O)OOC(=O)CCCCCCCCCCC,-6.600567801
CCCCCCCCOC(=O)C(C)OC1=CC=C(Cl)C=C1C,-6.514367091
C#N,-6.126735167
CCCCCCCCC(=O)OCC(CC)(COC(=O)CCCCCCCC)COC(=O)CCCCCCCC,-6.841087952
CCC(C)(C)C1=CC(O)=C(C=C1O)C(C)(C)CC,-6.495513117
CC12CCC3C(=CC=C4CC5(CCC34C)OCCO5)C1CCC2C1(C)OCCO1,-6.700119715
CC(C)C1CCC(C)CC1OC(C)=O,-4.066886933
N1C2=NC3=C4C=CC=CC4=C(N3)N=C3N=C(N=C4N=C(N=C1C1=C2C=CC=C1)C1=C4C=CC=C1)C1=C3C=CC=C1,-6.983720983
CC(=O)NC1=CC(=CC=C1N=NC1=CC=C(C=C1Cl)[N+]([O-])=O)N(CCOC(C)=O)CCOC(C)=O,-6.963714867
CCCCCCCCCCCCCCCCCC(=O)OCC(OC(=O)CCCCCCCCCCCCCCCCC)C1OCC(O)C1OC(=O)CCCCCCCCCCCCCCCCC,-7.284910561
CCCCCCCCCCCCCCCC(=O)OCC(O)C1OCC(O)C1O,-6.905873561
CC(C)CCCCCCCCCCOC(=O)C1=CC=C(C(=O)OCCCCCCCCCCC(C)C)C(=C1)C(=O)OCCCCCCCCCCC(C)C,-7.18023716
CCCCCCC(=O)OCC(COC(=O)CCCCCC)OC(=O)CCCCCC,-6.933092295
CCCCCCC(O)CCCCCCCCCCC(=O)OCC(COC(=O)CCCCCCCCCCC(O)CCCCCC)OC(=O)CCCCCCCCCCC(O)CCCCCC,-7.273925856
CCCCC(CC)C(=O)OCC(COC(=O)C(CC)CCCC)OC(=O)C(CC)CCCC,-6.97376589
CCCCCCCCC=CCCCCCCCC(=O)OCC(COC(=O)CCCCCCCC=CCCCCCCCC)OC(=O)CCCCCCCC=CCCCCCCCC,-7.248195509
CC(C)CCCCCOC(=O)CCCCC(=O)OCCCCCC(C)C,-6.869904941
CCCCCCCCCCCCCCCCCCOCCCCCCCCCCCCCCCCCC,-7.019520889
CCCCCCC(=O)OCC(CC)(COC(=O)CCCCCC)COC(=O)CCCCCC,-6.97376589
CCCCCCCCC=CCCCCCCCC(=O)OCC(C)(C)COC(=O)CCCCCCCC=CCCCCCCCC,-7.102471439
CCCCCCCC(=O)OCC(C)(C)COC(=O)CCCCCCC,-6.853146782
CCCCCCCCCCCCCCCCCOC(=O)C=CC(=O)OCCCCCCCCCCCCCCCCC,-7.074077365
CCC(COC(=O)CCCCCCCCCCCCCCC(C)C)(COC(=O)CCCCCCCCCCCCCCC(C)C)COC(=O)CCCCCCCCCCCCCCC(C)C,-7.271182465
CCCCCCCCCCCCCCCCCC(=O)OCCCCCCCC,-6.899492196
CCCCCCCCCCCCCCC1CO1,-6.682020458
CC(C)(C)C1=CC(CCC(=O)NNC(=O)CCC2=CC(=C(O)C(=C2)C(C)(C)C)C(C)(C)C)=CC(=C1O)C(C)(C)C,-7.04359803
CCCCCCC(=O)OCC(COC(=O)CCCCCC)(COC(=O)CCCCCC)COC(=O)CCCCCC,-7.068063351
CCCCCCCCC=CCCCCCCCC(=O)OCC(COC(=O)CCCCCCCC=CCCCCCCCC)(COC(=O)CCCCCCCC=CCCCCCCCC)COC(=O)CCCCCCCC=CCCCCCCCC,-7.378019409
CC(C)CCCCCCCCCCCCCCC(=O)OCC(COC(=O)CCCCCCCCCCCCCCC(C)C)(COC(=O)CCCCCCCCCCCCCCC(C)C)COC(=O)CCCCCCCCCCCCCCC(C)C,-7.380942773
CCCCCCC([O-])=O,-6.670869008
CCCCCCCCC=CCCCCCCCC(=O)OCC(CO)(CO)COC(=O)CCCCCCCC=CCCCCCCCC,-7.123886253
CCCCCCCCCCCC(=O)OCCC(C)C,-6.733128222
CCCCCCCCCC([O-])=O,-6.894954848
CCCCCCCCCC([O-])=O,-6.956772372
CCCCC(=O)OCC(CO)(CO)COCC(CO)(CO)CO,-6.8304565
CC(C)C1=CC=CC(C(C)C)=C1N=C=NC1=C(C=CC=C1C(C)C)C(C)C,-6.860411082
CCCCCCCCCCCCCCCCCC(=O)OCCCC,-7.116029628
CC(C)CCCCCCCOC(=O)CCCCCCCC(=O)OCCCCCCCC(C)C,-6.971983321
CCCCCCCCCCCCCCOC(=O)C=CC(=O)OCCCCCCCCCCCCCC,-7.007600998
CCCCCCCCCCCCCCCCCCCCCC(N)=O,-6.832007908
CCCCCCCCCCCCCCCCCCCCCCOC(=O)CCCCCCCCCCCCCCCCCCCCC,-7.113399141
CCCCCCCCCCCCOC(=O)CCCCCCCC=CCCCCCCCC,-6.955006196
CCCCCCCCC=CCCCCCCCC(=O)OCC,-7.355606283
CCCCCCCCCCCCCCCCOC(=O)C(CC)CCCC,-6.867639522
CCCCCCCCCCCC(=O)OCCCCCC,-6.755087841
CC(C)CCCCCCCCCCCCCCC(=O)OC(CO)CO,-6.855595469
CCCCCCCCC=CCCCCCCCCCCCC(=O)OCCCCCCCCC=CCCCCCCCC,-7.071179207
CCCCCCCCCC=CCCCCCCC(=O)OCCCCCCCCC=CCCCCCCCC,-7.027706683
CCCCCCCCOC(=O)CCCCCCC,-6.709998828
CCCCCCCCCCCCCCOC(=O)CCCCCCCC=CCCCCCCCC,-6.98122586
CCCCC(CC)COC(=O)CC(CC(=O)OCC(CC)CCCC)(OC(C)=O)C(=O)OCC(CC)CCCC,-7.057520047
CC(C)(C1=CC=CC=C1)C1=CC(N2N=C3C=CC=CC3=N2)=C(O)C(=C1)C(C)(C)C1=CC=CC=C1,-7.048812621
CC(CC(C1=CC(=C(O)C=C1C)C(C)(C)C)C1=CC(=C(O)C=C1C)C(C)(C)C)C1=CC(=C(O)C=C1C)C(C)(C)C,-7.134193051
CCCCC(CC)CNC(=O)C1=CC=C(NN=C2C(C)=C(C#N)C(=O)N(C)C2=O)C=C1,-7.024810856
CN1C(=O)C(=NNC2=CC=C(Cl)C(Cl)=C2)C(C)=C(C#N)C1=O,-6.925783782
CC(C)(C)C1=CC(CN2C(=O)N(CC3=CC(=C(O)C(=C3)C(C)(C)C)C(C)(C)C)C(=O)N(CC3=CC(=C(O)C(=C3)C(C)(C)C)C(C)(C)C)C2=O)=CC(=C1O)C(C)(C)C,-7.292308693
OC(COC1=CC=C(C(=O)C2=CC=CC=C2)C(O)=C1)COC1=CC=C(C(=O)C2=CC=CC=C2)C([O-])=C1,-7.138754703
CCCCCCCCCCCCC[NH2+]CCCCCCCCCCCCC,-7.405668446
C[NH+](CC=CC#CC(C)(C)C)CC1=CC=CC2=CC=CC=C12,-4.464546178
CCCCCCCCCC(C)(C)SSC(C)(C)CCCCCCCCC,-7.127966051
CCCCC(CC)COC(=O)OCC(CC)CCCC,-6.979936669
CC(C)(C1=CC=C(OC2=CC=C(N)C=C2)C=C1)C1=CC=C(OC2=CC=C(N)C=C2)C=C1,-7.19172722
CCN(CC)C1=CC=C2C=C3C4=NC5=CC=CC=C5N4C(=O)C(C#N)=C3OC2=C1,-7.202332762
CCN(CC)C1=CC=C(N=NC2=C(C=C(C)C=C2C#N)C#N)C([N-]S(C)(=O)=O)=C1,-7.233105094
CCCCCCCCCCCCCCCCCC(=O)OC,-7.800359899
CC(=O)OCCN(CCOC(C)=O)C1=CC=C(C=C1)N=NC1=CC=C(C=C1C#N)[N+]([O-])=O,-7.300465045
CCN(CCC#N)C1=CC=C(C=C1)N=NC1=CC=C(C=C1)[N+]([O-])=O,-7.208650928
CC1=CC(=CC(C)=C1)N1C(=O)C2=CC=C3C4=C5C(=CC=C6C(=O)N(C7=CC(C)=CC(C)=C7)C(=O)C(C=C4)=C56)C4=C3C2=C(C=C4)C1=O,-7.476148795
CCN(CCC(=O)OC)C1=CC=C(C=C1)N=NC1=C2C=C(C=CC2=NS1)[N+]([O-])=O,-7.315402454
CCCCCCCCCCCCCCOC(=O)CCCCCCCCCCCCC,-7.327107482
CCCC1CCC(CC1)C1=CC=C(C=C1)C1=CC=C(CC)C=C1,-7.185390564
CC(C=CC=C(C)C=CC1=C(C)CCCC1(C)C)=CC=CC=C(C)C=CC=C(C)C=CC1=C(C)CCCC1(C)C,-7.553792438
CCCCCCCCCCCCCCCCCCNC(=O)CCCCCCCCCCCC=CCCCCCCCC,-7.770909423
NC(CC1=CC=CC=C1)=CC(=O)C(CC1=CC=CC=C1)[NH+](CC1=CC=CC=C1)CC1=CC=CC=C1,-7.663343734
CCCCCCCCCCCCCCCC(=O)NCCCCCCCCC=CCCCCCCCC,-7.704078415
[O-]C(=O)C1=C(N=NC2=CC=C(C=C2)S([O-])(=O)=O)C(=O)N([N-]1)C1=CC=C(C=C1)S([O-])(=O)=O,-7.751246762
CCCCCCCCCCCCCCCCCCNC(=O)CCC1=CC(=C(O)C(=C1)C(C)(C)C)C(C)(C)C,-7.724189002
CC(C)(C)C1=CC(CCC(=O)NCCCCCCNC(=O)CCC2=CC(=C(O)C(=C2)C(C)(C)C)C(C)(C)C)=CC(=C1O)C(C)(C)C,-7.804113524
NC1=CC=C(Cl)C=C1C(=O)C1=CC=CC=C1Cl,-7.425088938
O=C1N(C2=CC=C(C=C2)N=NC2=CC=CC=C2)C(=O)C2=C3C1=CC=C1C4=C5C(=CC=C6C(=O)N(C7=CC=C(C=C7)N=NC7=CC=CC=C7)C(=O)C(C=C4)=C56)C(C=C2)=C31,-7.875509224
CCOC1=CC2=C(OC3=C(NC(C)=O)C4=NC5=CC(OCC)=C(NC(=O)C6=CC=CC=C6)C=C5OC4=C(NC(C)=O)C3=N2)C=C1NC(=O)C1=CC=CC=C1,-7.86138265
CCCCCCCCCCCCCCCCCCNC(=O)CCCCCCCCCCCCCCCCC,-7.729153446
CC1=C(CC2=CC(=C(O)C(=C2)C(C)(C)C)C(C)(C)C)C(C)=C(CC2=CC(=C(O)C(=C2)C(C)(C)C)C(C)(C)C)C(C)=C1CC1=CC(=C(O)C(=C1)C(C)(C)C)C(C)(C)C,-7.981473646
CC(C)(C1=CC=CC=C1)C1=CC=C(NC2=CC=C(C=C2)C(C)(C)C2=CC=CC=C2)C=C1,-7.782007082
CCN(CC)C1=CC=C2C=C(C3=NC4=CC(=CC=C4O3)S(N)(=O)=O)C(=O)OC2=C1,-7.831098413
O=C1C2=CC=CC=C2C(=O)C2=C3NC4=CC=C5C(=O)C6=CC=CC=C6C(=O)C5=C4NC3=CC=C12,-7.946874563
CCCCC(CC)COCCCNC(=O)NC1=CC=CC2=C(NC(=O)NCCCOCC(CC)CCCC)C=CC=C12,-8.06807152
CC1=CC(CCC(=O)OCC(C)(C)C2OCC3(COC(OC3)C(C)(C)COC(=O)CCC3=CC(C)=C(O)C(=C3)C(C)(C)C)CO2)=CC(=C1O)C(C)(C)C,-8.267743564
CCN(CC)C1=CC=C2C(OC(=O)C(C3=NC4=CC=CC=C4S3)=C2C#N)=C1,-8.097434324
N#CC1=CC=C(C=CC2=CC=C(C=CC3=CC=CC(=C3)C#N)C=C2)C=C1,-8.123728846
COC1=CC(=CC=C1[N-]N=C(C(C)=O)C(=O)NC1=CC=CC=C1)C1=CC=C([N-]N=C(C(C)=O)C(=O)NC2=CC=CC=C2)C(OC)=C1,-8.616766696
CCCCCCOC1=CC=C(C([O-])=C1)C1=NC(=NC(=N1)C1=CC=CC=C1)C1=CC=CC=C1,-9.15181097
CCCCCCCCCCCCCCCCCCCCC=CCC=CCCCCCCCCCCC[NH2+]CCCCCCCCCCCCCCCCCCCCC=CCC=CCCCCCCCCCCC,-9.707106255
CCCCCC(CCC)COC(=O)C1=CC=CC=C1C(=O)OCC(CCC)CCCCC,-9.649988729
CC1COC2=CC=CC=C2N1C(=O)C(Cl)Cl,-3.835390149
FC1=CC=C(C=C1)C(=O)C1CC[NH2+]CC1,0.589019569
OCC(=O)CO,1.013864214
OC1=C2C(NN=C3C=C(N=NC4=CC(=CC(=C4[O-])[N+]([O-])=O)[N+]([O-])=O)C(=O)C(N=NC4=CC=C(C=C4)[N+]([O-])=O)=C3[O-])=CC(=CC2=CC(=C1)S([O-])(=O)=O)S([O-])(=O)=O,-0.967567025
[O-]S(=O)(=O)C1=CC2=CC(NC(=O)NC3=CC=C4C(=C3)C=C(C(=NNC3=CC=CC=C3)C4=O)S([O-])(=O)=O)=CC=C2C(=O)C1=NNC1=CC=CC=C1,-1.887246692
C[N+](C)(C)CC1CO1,0.749634411
CC(C)C1=CC=C(C=C1)S([O-])(=O)=O,0.612751114
COC1=CC(=C(C)C=C1NC(=O)C(=N[N-]C1=CC=C(C=C1)C1=NC2=CC=C(C)C(=C2S1)S([O-])(=O)=O)C(C)=O)S([O-])(=O)=O,-0.916346136
[O-]S(=O)(=O)C1=CC(NN=C2C(=O)C=CC3=CC=CC=C23)=CC=C1C1=CC=C(NN=C2C(=O)C=CC3=CC=CC=C23)C=C1S([O-])(=O)=O,-1.897313906
NC1=CC=C(C=C1)C#N,-1.142974365
[O-]C(=O)CS,0.780671021
OC(COCC=C)CS([O-])(=O)=O,0.55383995
O=C1OCCO1,0.946191052
[O-]C(=O)CC(=C)C([O-])=O,-0.225028298
NC(=[NH2+])NCCCC([NH3+])C([O-])=O,0.539730472
CC(NC1=CC=C(NN=C2C=C(C3=CC=CC=C3C2=O)S([O-])(=O)=O)C(C)=C1)C(=O)C1=CC=CC=C1,-1.812900622
ClCC1CO1,-0.147373679
[O-]C(=O)CN(CC([O-])=O)CC([O-])=O,0.396103236
NC1=CC(N)=C(C=C1N=NC1=CC(=CC=C1O)[N+]([O-])=O)S([O-])(=O)=O,-0.763942094
[NH2+]=C(C1=CC=CC=C1)C1=CC=CC=C1,-2.781128006
[O-]C(=O)CS,0.727399149
CC(CC([O-])=O)CC(C)(C)C,0.485162372
NC1=CC(=CC(=C1O)S([O-])(=O)=O)[N+]([O-])=O,-0.994056687
COC1=CC(N=NC2=CC=C(C=C2)S([O-])(=O)=O)=C(C)C=C1NN=C1C(=O)C2=CC=C(NC3=CC=CC=C3)C=C2C=C1S([O-])(=O)=O,-2.045401474
CC1=CC=CC=C1OC1=CC=CC=C1NN=C1C(=O)C2=C(NC(=O)C3=CC=CC=C3)C=C(C=C2C=C1S([O-])(=O)=O)S([O-])(=O)=O,-2.050671467
[O-]S(=O)(=O)CCCN1CCOCC1,0.455782507
NC(=O)NC1=CC(NC2=NC(NC3=CC=C(C4=CC=C(NC5=NC(NC6=CC=C(N=NC7=CC8=C(C=C(C=C8C=C7S([O-])(=O)=O)S([O-])(=O)=O)S([O-])(=O)=O)C(NC(N)=O)=C6)=NC(Cl)=N5)C=C4S([O-])(=O)=O)C(=C3)S([O-])(=O)=O)=NC(Cl)=N2)=CC=C1N=NC1=CC2=C(C=C(C=C2C=C1S([O-])(=O)=O)S([O-])(=O)=O)S([O-])(=O)=O,-1.498168281
OCCC1CCCC[NH2+]1,0.642748355
[NH3+]C(CO)(CO)CO,0.551414915
CC(C)COC(=O)C(C)O,-0.412857335
[O-]C(=O)CS,-0.383898135
CC1(C)CC(O)CC(C)(C[NH3+])C1,0.488999371
CC(=C)CS([O-])(=O)=O,0.519421508
[O-]S(=O)(=O)OOS([O-])(=O)=O,-0.653730142
OC(CNC1=CC=CC=C1)CS([O-])(=O)=O,0.11878449
CCCCCCCC1N(CCO)C=CN1CCC([O-])=O,0.212706758
[O-]C(=O)CN(CCN(CC([O-])=O)CC([O-])=O)CC([O-])=O,0.118989877
CC(=C)C(=O)OCC1CO1,-0.45378908
[O-][N+](=O)C1=NNC=C1,-1.285472821
CC(=O)C(=N[N-]C1=CC(=CC=C1O)S(N)(=O)=O)C(=O)NC1=CC=CC=C1,-2.208470112
CCCCCCOC(CO)CO,-1.055812212
CC[N+]1(C)CCCC1,1.410187143
[O-]C(=O)C1=CC=CC=C1,0.48726735
NC(=O)C1=CC=C[N+](CC2=CC=CC=C2)=C1,0.293610373
CC(C)=CCCC(C)(C=C)C=CC1=CC=C(O)C=C1,-6.337017381
COC(C)(C)CCOC(C)=O,-0.439029198
OC1=C(NC2=NC(Cl)=NC(NC3=CC=C(NC4=NC(Cl)=NC(NC5=C([O-])C6=C(C=C(C=C6C=C5S([O-])(=O)=O)S([O-])(=O)=O)N=NC5=C(C6=CC=CC(=C6C=C5)S([O-])(=O)=O)S([O-])(=O)=O)=N4)C=C3)=N2)C(=CC2=CC(=CC(N=NC3=C(C4=CC=CC(=C4C=C3)S([O-])(=O)=O)S([O-])(=O)=O)=C12)S([O-])(=O)=O)S([O-])(=O)=O,-0.634868411
CCCCCCCCCCCCCC[N+](C)(C)CC1=CC=CC=C1,-0.953121785
NC(=O)NC1=NC(=O)NC1O,-1.508782486
[O-]S(=O)(=O)C1=CC=C(C=C1)N=NC1=CC=C(NN=C2C(=O)C3=CC=C(NC(=O)C4=CC=CC=C4)C=C3C=C2S([O-])(=O)=O)C=C1,-2.156676448
NC1=CC=C2C=C(C=C([O-])C2=C1N=NC1=CC=CC=C1S(=O)(=O)C1=CC=CC=C1)S([O-])(=O)=O,-2.088831676
O=C1CCO1,0.710489386
CC(C)CCOC([S-])=S,0.237889723
CCC(=O)N(C1CC[NH2+]CC1)C1=CC=CC=C1,-0.835225508
[O-]S(=O)(=O)CCN1CCOCC1,0.188529745
CCCCCCCC(=O)OCC(O)CO,0.179474131
CC(=O)C(=N[N-]C1=CC(=CC(=C1O)S([O-])(=O)=O)[N+]([O-])=O)C(=O)NC1=CC=CC=C1,-0.474704027
NC1=C(N=NC2=CC=C(C=C2)[N+]([O-])=O)C(=CC2=C1C(=O)C(=NNC1=CC=CC=C1)C(=C2)S([O-])(=O)=O)S([O-])(=O)=O,-1.2800595
[O-]C(=O)C1=CC=CC=C1,0.390910622
CN(C)C(=O)NCC1(C)CC(CC(C)(C)C1)NC(=O)N(C)C,-1.893818753
NC1=CC=C2C(=O)C(=NNC3=CC=C4C(=O)C(=NNC5=CC=CC=C5)C(=CC4=C3)S([O-])(=O)=O)C(=CC2=C1)S([O-])(=O)=O,-2.210130555
NC(=O)CN(CC([O-])=O)CC([O-])=O,-1.763581857
NC#N,-0.446096322
[O-]C(=O)CCSCCC([O-])=O,-0.799143198
CC1=CC=CC=C1NC1=NC(Cl)=NC(NC2=CC(=CC3=C2C(=O)C(=NNC2=CC=CC=C2S([O-])(=O)=O)C(=C3)S([O-])(=O)=O)S([O-])(=O)=O)=N1,-0.457240368
N[NH3+],1.595628815
[O-]S(=O)(=O)C1=CC=C(NN=C2C(=O)C=CC3=CC=CC=C23)C=C1,-1.115857896
OC1=CC(=CC=C1N=NC1=C(O)C(=CC2=CC(=CC=C12)S([O-])(=O)=O)S([O-])(=O)=O)C1=CC=C(N=NC2=C([O-])C(=CC3=CC(=CC=C23)S([O-])(=O)=O)S([O-])(=O)=O)C(O)=C1,-1.607428748
COS([O-])(=O)=O.CC(C)N(C(C)C)C1=N[N+](C)=C(S1)N=NC1=CC=C(C=C1)N(C)C,-1.259698438
[O-]S(=O)(=O)C1=CC=CC2=C(C=CC=C12)N=NC1=CC=C(N=NC2=CC=C(NC3=CC=CC=C3)C3=C(C=CC=C23)S([O-])(=O)=O)C2=CC=CC=C12,-1.463118539
CC1=NN(C(=N)C1=NNC1=CC(Cl)=C(C=C1Cl)S([O-])(=O)=O)C1=CC=CC=C1,-1.237068525
CC(C)CC1CC(C)(O)CCO1,2.13768162
CC1=CC=C(C=C1)S(=O)(=O)OC1=CC=C(C=C1)N=NC1=CC=C(N=NC2=CC=C(NC3=CC=C(C=C3S([O-])(=O)=O)[N+]([O-])=O)C=C2)C2=CC=C(C=C12)S([O-])(=O)=O,-1.570984747
CC1=CC(C)=C(N)C(C)=C1N,-0.820716356
NC1=CC=C(N=NC2=CC=C(NN=C3C(=O)C4=C(N)C(N=NC5=CC=C(C=C5)N=NC5=CC=C(N)C=C5N)=C(C=C4C=C3S([O-])(=O)=O)S([O-])(=O)=O)C=C2)C(N)=C1,-1.568718144
CC1(C)CC(=O)CC(C)(C)N1[O],0.10341255
NC1=CC=C(N=NC2=CC=C(C=C2)S(=O)(=O)NC2=CC=C(C=C2)N=NC2=C(N)C3=C(C=C(C(=NNC4=CC=CC=C4)C3=O)S([O-])(=O)=O)C=C2S([O-])(=O)=O)C(N)=C1,-0.602981194
CC1=CC=C(O)C=C1,-0.701547905
NC1=C(C=C(NC2CCCCC2)C2=C1C(=O)C1=CC=CC=C1C2=O)S([O-])(=O)=O,-1.296365099
[O-][N+](=O)C1=CC=C(NC2=CC=C(NC3=CC=CC=C3)C(=C2)S([O-])(=O)=O)C(=C1)[N+]([O-])=O,-2.199137363
COC(=O)C1=CC=CC=C1N,-1.733847045
NC1=C2C(=O)C3=CC=CC=C3C(=O)C2=C(NC2=CC=CC=C2)C=C1S([O-])(=O)=O,-2.173896088
CC1=NN(C(=O)C1N=NC1=CC(Cl)=CC=C1OC1=CC=CC=C1Cl)C1=CC(=CC=C1Cl)S([O-])(=O)=O,-2.316221585
CCNC(=S)OC(C)C,-1.744788784
CCOC(=O)C1=CC=C(O)C(O)=C1,-1.855655062
[O-]C(=O)C1=CC(=CC(=C1)C([O-])=O)C([O-])=O,-1.942299553
COC1=CC=C(CCC#N)C=C1OC,-1.901344783
CC1=NN(C(=O)C1N=NC1=CC=CC(=C1)S(=O)(=O)NCCC1=CC=CC=C1)C1=CC(Cl)=C(C=C1Cl)S([O-])(=O)=O,-2.429980995
CC1=CC=C(C=C1)S(=O)(=O)NC1=CC(=CC2=C1C(=O)C(=NNC1=CC=C(OC3=CC=CC=C3C)C=C1OC1=CC=CC=C1C)C(=C2)S([O-])(=O)=O)S([O-])(=O)=O,-2.566969077
COC1=CC(N=NC2=CC(=CC3=CC(=CC([O-])=C23)S([O-])(=O)=O)S([O-])(=O)=O)=C(C)C=C1NC(=O)NC1=CC(C)=C(C=C1OC)N=NC1=CC(=CC2=CC(=CC([O-])=C12)S([O-])(=O)=O)S([O-])(=O)=O,-2.690313687
O=C1NC(=O)C2CCCC12,0.155357382
[O-]S(=O)(=O)CC[NH2+]C1CCCCC1,-0.078418557
[O-]S([O-])(=O)=O,0.126333765
CC12CCC3C(CCC4=C3CCC(=O)C4)C1CCC2O,-4.947028744
[O-]C(=O)C1=C[N+](=CC=C1)C1=NC(NCCNC2=C(C3=C(C=C2)N=C2C(Cl)=C4OC5=C(C(NCCNC6=NC(NC7=CC(=CC=C7S([O-])(=O)=O)S([O-])(=O)=O)=NC(=N6)[N+]6=CC(=CC=C6)C([O-])=O)=CC=C5N=C4C(Cl)=C2O3)S([O-])(=O)=O)S([O-])(=O)=O)=NC(NC2=CC(=CC=C2S([O-])(=O)=O)S([O-])(=O)=O)=N1,-0.952204802
NC1=CC=C(NN=C2C=CC3=C(C=CC=C3S([O-])(=O)=O)C2=O)C=C1,-1.291560039
CC=C(C)C(=O)OC1C(OC(C)=O)C2(CO)C(O)CC3(C)C(=CCC4C5(C)CCC(OC6OC(C(OC7OC(CO)C(O)C(O)C7O)C(O)C6OC6OC(CO)C(O)C(O)C6O)C([O-])=O)C(C)(CO)C5CCC34C)C2CC1(C)C,-1.103103668
COC1=CC=C(NN=C2C(=O)C3=CC=C(NC4=NC(=NC(NC5=CC=C6C(=O)C(=NNC7=CC=C(OC)C=C7S([O-])(=O)=O)C(=CC6=C5)S([O-])(=O)=O)=N4)N4CCOCC4)C=C3C=C2S([O-])(=O)=O)C(=C1)S([O-])(=O)=O,-1.825282751
[O-]C(=O)C1=C(N=NC2=CC=C(C=C2)S([O-])(=O)=O)C(=O)N([N-]1)C1=CC=C(C=C1)S([O-])(=O)=O,-0.504996401
CC([NH3+])C([O-])=O,0.267898616
CC1=CC=C(C=C1)S(=O)(=O)[N-]C1=CC(=CC2=C1C(=O)C(=NNC1=CC(Cl)=CC=C1OC1=CC=CC=C1)C(=C2)S([O-])(=O)=O)S([O-])(=O)=O,-0.667930686
CC(C)(C)[NH+](CC(=O)C1=CC=C(O)C(CO)=C1)CC1=CC=CC=C1,-1.348776549
CN(N=CC1=[N+](C)C2=CC=CC=C2C1(C)C)C1=CC=C(C)C=C1,-1.329218805
ON=C1CCCCC1,-0.849572956
NC1=C(N=NC2=CC(NC3=NC(Cl)=NC(NC4=CC=CC(=C4)S([O-])(=O)=O)=N3)=CC=C2S([O-])(=O)=O)C(=CC2=C1C(=O)C(=NNC1=CC(NC3=NC(Cl)=NC(NC4=CC=CC(=C4)S([O-])(=O)=O)=N3)=CC=C1S([O-])(=O)=O)C(=C2)S([O-])(=O)=O)S([O-])(=O)=O,-0.957205517
[O-]C(=O)C1CCC[NH2+]1,1.129135649
[O-]C(=O)CN(CCCN(CC([O-])=O)CC([O-])=O)CC([O-])=O,0.105005622
COC1=NC(NC2=CC=CC=C2)=NC(NC2=CC=C(C=CC3=CC=C(NC4=NC(NC5=CC=CC=C5)=NC(OC)=N4)C=C3S([O-])(=O)=O)C(=C2)S([O-])(=O)=O)=N1,-1.761510148
CC1=CC=C(NS(=O)(=O)C2=CC(=CC=C2Cl)N=NC2=C3C([O-])=CC(=CC3=CC=C2N)S([O-])(=O)=O)C(C)=C1,-0.630871318
CC1=CC(=CC=C1NN=C1C(=O)C=CC2=CC=CC=C12)S([O-])(=O)=O,-0.43660043
CC(=O)NC1=CC(=CC2=C1C(=O)C(=NNC1=CC=CC=C1)C(=C2)S([O-])(=O)=O)S([O-])(=O)=O,-0.586608448
C[NH+](C)C1CCCCC1,-0.977488142
OC([O-])=O,-0.754642314
CC(=O)NC1=CC=C2C=C(C(=NNC3=CC=C(C=C3)S(=O)(=O)CCOS([O-])(=O)=O)C(=O)C2=C1)S([O-])(=O)=O,-0.679407503
CCN(CC)C1=CC=C(C=C1)[C+](C1=CC=C(C=C1)N(CC)CC1=CC=CC(=C1)S([O-])(=O)=O)C1=CC=C(C=C1)N(CC)CC1=CC=CC(=C1)S([O-])(=O)=O,-0.77170269
[NH3+]CCCCCCNC([O-])=O,-0.095298805
[O-]S(=O)(=O)C(F)(F)F,0.903040198
[O-][N+]([O-])=O,0.010251263
CCOCCOCCOC(=O)C=C,-0.181251006
N#CCCC#N,0.175240889
CC1=CC(=CC=C1NNC1=C(C=C2C=CC(=O)C=C2C1=O)S([O-])(=O)=O)C1(CCCCC1)C1=CC=C(NNC2=C(C=C3C=CC(=O)C=C3C2=O)S([O-])(=O)=O)C(C)=C1,-0.854788461
[O-]S(=O)(=O)C1=CC=CC=C1,0.848907093
CC1=CC=CC(=C1C)S([O-])(=O)=O,0.777998866
NC1=CC(=CC2=CC(=CC(O)=C12)S([O-])(=O)=O)S([O-])(=O)=O,-1.476228892
[O-]C(=O)C([O-])=O,0.07901721
[O-]C(=O)C([O-])=O,-0.307349426
[O-][N+]([O-])=O,1.170097396
CCCC[NH2+]CCO,0.931102034
C[NH2+]CCO,1.124296456
[NH3+]CCO,1.214072532
CN(C)C=O,1.13611233
[O-]S([O-])(=O)=O,0.782342373
[SH-],1.243569299
CCN(CC)S(=O)(=O)C1=CC=C(OC)C(NN=C2C=C(C3=CC=CC=C3C2=O)S([O-])(=O)=O)=C1,-2.466753911
CCOC(=O)N(CC)C1=CC=CC=C1,0.867399476
OC1=CC=C(C=C1)S(=O)(=O)C1=CC=C(O)C=C1,-2.357024785
OCC1OC(OC2=CC(O)=CC(O)=C2C(=O)CCC2=CC=C(O)C=C2)C(O)C(O)C1O,-2.639897679
CC1=C(N)C=CC=C1Cl,-2.15106632
CC(=O)OCCC1=CC=CC=C1,-2.231757445
[O-]C(=O)CCCCC1CCSS1,-2.375047335
CC1=CC=CC=C1OCC1CO1,-2.291104446
CCCCCCCCCCCCCC[N+](C)(C)C,-2.898070996
[O-]S(=O)(=O)CCN1CC[NH+](CCS([O-])(=O)=O)CC1,-2.747593942
ClC1=CC=C2N(C3CC[NH2+]CC3)C(=O)NC2=C1,-2.663075861
CC(CC=O)CC(C)(C)C,-2.675906595
ClC1=CC=CC=C1Cl,-3.0533858
COC1=CC=C(C=CC)C=C1,-3.125539877
NC1=NC(=O)C2=C(NC=C2CCC2=CC=C(C=C2)C([O-])=O)N1,-3.574289037
CCCCCCCCCCCCCCCC(=O)N1C(CCC1=O)C([O-])=O,-4.022319118
CCOC(=O)N(C1=CC=CC=C1)C1=CC=CC=C1,-3.969239559
NC1=CC=C(OCC2=CC=CC(F)=C2)C(Cl)=C1,-4.693292334
CC(C)CCCC(C)CCCC(C)CCCCC(C)CCCC(C)CCCC(C)C,-5.14904043
CCCCCCCCCCCCCCCC=CCC(CC([O-])=O)C([O-])=O,-6.964445851
CCCCCCCCCCCCCCCCOC1=CC=CC=C1C(=O)CC(=O)NC1=NC(=CS1)C1=CC=CC=C1,-4.847279535
CC(C)OCCOC(C)=O,-0.165775242
CC(CC([O-])=O)CC(C)(C)C([O-])=O,-0.279037497
OC1=CC=C(C=C1C([O-])=O)S([O-])(=O)=O,0.655490272
C1COCC[NH2+]1,0.727886015
OCCN1CCNC1=O,0.877677326
NC1=CC=C(OCCO)C(N)=C1,-0.233704176
CC(=C)C([O-])=O,0.056273368
CC(=C)C(=O)OC(=O)C(C)=C,-0.196759712
CC[N+](CC)(CC)CC,0.583312842
[O-]C#N,0.17111691
OC([O-])=O,0.057960927
OCC[NH2+]CCO,0.957792794
C=CC(=O)OCCOCCOCCOCCOC(=O)C=C,-0.500013296
CCN(CC)C1=CC2=[O+]C3=CC(N(CC)CC)=C(C)C=C3C(C3=CC=C(C=C3S([O-])(=O)=O)S([O-])(=O)=O)=C2C=C1C,-0.80532039
COCCOCCOC,0.84545625
CC=CC([O-])=O,0.038175146
[O-][N+]([O-])=O,-0.444071386
[O-]C(=O)C1CCC(=O)N1,-0.534193588
C[NH+](C)CC([O-])=O,0.809172864
OC([O-])=O,0.953747696
CC(=C)CCO,0.019067893
CCC(C)C1=CC(=CC(N2N=C3C=CC=CC3=N2)=C1O)S([O-])(=O)=O,-1.57624495
CC1=CC=C(N)C=C1,-1.047745261
CCOC1=CC=CC=C1O,-1.171451504
CCC1(COC(=O)C=C)COCOC1,-1.333054875
COC1=CC(C=O)=CC=C1O,-1.228026593
[O-]C(=O)C1=CC=C[N+](CC2=CC=CC=C2)=C1,0.519220267
CC(C)([NH3+])C#C,1.031655988
CCN1C([O-])=C(C(N)=O)C(C)=C(N=NC2=CC(NC3=NC(F)=NC(NC4=CC(=CC=C4Cl)S([O-])(=O)=O)=N3)=CC=C2S([O-])(=O)=O)C1=O,-0.921034384
CC(O)C[NH2+]CC(C)O,0.815044373
C1N2CN3CN1CN(C2)C3,0.792402682
CCC1CO1,0.080542298
[O-]C=O,-0.274600321
O=C1CCCCC1,-0.057369728
[O-]S(=O)(=O)OOS([O-])(=O)=O,0.571095673
C[N+](C)(C)CC(O)CCl,0.647406308
CC(C)(CO)CO,0.901422988
CCOC(C)=O,-0.025404461
C1CC=CCCC=C1,-2.499798074
[O-]C(=O)C1=CC=CC=C1C([O-])=O,-0.391024433
[O-]C(=O)CCl,0.848624184
O=C1CCCCCN1,0.860120914
ON=O,1.074996233
CC1=CC=C(C=C1)S([O-])(=O)=O,0.624533151
[O-]S([O-])(=O)=O.COC1=CC=C(NCCO)C=C1N,-0.534342295
C=CC[NH2+]CC=C,-0.079006957
OCCN(CCO)C1=NC(NC2=CC=C(C=CC3=CC=C(NC4=NC(=NC(NC5=CC=CC=C5)=N4)N(CCO)CCO)C=C3S([O-])(=O)=O)C(=C2)S([O-])(=O)=O)=NC(NC2=CC=CC=C2)=N1,-1.059279349
N#CCCCCC#N,-0.130912442
CC(=O)CC(=O)NC1=CC=CC=C1,-1.299081064
COS([O-])(=O)=O.CN(N=CC1=[N+](C)C2=CC=CC=C2C1(C)C)C1=CC=C(C)C=C1,-1.676206053
COS([O-])(=O)=O.COC1=CC=C(C=C1)N(C)N=CC1=[N+](C)C2=CC=CC=C2C1(C)C,-1.692536484
CCCCC(CC)(CO)CO,-1.260334336
CCC=C(C)C=O,-1.057369728
O=C1OC(=O)C2=CC3=C(C=C12)C(=O)OC3=O,-1.406221724
CCCCOC(=O)CCC(C)=O,-1.306674746
CC1CCC2C(C1)C(=O)OC2=O,-1.301526049
CCCCC(CC)C([O-])=O,-1.591715559
CC1=CC=CC(C)=C1N,-1.167514488
COC(=O)C1CCC(CC1)C(=O)OC,-1.387194666
CCCCC(CC)COC(=O)CC(C(=O)OCC(CC)CCCC)S([O-])(=O)=O,-1.735714189
NC(=O)C1=CC=C(N)C=C1,-1.225545386
CN1C2=C(NC=N2)C(=O)N(C)C1=O,-1.35258526
CC(CC(C)(C)CC#N)C#N,-1.574682221
C[NH+](C)CC1=CC=CC=C1,-1.227918826
ClC(Cl)Cl,-1.173834312
C=CC(=O)OCC1CCCO1,-0.295451716
CC(=O)CC(=O)NC1=CC=C(C=C1)S([O-])(=O)=O,0.421747335
CCOC1=C(O)C(=O)OC1C(O)CO,0.580970652
COC(=O)C=CC(=O)OC,-0.267204876
CC1=CC(O)=CC=C1O,-0.207417517
CNC(=O)NC,0.938636234
CCCCC(CC)C[NH+](CCC([O-])=O)CCC([O-])=O,0.410469265
CC([O-])=O,-0.375535712
C[NH+](C)C,0.899333987
[O-]C(=O)COC1=CC=C(Cl)C=C1Cl,0.449977221
COCCC(=O)OC,0.802693707
[O-]C#N,0.965960091
OCCCCOC=C,-0.18999534
CCCCOCC1CO1,-0.53795425
[O-]S(=O)(=O)C(CC(=O)OC1CCCCC1)C(=O)OC1CCCCC1,-0.714701597
CN(CCC#N)C1=CC=C(C=CC2=[N+](C)C3=CC=CC=C3C2(C)C)C=C1,-0.774172069
[O-]S(=O)(=O)OOS(=O)=O,0.486552521
CC1=NN(C(=O)C1N=NC1=CC=C(C)C(=C1)S(=O)(=O)NC1=CC=CC=C1)C1=CC=C(C=C1)S([O-])(=O)=O,-0.872552369
[O-]C(=O)C=C,0.00596733
C[NH3+],1.368643478
[O-]C(=O)CN(CCN(CC([O-])=O)CC([O-])=O)CC([O-])=O,-0.707389182
C=CC(=O)OC1C=CC2C3CCC(C3)C12,-3.708142472
[O-]S(=O)(=O)CC=C,0.694952865
CC1=CC(NC2=NC(NC3=CC=C(N=NC4=CC5=C(C=CC=C5C(=C4)S([O-])(=O)=O)S([O-])(=O)=O)C(C)=C3)=NC(NCCO)=N2)=CC=C1N=NC1=CC2=C(C=CC=C2C(=C1)S([O-])(=O)=O)S([O-])(=O)=O,-1.174873472
CC([O-])=O.COC1=CC=C2C=C(OC2=C1)C1N(C)C2=CC=C(C=C2N1C)S(C)(=O)=O,0.212574469
OCCN1CC[NH+](CCS([O-])(=O)=O)CC1,0.431866679
NC(=O)C1CCC[NH2+]1,0.785359758
N1C=NC=N1,1.005827448
[O-]C=O,1.012544423
OC1=CC=C(O)C=C1,-0.196736611
[NH3+]C(CC([O-])=O)C([O-])=O,-1.229318187
NC1=CC=C(NC2=CC=C(C=C2S([O-])(=O)=O)[N+]([O-])=O)C=C1,-1.59828953
CN1C2=CC=CC=C2C(C=CC2=[N+](C)C3=CC=CC=C3C2(C)C)=C1C1=CC=CC=C1,-1.743927996
C1COC=CC1,-1.038398213
CCCCCCC(O)CO,-1.289975217
CC[NH+](C(C)C)C(C)C,-1.241602263
NC1=CC(=C(O)C2=C1C(=O)C1=C(O)C(=CC(N)=C1C2=O)S([O-])(=O)=O)S([O-])(=O)=O,-1.799112619
CC(C)OC(=O)C(F)(F)F,-1.336078753
CCOC1=CC=C(C)C=C1N=NC1=CC=C(N=NC2=CC=CC(=C2)S([O-])(=O)=O)C2=CC=CC=C12,-1.847135544
[O-]C(=O)C=CC([O-])=O,-1.219629428
CC(O)CN(CC(C)O)C1=CC=C(C)C=C1,-1.5038218
CCOS(=O)(=O)OCC,-1.342949719
CN(CC1=CC=C(NC2=CC(=C(N)C3=C2C(=O)C2=CC=CC=C2C3=O)S([O-])(=O)=O)C=C1)S(=O)(=O)C1=CC=C(C)C=C1,-1.942821991
[O-]C(=O)C(F)(F)F,0.661069302
[O-]C=O,1.175855294
[O-]C(=O)CN(CCN(CC([O-])=O)CC([O-])=O)CC([O-])=O,0.322699056
CCCCCCCCCCCC[N+](C)(C)CC(O)CS([O-])(=O)=O,0.286518104
CC1=CC=C(C=C1S([O-])(=O)=O)[N+]([O-])=O,0.492439953
CC([O-])=O,0.469225609
OC(C([O-])=O)C1=CC=CC=C1Cl,-0.4390279
[O-]S(=O)(=O)C1=CC=C2C(C=CC(=O)C2=NNC2=CC=C(N=NC3=CC=C(NC4=CC=CC=C4)C(=C3)S([O-])(=O)=O)C3=CC=CC=C23)=C1,-1.015630004
CN1CN(C=C)C=C1,0.658580285
[NH3+]C(CS)C([O-])=O,0.621927102
CC([O-])=O,-0.03568317
CCCCO,-0.050409053
[O-]S([O-])(=O)=O,0.540234161
[O-]S([O-])(=O)=O,0.631332711
COC1=CC=C(C=C1)N=NC1=CC=C(C=C1OC)N=NC1=CC=CC(=C1)S([O-])(=O)=O,-0.83545917
ON1C=CC=CC1=S,0.637012443
OCC(O)C1OC(=O)C(O)=C1[O-],0.511043092
CC1=C(CNC(=O)CCl)C(C)=C(NC2=CC(=C(N)C3=C2C(=O)C2=CC=CC=C2C3=O)S([O-])(=O)=O)C(C)=C1CNC(=O)CCl,-1.017551933
CC(C)=CCO,-0.128994642
NS([O-])(=O)=O,0.438861216
[NH3+]CCCCCC[NH3+],0.738903406
OCS([O-])=O,0.731520726
N1C=CN=C1,0.968390542
[NH3+]C(CC([O-])=O)C([O-])=O,0.609927332
CCC(C)(C)OO,-0.216594575
[NH3+]CCC1=CC=CC=C1,-0.28238117
CC1(C)CC(O)CC(C)(C)N1[O],0.562703544
CC1=C2N=NNC2=CC=C1,0.605167428
O=C1CCC(=O)O1,-0.201666274
CCC([O-])=O,-0.476934722
OCC(CO)(CO)CO,-0.341616387
CC(C)C(=O)OC(=O)C(C)C,0.591790232
[O-]C(=O)C1CCC(=O)N1,0.608204633
CCN(CC1=CC=CC(=C1)S([O-])(=O)=O)C1=CC=C(C=C1)[C+](C1=CC=C(C=C1)N(CC)CC1=CC=CC(=C1)S([O-])(=O)=O)C1=CC=CC=C1S([O-])(=O)=O,-0.113158037
CC1(C)C(O)C(C)(C)C1O,-0.373677588
OC(CC([O-])=O)(CC([O-])=O)C([O-])=O,0.296193785
OCCOCCOCCCNC1=CC=C(NCCCOCCOCCO)C2=C1C(=O)C1=CC=CC=C1C2=O,0.057188696
CC([O-])=O,1.001717808
[O-]C(=O)CCC(=O)C([O-])=O,0.614880073
[O-]S(=O)(=O)CCCSSCCCS([O-])(=O)=O,0.228652636
CC(=C)C=O,-0.067511006
CC(C)C=O,-0.079826177
CNC(=O)C(C)(C(C)C)C(C)C,-1.394867706
ClC(Cl)=O,-1.160845842
[O-]C(=O)CC1(CC([O-])=O)CCCCC1,-1.47223405
NC(=O)CCC(NC(=O)C[NH3+])C([O-])=O,-0.194310278
CC(C)(C)C1=CC=C(C=C1)S(=O)(=O)NC1=CC2=CC=C(C=C2C=C1)S(=O)(=O)C1=CC2=C(OC3=C(Cl)C4=NC5=C(OC4=C(Cl)C3=N2)C(=C(N)C=C5)S([O-])(=O)=O)C(=C1N)S([O-])(=O)=O,-2.180765898
CCSC,-1.056973282
O=CC1=CC=CC=C1,-1.209572311
CCC(C)(OO)OOC(C)(CC)OO,-1.507773246
C[NH2+]C(C)C(O)C1=CC=CC=C1,-1.405191317
CCOC(=O)C(C)C,-1.255496889
O=C1OC(=O)C2=CC=CC=C12,-1.364424933
ClC=CCl,-1.187180386
C1=CC2=CC=CN=C2C=C1,-1.325093551
CC(C)(O)C1=CC=CC=C1,-1.759306143
NC1=C(C=C(C2=CC(=C(N)C3=C2C(=O)C2=CC=CC=C2C3=O)S([O-])(=O)=O)C2=C1C(=O)C1=CC=CC=C1C2=O)S([O-])(=O)=O,-2.030180053
CC[NH+]1CCCCC1,-1.275710522
CC1=CC=C(N)C(=C1)S([O-])(=O)=O,-1.494200991
[O-]C(=O)C1=CC(C([O-])=O)=C(C=C1C([O-])=O)C([O-])=O,-1.959467524
O=C1NCCN1,0.840273374
NO.NO.[O-]S([O-])(=O)=O,0.553426318
CCCCCCCCCCCCCC(=O)NC(CCC([O-])=O)C([O-])=O,-0.830822577
CC(=O)OCC(COC(C)=O)OC(C)=O,-0.575436704
CC1(C)CO1,-0.094549434
CCCCCCOC1OC(CO)C(O)C(O)C1O,-0.658698746
OC(CC([O-])=O)(CC([O-])=O)C([O-])=O,0.476843124
NC1=NN=CN1,0.832692995
OCCN1C(=O)N(CCO)C(=O)N(CCO)C1=O,0.340366328
OC(CC([O-])=O)(CC([O-])=O)C([O-])=O,0.425248046
NC(=O)CCN(CCO)C1=NC(NC2=CC=CC=C2)=NC(NC2=CC=C(C=CC3=CC=C(NC4=NC(NC5=CC=CC=C5)=NC(=N4)N(CCO)CCC(N)=O)C=C3S([O-])(=O)=O)C(=C2)S([O-])(=O)=O)=N1,-1.247560996
OC1COC(O)C(O)C1O,0.577880851
CC(C)(CO)C(O)C(=O)NCCCO,0.437676454
OC(C(O)C([O-])=O)C([O-])=O,0.571847844
OC(C(O)C([O-])=O)C([O-])=O,0.473623794
COC(=O)CC(C(C)=O)C(=O)OC,-0.524834841
OC([O-])=O,-0.722399688
C(CCOCC1CO1)COCC1CO1,-0.560813739
[SH-],0.990088732
[NH3+]CCC([O-])=O,0.786548045
CNC1=NC(OC)=CC=C1N,0.381923091
CCC(C)[NH2+]CCO,0.666700934
OC(CC([O-])=O)(CC([O-])=O)C([O-])=O,0.287941418
[O-]S(=O)OS([O-])=O,0.453391082
CNC(NCC1CCOC1)=N[N+]([O-])=O,-0.569414718
CCOCCC(=O)OCC,-0.431708518
C[NH2+]C1CCCCC1,-0.321468013
COC(=O)CC#N,-0.263631686
OCCS([O-])(=O)=O,0.556942214
[O-]S(=O)(=O)C(F)(F)C(F)(F)C(F)(F)C(F)(F)C(F)(F)C(F)(F)C(F)(F)C(F)(F)F,-0.072180899
CCCCCCCCC=CCCCCCCCCOC(=O)C(CC([O-])=O)S([O-])(=O)=O,-0.962426912
CCOC(=O)CC#N,-0.327612407
COC1=CC(=C(OC)C=C1N=NC1C(C)=NN(C1=O)C1=CC=C(C=C1)S([O-])(=O)=O)S(=O)(=O)CCOS([O-])(=O)=O,-0.089843034
OC(CC([O-])=O)(CC([O-])=O)C([O-])=O,0.345413007
CC(CCC#N)C#N,-0.31550074
CCCCOCC(C)O,-0.405237967
O=C1OC=CO1,0.777076543
CCC(C)OC([S-])=S,0.468876879
CC(O)C1=CC(N)=CC=C1N,-0.68563679
CC1=C(OC=N1)C#N,-0.324555733
[O-][N+]([O-])=O,0.327636132
CCOC([S-])=S,0.544338165
[NH3+]CCCCCCCC[NH3+],0.362142177
CC(C)(C)NC(=O)C1CC2CCCCC2C[NH2+]1,-2.161609361
OCCCCCCO,1.626440718
C[NH+](C)CCOC(=O)C(C)=C,0.502481549
OC(C(O)C([O-])=O)C([O-])=O,0.411056357
[O-]C(=O)C1CCC(=O)N1,-0.404258917
CCCC=O,-0.159007423
C1CCSC1,-1.181917475
CC(=O)OC1=CC=CC=C1,-1.373595162
CCCl,-1.050748809
ClC1=CC(Cl)=NC=N1,-1.417253114
CC(=O)C(=N[N-]C1=CC=C(C=C1)N=NC1=C(N)C2=C(C=C(C(=NNC3=CC=C(C4=CC=CC=C34)S([O-])(=O)=O)C2=O)S([O-])(=O)=O)C=C1S([O-])(=O)=O)C(=O)NC1=CC=CC=C1,-2.218028318
CC1=CC=C(N)C(C)=C1,-1.335253673
NC1=CC=CC=C1Cl,-1.357574146
CCOC1=CC=CC2=C1C(=O)C1=C(NC3CCCCC3)C=CC(NC3=CC=CC=C3S([O-])(=O)=O)=C1C2=O,-1.987836786
CC(C[NH3+])CCC[NH3+],-1.327248701
CN1C(N)=CC(=O)N(C)C1=O,-1.453578731
CC=CCCC1CCCC(=O)O1,-1.488726291
CCCOC(=O)C(O)=COC1=CC=CC=C1,-1.622546359
NC1=NC(N)=CC(=O)N1,-1.378146596
CC1=CC=C(N)C(Cl)=C1O,-1.48155287
O=C1[N-]C(=O)[C-]([N+]#N)C(=O)[N-]1,-1.471757019
CC(COCC(C)OC(=O)C=C)OC(=O)C=C,-1.668298088
[O-]C(=O)C1=CC=NC=C1,-1.375967099
OC1CSC(O)CS1,-1.469038232
CC(=O)CCCCCl,-1.415573876
CC1=CC(=O)N(N1)C1=CC=C(C=C1)S([O-])(=O)=O,-1.692640297
CC1=CC=CC=C1S(N)(=O)=O,-1.525986853
CC1CC(NC(N)=O)NC(=O)N1,-1.531423432
CC1=CC(N)=CC=C1N,-1.641347932
NC1=CC=CC(=C1)C(F)(F)F,-1.508195621
[NH3+]C1CCC(CC2CCC([NH3+])CC2)CC1,-1.62400348
COC1=CC=C(OC)C(NC(C)=O)=C1,-1.591549855
CC(C)C1=CC=C(C=C1)S([O-])(=O)=O,0.320887212
NC([O-])=O,0.711593998
CC(C)C1=CC=C(C=C1)S([O-])(=O)=O,0.346022737
C[N+](C)(C)CCCNC(=O)CCCCCCCCC=C,0.094063213
NC1=NC=CC=C1O,-0.346106152
C=CN1CCCCCC1=O,-0.450786076
CC(=O)OCC=C(C)C=O,-0.460793982
CCC(CO)(CO)C([O-])=O,0.516803854
[O-][N+]([O-])=O,0.166535451
OCC[NH+](CCN(CC([O-])=O)CC([O-])=O)CC([O-])=O,0.144421539
OCCN(CCO)C1=NC(NC2=CC=C(C=CC3=CC=C(NC4=NC(=NC(NC5=CC=CC=C5)=N4)N(CCO)CCO)C=C3S([O-])(=O)=O)C(=C2)S([O-])(=O)=O)=NC(NC2=CC=CC=C2)=N1,-1.29966008
CC(O)C([O-])=O,-0.70350543
CC(C)CC([O-])=O,-0.327924852
OC(CC([O-])=O)(CC([O-])=O)C([O-])=O,0.221876471
CCCCC(=O)N(CC1=CC=C(C=C1)C1=CC=CC=C1C1=NN=N[N-]1)C(C(C)C)C([O-])=O,-2.735926094
OCCN(CCO)C1=CC=CC=C1,-0.583380931
CCOC(=O)OC,-0.344450681
[O-]C(=O)CCCCC([O-])=O,0.251364785
[O-][Cl](=O)(=O)=O,0.461218862
[O-]S(=O)(=O)C(F)(F)C(F)(F)C(F)(F)C(F)(F)F,-0.864516218
CCN(CCO)C1=CC=C(C=C1)N=NC1=[N+](C)C2=CC=C(OC)C=C2S1,-0.946771482
COS([O-])(=O)=O.CCN(CCO)C1=CC=C(C=C1)N=NC1=[N+](C)C2=CC=C(OC)C=C2S1,-1.020815087
CCCCOC(=O)CO,-0.458338912
COC(=O)CCl,-0.372767961
OC1=CC=CC=C1O,0.612341891
CCN(O)CC,0.70363191
NC(N)=[NH2+],0.397534856
CC([O-])=O,0.833767293
CC(=C)C(=O)OCCOC(=O)CCC([O-])=O,-0.706708916
CN(C)C1C2CC3C(O)C4=C(Cl)C=CC([O-])=C4C(=O)C3=C(O)C2(O)C(=O)C(C(N)=O)C1=O,-1.046901651
CCC(C)C([O-])=O,-0.355953575
[O-]S([O-])(=O)=O,1.041524079
NC1=NC(Cl)=NC(NC2=CC(=CC3=CC(=C(N=NC4=CC(=CC=C4O)[N+]([O-])=O)C([O-])=C23)S([O-])(=O)=O)S([O-])(=O)=O)=N1,-0.494975175
CC1=CC=C(OCCCS([O-])(=O)=O)C(=C1)[N+]([O-])=O,0.170310359
CCCCC1=NC2(CCCC2)C(=O)N1,-1.019613944
CCN(C1=CC=CC=C1)C1=NC(Cl)=NC(NC2=CC(=CC3=C2C(=O)C(=NNC2=CC=CC=C2S([O-])(=O)=O)C(=C3)S([O-])(=O)=O)S([O-])(=O)=O)=N1,-0.266745284
CC1=CN(C2CC(O)C(CO)O2)C(=O)NC1=O,-0.742062088
CC([O-])=O.CCN(CC)C1=CC=C(C=CC2=[N+](C)C3=CC=CC=C3C2(C)C)C=C1,-0.960418782
OC1=C(CC2=C(O)C(=CC3=CC=CC=C23)C([O-])=O)C2=CC=CC=C2C=C1C([O-])=O,-0.980758883
OC(C(O)C([O-])=O)C([O-])=O,0.366276763
CC1=NC=C(C[NH3+])C(N)=N1,0.490306563
[O-][N+]([O-])=O,1.377095201
CN(C)CCC[NH2+]CCC[NH+](C)C,0.355850804
NC1=CC=C(OCCO)C(N)=C1,0.246159297
OC(CC([O-])=O)(CC([O-])=O)C([O-])=O,0.216653091
[O-][N+]([O-])=O,-0.940813194
[F-],-0.002187262
CC([NH3+])C1=CC=CC=C1,-0.460192409
COC(=O)C1=CC=C(O)C=C1,0.380300188
[NH3+]C(CCC([O-])=O)C([O-])=O,0.391961629
[N-]=[N+]=[N-],0.804013495
[O-]C(=O)CN(CCN(CC([O-])=O)CC([O-])=O)CC([O-])=O,0.024802502
[O-]C(=O)C([O-])=O,-0.472581501
NC(=O)CCC([NH3+])C([O-])=O,-0.548311419
CCC(C)C([NH3+])C([O-])=O,-0.502953857
OCCNC1=CC=C2OCOC2=C1,0.272897501
O=C1OC(=O)C=C1,0.618115807
OC([O-])=O,0.581124668
OCCNC1=NC(NC2=CC=C3C(=C2)C=C(C(=NNC2=CC=C(C=C2)N=NC2=CC=C(C=C2)S([O-])(=O)=O)C3=O)S([O-])(=O)=O)=NC(NCCO)=[NH+]1,-0.28369802
CC1CO1,0.838033384
CC1=CC=C2N=C(SC2=C1S([O-])(=O)=O)C1=CC=C(C=C1)N=NC1=CC=C(C=C1)C1=NC2=CC=C(C)C(=C2S1)S([O-])(=O)=O,-1.222309624
CCOCCCC(C)OCCOCC(C)CO,-0.790860844
CC([NH3+])C1=CC=CC=C1,-0.481381708
[O-]C(=O)CN(CCN(CC([O-])=O)CC([O-])=O)CC([O-])=O,0.237458201
CCCCNC(=O)OCCOC(=O)C=C,-1.634840597
NNC1=CC=C(Cl)C=C1,-1.563665466
CC1=CC(N)=CC(C)=C1,-1.402200462
NS(=O)(=O)C1=CC=C([O-])C(=C1)N=NC1=C(O)C=CC2=CC=CC=C12,-2.202203848
CC1(C)CC(=O)CC(C)(C1)C#N,-1.54049772
OC1(CC[NH2+]CC1)C1=CC=C(Cl)C=C1,-1.720777531
[NH3+]C(C([O-])=O)C1=CC=CC=C1,-1.508278406
CC(C)C1=NN(C(=O)NC(C)(C)C)C(=O)N1N,-1.718847397
CC(=O)CCC1=CC=C(O)C=C1,-1.552040941
ClC(Cl)Cl,-1.417811305
NC1=CC(Cl)=NC(C([O-])=O)=C1Cl,-0.004250052
OCCNC1=CC=C(C=C1[N+]([O-])=O)N(CCO)CCO,-1.795385572
[F-],-1.269901072
CCCCO,-1.737335476
OC1=CC=C(Cl)C=C1Cl,-1.558983084
NC1=CC=C(C=C1S([O-])(=O)=O)N=NC1=CC=C(N=NC2=CC=C(NN=C3C(=O)C4=CC=C(NC(=O)C5=CC=CC=C5)C=C4C=C3S([O-])(=O)=O)C3=CC=C(C=C23)S([O-])(=O)=O)C2=CC=C(C=C12)S([O-])(=O)=O,-2.393595358
COC(=O)C=C(C)C,-1.414000411
COC1=CC(N=NC2=CC(=CC3=CC(=CC([O-])=C23)S([O-])(=O)=O)S([O-])(=O)=O)=C(C)C=C1NN=C1C(=O)C2=C(NC3=NC(NC4=CC=CC=C4)=NC(NC4=CC=C(C=C4)N=NC4=CC=C([O-])C(=C4)C([O-])=O)=N3)C=C(C=C2C=C1S([O-])(=O)=O)S([O-])(=O)=O,-2.483387966
CC1=CC(=O)N(N1)C1=CC=CC(=C1)S([O-])(=O)=O,-1.771821543
CC(C)=CCOC(C)=O,-1.474321317
CCCCCCCC(=O)N(C)C,-1.600248341
CCCCCC(C)=O,-1.433338371
CCCC(C)C=O,-1.377449362
O=C1OC(=O)C2CCCCC12,-1.564736497
CCC(CO)(COCC=C)COCC=C,-1.718248447
CCCC[NH2+]CCCC,-1.503965448
CC(COCC(C)OC(=O)C=C)OCC(C)OC(=O)C=C,-1.875569091
CC1CO1,0.838033384
CCCC[NH+](CCO)CCCC,-1.636738571
CN(C)C(=S)SCCCS([O-])(=O)=O,0.1779036
COC1=CC=C(C=C1NN=C1C(=O)C2=C(N)C(N=NC3=CC=C(C=C3)S(=O)(=O)CCOS([O-])(=O)=O)=C(C=C2C=C1S([O-])(=O)=O)S([O-])(=O)=O)S(=O)(=O)CCOS([O-])(=O)=O,-0.416104482
CC1=CC=C(C=C1N)C(N)=O,-0.57673192
OCC1=CN=CS1,0.525735536
CC(=O)N1CC(O)CC1C([O-])=O,0.344992722
[O-]S(=O)(=O)OCCS(=O)(=O)C1=CC2=CC=C(NN=C3C(=O)C4=C(NC(=O)C5=CC=CC=C5)C=C(C=C4C=C3S([O-])(=O)=O)S([O-])(=O)=O)C(=C2C=C1)S([O-])(=O)=O,-0.389314941
CNC1=CC=C(C=CC2=CC=C(NC3=NC(NC4=CC=C(C=C4)S([O-])(=O)=O)=NC(=N3)N3CCOCC3)C=C2S([O-])(=O)=O)C(=C1)S([O-])(=O)=O,-0.48433581
C[S+](C)(C)=O,-0.756884432
CC1=CC=C(N)C=C1N,-0.507184532
CC1=CC(N)=CC=C1N,-0.507184532
[O-]S([O-])(=O)=O,0.12713323
CN(C)C([S-])=S,0.416892192
CC([O-])=O.CCN(CC)C1=CC=C(C=C1)[C+](C1=CC=C(C=C1)N(CC)CC)C1=CC=C(C=C1)N(CC)CC,-0.139560898
[Cl-],0.842254104
[NH-]C1=CN(N=[O+]1)N1CCOCC1,0.147198317
CCCCOC(=O)C=CC([O-])=O,-0.667780979
CC1=CC=C(NCCO)C=C1O,-0.655055328
COC1=CC(=C(C)C=C1N=NC1C(C)=NN(C1=O)C1=CC=C(C=C1)S([O-])(=O)=O)S(=O)(=O)CCOS([O-])(=O)=O,-0.239003926
OC1C[NH2+]C(C1)C([O-])=O,0.439922115
CC1=CC=C(C=C1N)C(=O)NC1=CC=C(C=C1)S([O-])(=O)=O,-0.949277587
CCOC(=O)C(C)C=C,-1.576310856
CNC(=S)NN,-0.465572855
[O-]S(=O)(=O)C1=CC2=CC=CC=C2C=C1,0.230443278
COC(=O)CC(=C)C(=O)OC,-0.653770318
OCCOCCOC1=CC=CC=C1,-0.716525615
CC(CCCC(C)(C)O)CC=O,-0.692136567
CCC[NH2+]CCC,-0.461082427
NC1=CC=CC=C1,-0.425016895
[O-]C(=O)C1=CC(=CC(=C1)C([O-])=O)S([O-])(=O)=O,0.109395948
[O-]S(=O)(=O)C1=CC2=C(C(NC3=NC(NC4=CC=C(NC5=NC(NC6=C7C(=CC(=C6)S([O-])(=O)=O)C=C(C(=NNC6=CC=CC=C6S([O-])(=O)=O)C7=O)S([O-])(=O)=O)=NC(Cl)=N5)C=C4)=NC(Cl)=N3)=C1)C(=O)C(=NNC1=CC=CC=C1S([O-])(=O)=O)C(=C2)S([O-])(=O)=O,-0.630380903
C[N+]1=CC=CC=C1,0.420182889
NC(=O)NC1=CC(NC2=NC(F)=NC(NCCOCCS(=O)(=O)C=C)=N2)=CC=C1N=NC1=CC2=C(C=C(C=C2C=C1S([O-])(=O)=O)S([O-])(=O)=O)S([O-])(=O)=O,-0.414559724
CCC1=NC=CN=C1C,0.444510788
NO,0.689550356
C=CC(=O)NCNC(=O)C=C,-0.655242676
OCC(O)C(O)C(O)C(=O)C([O-])=O,0.237320765
C[N+]1([O-])CCOCC1,0.456309929
[NH3+]CCO.[NH3+]CCO.[NH3+]CCO.OC(CC([O-])=O)(CC([O-])=O)C([O-])=O,-0.050160116
[NH3+]CCNCCS([O-])(=O)=O,0.244535954
CC1=CC(N=NC2=CC=C(NC3=NC(N)=NC(Cl)=N3)C3=C(C=CC=C23)S([O-])(=O)=O)=C(C)C=C1N=NC1=CC(=CC=C1S([O-])(=O)=O)S([O-])(=O)=O,-0.386945691
[O-]S(=O)(=O)CCCOC(=O)C=C,1.156268325
CC1=C(NC2=NC(Cl)=NC(NC3=CC=CC(=C3)S([O-])(=O)=O)=N2)C(C)=C(C(C)=C1NC1=CC(=C(N)C2=C1C(=O)C1=CC=CC=C1C2=O)S([O-])(=O)=O)S([O-])(=O)=O,-0.424427985
CC1=C(NC2=NC(Cl)=NC(NC3=CC=CC=C3S([O-])(=O)=O)=N2)C(C)=C(C(C)=C1NC1=CC(=C(N)C2=C1C(=O)C1=CC=CC=C1C2=O)S([O-])(=O)=O)S([O-])(=O)=O,-0.424427985
NC1=CC=C(F)C=C1,-0.527274385
[O-]S(=O)(=O)C1=CC(NC2=NC(=NC(NC3=CC(=C(C=CC4=C(C=C(NC5=NC(NC6=C7C(=O)C(=NNC8=CC=CC=C8)C(=CC7=CC(=C6)S([O-])(=O)=O)S([O-])(=O)=O)=NC(=N5)N5CCOCC5)C=C4)S([O-])(=O)=O)C=C3)S([O-])(=O)=O)=N2)N2CCOCC2)=C2C(=O)C(=NNC3=CC=CC=C3)C(=CC2=C1)S([O-])(=O)=O,-1.144796153
CC(=O)C1CCOC1=O,0.397509321
COC(=O)C1=CC(=CC(=C1)C(=O)OC)S([O-])(=O)=O,-0.966481992
[Cl-],0.734326761
[O-]C(=O)CCCC([O-])=O,0.342754077
CC1OC(C)=C(O)C1=O,0.390669896
COC1=CC([O-])=C(C=C1S([O-])(=O)=O)C(=O)C1=CC=CC=C1,-0.022384851
CC(C)C(O)C(C)(C)CO,-0.666725926
CCCCC(CC)COC(=O)C(C)O,-2.67352571
O=C1CCCC1,0.553677557
C[NH2+]C,1.565718592
COC=O,0.698593779
OC1=CC(=C2C=CC3=C4C(C=CC1=C24)=C(C=C3S([O-])(=O)=O)S([O-])(=O)=O)S([O-])(=O)=O,-0.242535631
CC1C=CCC2C1C(=O)OC2=O,-0.736268462
CC(C)NC(=O)C(C)=C,-0.620142884
OCCNC1=NC(NC2=CC=CC=C2)=NC(NC2=CC=C(C=CC3=CC=C(NC4=NC(NCCO)=NC(NC5=CC=CC=C5)=N4)C=C3S([O-])(=O)=O)C(=C2)S([O-])(=O)=O)=N1,-1.4592144
CCOCCOC(C)(C)C,-0.687915225
COC(C)CCOC(C)=O,-0.687784528
CCCCCCCCCCCCCCCOS([O-])(=O)=O,-1.042005529
NC(=[NH2+])S([O-])=O,-0.556792816
CC(C)C(=O)OOC(C)(C)C,-1.607002567
COC(CC1=CC=CC=C1)OC,-1.629618671
NC1=NC(N)=[NH+]C(N)=N1,-1.759410193
C1C2COCOC2C2=CC=CC=C12,-1.656093273
COC1=CC(CC(=C(C)O)C(C)=O)=CC=C1O,-1.786365949
OCC1[NH2+]CC(O)C(O)C1O,0.404352043
CCOC(=O)C(Cl)C(=O)OCC,-1.720972355
NC1=CC=C2C=C(C=C([O-])C2=C1N=NC1=CC=CC=C1C(F)(F)F)S([O-])(=O)=O,-2.068630062
CC(=C)C(=O)OCCOCCOCCOC(=O)C(C)=C,-1.900555252
CC1CC(CC2CCC([NH3+])C(C)C2)CCC1[NH3+],-1.821038361
CC1=CC=C(C)C(O)=C1,-1.537582757
ClCC(Cl)Cl,-1.581104063
CC1=CC(O)=C(C)C(C)=C1O,-1.638326634
NC1=CC=C(C=C1)S(=O)(=O)CCOS([O-])(=O)=O,-1.90511867
C=CCN1C(=O)N(CC=C)C(=O)N(CC=C)C1=O,-1.852601969
COC(=O)C1=NC=CN=C1N,-1.642266052
NC1=NC(N)=[NH+]C(N)=N1,-1.559215049
NC(N)=N[N+]([O-])=O,-1.485842464
NC1=CC=CC=C1C(F)(F)F,-1.675686709
CC(=O)N1CCN(CC1)C1=CC=C(O)C=C1,-1.817914488
C(OC1=CC=C(C=C1)N(CC1CO1)CC1CO1)C1CO1,-1.919234725
N[NH+]=C(N)N,-1.615379285
C[NH2+]CC1=CC=CC2=CC=CC=C12,-1.715098888
COC1=CC=CC=C1NC(=O)CC(C)=O,-1.805905521
CC(C)OC(C)C,-1.516592758
CC1=CC=C(C=C1)S(N)(=O)=O,-1.742195335
CCSCC,-1.468024827
CC(C)=CCCC(C)=O,-1.621048971
CCCCOCCOCCOCCCC,-1.862006084
CC1CCC(C(O)C1)C(C)=C,-1.711112365
COC1=CC=C(C)C=C1N,-1.660175876
[O-]C(=O)C1=CC(C([O-])=O)=C(C=C1C([O-])=O)C([O-])=O,-2.125310985
NC1=CC=C(Cl)C=C1,-1.628640918
CCC(C)CC(=O)CC,-1.630817582
CC(O)=CC(C)=O,-2.033837746
FC(F)Cl,-1.459734159
CC1=NN(C(O)C1N=NC1=C(C2=CC=CC(=C2C=C1)S([O-])(=O)=O)S([O-])(=O)=O)C1=CC=C(C=C1)S(=O)(=O)CCOS([O-])(=O)=O,-0.392839827
OCC#CCO,1.536339003
CCN(C1=CC=CC=C1)C1=NC(Cl)=NC(NC2=CC(=CC3=C2C(=O)C(=NNC2=C(C4=CC=CC=C4C=C2)S([O-])(=O)=O)C(=C3)S([O-])(=O)=O)S([O-])(=O)=O)=N1,-0.459235549
OC1=CC=C(C=C1NN=C1C=CC2=C(O)C=CC=C2C1=O)S([O-])(=O)=O,-0.901196004
[O-]C(=O)CCC(N(CC([O-])=O)CC([O-])=O)C([O-])=O,0.043603804
CC(=C)OC(C)=O,-0.527751378
O=C1OC(=O)C2CC=CCC12,-0.713921772
CC1=CC(C)=NN1,-0.520474498
CCC12CCC3C(CCC4=CC(=O)CCC34)C1CCC2=O,-3.732719889
CCCCC(CC)CCCCCC1=CC=C(C=C1)S([O-])(=O)=O,-0.096905651
OCCN(CCO)C1=NC(NC2=CC=C(C=CC3=CC=C(NC4=NC(NC5=CC(=CC=C5S([O-])(=O)=O)S([O-])(=O)=O)=NC(=N4)N(CCO)CCO)C=C3S([O-])(=O)=O)C(=C2)S([O-])(=O)=O)=NC(NC2=CC(=CC=C2S([O-])(=O)=O)S([O-])(=O)=O)=N1,-0.6924056
OC([O-])=O,0.930068755
CC(C)(C)C([O-])=O,-0.563561886
CC1(C)CC(O)CC(C)(C)[NH+]1CCO,-0.859820553
CC[NH+](CC)CC#C,-0.602013123
OC(CC([O-])=O)(CC([O-])=O)C([O-])=O,-0.954573972
OC(CC([O-])=O)(CC([O-])=O)C([O-])=O,-1.3025955
CC1=[NH+]C=CN1,0.512136366
C1CCOCOC1,0.41078966
NC1=NC(Cl)=NC(NC2=CC=C(C(NN=C3C(=O)C4=C(N)C(N=NC5=CC(=CC=C5S([O-])(=O)=O)S([O-])(=O)=O)=C(C=C4C=C3S([O-])(=O)=O)S([O-])(=O)=O)=C2)S([O-])(=O)=O)=N1,-0.590800584
CC(C)=CC(C)=O,-0.560826234
OC1=CC=C(Cl)C=C1NN=C1C(=O)C2=C(O)C=C(C=C2C=C1S([O-])(=O)=O)S([O-])(=O)=O,-1.289808658
CCOC(=O)C1=CC=CC=C1C1=C2C=CC(=CC2=[O+]C2=CC(=CC=C12)N(CC)CC)N(CC)CC,-1.280189706
OC1=CC=C(Cl)C=C1,-0.687659717
CC(=C)C#N,-0.406708517
CC1=CC=CC=C1O,-0.619013017
[O-]S([O-])(=O)=O,0.392124281
CC(=C)C(=O)OCC[N+](C)(C)CCCS([O-])(=O)=O,0.96273997
CN(CCS([O-])(=O)=O)C1=CC=C(C=C(C#N)C(=O)NC2=CC=C(C=C2)C2=NC3=CC=C(C)C(=C3S2)S([O-])(=O)=O)C=C1,-0.415949942
OCCOC1=CC=CC=C1,-0.742461176
[O-]C(=O)C([O-])=O,-0.70969048
CC(=O)NC1=CC=C2C(=O)C(=NNC3=CC=C(C=C3)S(=O)(=O)CCOS([O-])(=O)=O)C(=CC2=C1)S([O-])(=O)=O,-0.39639349
CC(=O)NNC(C)=O,0.328668176
CCOC(=O)C(C)C1CCCCC1,-3.327456749
[O-]C(=O)C1CCC(=O)N1,0.165147848
CC1=CC(=CC(OC2=CC(=CC(C)=C2)S([O-])(=O)=O)=C1)S([O-])(=O)=O,-0.220796195
C[NH+](C)CCOC(=O)C=C,0.224310685
CC1COC(=O)O1,0.371232292
COC1=CC=C(CO)C=C1,-0.744727146
NC1=CC=CC=C1,-2.004092218
OC1(CCCCC1)C#C,-0.704896063
[O-]C(=O)C1=CC=C2C(=O)OC(=O)C2=C1,-0.896196315
CC(C)(CO)COC(=O)C(C)(C)CO,0.068201817
NC1=NC(Cl)=NC(NC2=CC(=CC3=CC(=C(N=NC4=C([O-])C5=C(C=CC=C5C(=C4)S([O-])(=O)=O)S([O-])(=O)=O)C(O)=C23)S([O-])(=O)=O)S([O-])(=O)=O)=N1,-0.590781442
NNC(=O)NN,0.414558554
CCCC(C)O,-0.254140825
CC(=O)C1=C(O)C=C(C)OC1=O,0.084561332
CC1=CC=CC(O)=C1,-0.662918503
CS,-0.314879436
CCCC1CO1,-0.57344678
CC(=O)NC1=CC=C(N=NC2=C3C([O-])=CC(=CC3=CC=C2N)S([O-])(=O)=O)C(=C1)C(F)(F)F,-1.328818198
N[C+](N)N.[O-]C(=O)C1=CC=CC=C1,0.005016256
[O-]C(=O)COC1=CC=CC=C1,0.108595705
CCN(CC)C1=CC=C(C=C1)[C+](C1=CC=C(C=C1)N(CC)CC)C1=CC=C(C=C1S([O-])(=O)=O)S([O-])(=O)=O,-0.406689269
OC1=CC=CC=C1Cl,-0.753839202
CCCC[NH+](C)C,-0.667032464
[O-]C1=C2C=C(NC(=O)NC3=CC=C4C(=C3)C=C(C(=NNC3=CC5=C(C=CC=C5C=C3)S([O-])(=O)=O)C4=O)S([O-])(=O)=O)C=CC2=C(C(=C1)N=NC1=CC2=CC=CC(=C2C=C1)S([O-])(=O)=O)S([O-])(=O)=O,-0.687217137
[NH3+]CC1(CC([O-])=O)CCCCC1,0.019021146
NC(N)=[NH2+],1.352285044
CC(=O)CC(=O)OCCOC(=O)CC(C)=O,-0.0337559
NC1=CC=C(C=C1)S([O-])(=O)=O,0.037955415
C1OCOCO1,0.371717126
[O-]S([O-])(=O)=O,0.070295432
[O-]C(=O)CC1=CC=CC=C1NC1=C(Cl)C=CC=C1Cl,-1.174231848
COC1=CC(=CC=C1NC1=NC(=NC(NC2=CC=C(C=C2OC)N=NC2=CC=CC(=C2)S([O-])(=O)=O)=N1)N(CCO)CCO)N=NC1=CC=CC(=C1)S([O-])(=O)=O,-1.600815525
CCC(CO)(CO)COCC(CC)(CO)CO,-1.076302279
COC(=O)CCS,-0.757587608
CC1=CC=C(C=C1[N+]([O-])=O)C(=O)NC1=CC=C(C=C1)S([O-])(=O)=O,-1.232035998
CC1=C(CO)NC=N1,0.268333767
C=CC=O,0.569379255
[O-]S([O-])(=O)=O,-0.291816974
[O-][Cl](=O)(=O)=O,0.243662836
OC1=C(C=C(C=C1NNC(=NNC1=CC=C(C=C1C([O-])=O)S([O-])(=O)=O)C1=CC=CC=C1)S([O-])(=O)=O)N=C1N=C(Cl)[N-]C(N=C2C=C(C(C=C2S([O-])(=O)=O)=NC2=NC(Cl)=NC(NC3=CC=CC(=C3)S([O-])(=O)=O)=N2)S([O-])(=O)=O)=N1,-0.825411234
CC(=C)C(N)=O,0.37539119
CCN(CC)C1=NC(NC2=CC=C(C=CC3=CC=C(NC4=NC(NC5=CC(=CC=C5S([O-])(=O)=O)S([O-])(=O)=O)=NC(=N4)N(CC)CC)C=C3S([O-])(=O)=O)C(=C2)S([O-])(=O)=O)=NC(NC2=CC(=CC=C2S([O-])(=O)=O)S([O-])(=O)=O)=N1,-0.812249023
C[NH2+]C(C)C(O)C1=CC=CC=C1,-0.003669443
[O-][N+](=O)C1=CC=CC(=C1)S([O-])(=O)=O,-0.051455458
CC1(C)CC(=O)CC(=C)C1=O,-0.87790415
OCCOCC#CCOCCO,0.758961822
[O-]C(=O)C1=CC(=CC(=C1[O-])[N+]([O-])=O)[N+]([O-])=O,-1.057125752
OCCC1=CC=CC=C1,-0.785923914
CC(=O)OC=C,-0.633922712
OC1=CC=CC=C1C#N,-0.774965627
O=C1OC(=O)C2=CC=CC=C12,-1.405240463
[O-]C(=O)C1=CC=CC=C1,-1.619929844
[O-]C1=CC(=O)NC=N1,-1.587161122
O=COCC1=CC=CC=C1,-1.673119803
CCCCOCC,-1.54996066
CCOC(=O)C(=N[N-]C1=CC=C(C=C1)[N+]([O-])=O)C(=O)C1=NN2C(S1)=NC(=O)C1=CC=CC=C21,-2.2216331
CC1=CC=CC=C1NC(=[NH2+])[NH+]=C(N)N,-1.842241499
CC(C)(O)C1CCC(C)(O1)C=C,-1.799728458
CC(=O)CC(=O)NC1=CC=CC=C1C,-1.850192261
CC(C)C(NC(N)=O)NC(N)=O,-1.809694359
FC(F)CCl,-0.922963209
CC(C)(O)C1=CC(=CC=C1)C(C)(C)O,-1.863533046
CCC1=CC=CC(C)=C1N,-1.706127176
[O-]S([O-])(=O)=O,-1.715687645
COC1=CC=C(NC(=O)CC(C)=O)C=C1,-1.901477183
CC1OCC(O1)C1=CC=CC=C1,-1.805450609
CCCC1CC(C)=CC(=O)C1,-1.772587094
CC(=O)OC1=CC=C(C=C1)C#N,-1.799017293
[O-]C(=O)CCC(N1C(=O)C2=CC=CC=C2C1=O)C([O-])=O,-1.446331686
CC(C)C1CCC(C)=CC1,-5.495255436
ClC(Cl)=C,-1.588580927
CC(C)C1CCC(C)=CC1=O,-1.78824369
CC1(C)SC2C([NH3+])C(=O)N2C1C([O-])=O,-1.944045108
CCCCCCCC[NH+](C)C,-5.465370193
[S-]C1=CC=CC=C1Cl,-1.780035133
NC1=NC=CN=C1C([O-])=O,-1.763159597
C[NH+](C)CC1=CC=CC=C1Cl,-1.849355422
C=CCOC(=O)OCCOCCOC(=O)OCC=C,-2.06526472
OCCCCCCC=C,-1.744232864
ClS(=O)(=O)C1=CC=CC=C1,-1.88532188
CC(C)C1CCC(C)CC1OCC(O)CO,-2.006358589
COC1=CC=C(C=O)C=C1O,-1.826243245
CC1=CC=C(C=O)C=C1,-1.723701533
NC1=CC=C(O)C=C1[N+]([O-])=O,-1.833764651
[O-]C1=CC=CC=C1[N+]([O-])=O,-1.802914236
CC1CC(C)=CC(C)C1C=O,-1.844063724
CCCCCC1CCC(=O)O1,-1.85529404
CC(=O)COC1=C(C)C=CC=C1C,-1.918544784
COC1=CC=C(OC)C(N)=C1,-1.858869039
CC(=O)CC(=O)NC1=CC=C(C)C=C1C,-1.990078682
COC1=CC=C(C)C=C1NC(C)=O,-1.931164755
CC1=CC(=O)N(N1)C1=CC=CC=C1,-1.925085284
CCCCCCC=O,-1.750124429
CC(C)(C)OC(=O)C=C,-1.804593715
CC(O)C(=O)N(C)C,1.630235126
[NH4+].OCC([O-])=O,1.700915909
[O-]C(=O)C1=CC=CC2=CC=CC(C3=CC=CC4=CC=CC(C([O-])=O)=C34)=C12,-2.233440337
CC(C)COC(=O)C=C,-1.806759777
CC(CC=O)C1=CC=CC=C1,-1.86983286
CC1=CC(O)=CC=C1N,-1.789422053
COC(=O)C(=O)C1=CC=CC=C1,-1.914237348
NC1=CC2=CC(=C(N=NC3=CC=C(C=C3)N=NC3=CC=C(C=C3)S([O-])(=O)=O)C(O)=C2C=C1)S([O-])(=O)=O,-0.460354084
COC1=CC(C[NH3+])=CC=C1O,0.018846252
[O-]S(=O)(=O)C1=CC=C(NC2=NC(NCCNC3=C(C4=C(C=C3)N=C3C(Cl)=C5OC6=C(C(NCCNC7=NC(NC8=CC=C(C=C8S([O-])(=O)=O)S([O-])(=O)=O)=NC(Cl)=N7)=CC=C6N=C5C(Cl)=C3O4)S([O-])(=O)=O)S([O-])(=O)=O)=NC(Cl)=N2)C(=C1)S([O-])(=O)=O,-0.879554019
OC(CC([O-])=O)(CC([O-])=O)C([O-])=O,0.862920127
CC1=C(O)C=CC=C1O,0.192772727
CC(C)(O)C=C,0.351057238
[O-]C(=O)CCCCC([O-])=O,0.084622153
[O-]C(=O)CCCCCCCCC([O-])=O,-0.047347893
[O-]C(=O)CCCCCCCC([O-])=O,-0.017921985
NC1=CC2=CC(=C(N=NC3=CC=C(C=C3)N=NC3=CC=C(C=C3)S([O-])(=O)=O)C(O)=C2C=C1)S([O-])(=O)=O,-0.635904616
[O-]S(=O)(=O)OCCS(=O)(=O)C1=CC=C(NN=C2C(=O)C3=CC=C(NC4=NC(Cl)=NC(Cl)=N4)C=C3C=C2S([O-])(=O)=O)C=C1,-1.578382357
CC[NH+](CC)CCCNC1=NC(NC2=CC3=CC(=C(N=NC4=CC=C5NC(=O)NC5=C4)C(O)=C3C=C2)S([O-])(=O)=O)=NC(NCCC[NH+](CC)CC)=[NH+]1,-0.64043406
[O-]S([O-])(=O)=O,-0.057823856
COC1=CC(NC2=C(C=NC3=CC(OCCCN4CC[NH+](C)CC4)=C(OC)C=C23)C#N)=C(Cl)C=C1Cl,-4.879551326
CC=NO,0.495819462
CCC(OCCCOC)OC(C)=O,-0.016848465
[O-]S(=O)S([O-])=O,0.018292129
CC=CC=O,0.412016319
CC1OC1C,0.397295078
CCCCCCCCCOS([O-])(=O)=O,-0.13619896
CCNC1=CC2=[O+]C3=CC(NCC)=C(C)C=C3C(C3=CC=CC=C3C(=O)OC)=C2C=C1C,-1.390984611
CCOC1=CC=C(N)C=C1,-0.860835326
ClC1=CC=CC=C1C(=O)CC#N,-2.175139595
CC(=O)CC(=O)OCCOC(=O)C(C)=C,-1.063682205
O=C1OCC2=CC=CC=C12,-0.862721053
CC1=NN(C(=[NH2+])C1)C1=CC=CC(=C1)S([O-])(=O)=O,-1.138788219
O=C1CCN(CC2=CC=CC=C2)CC1,-1.016982858
COC(=O)C=C(C)N,-0.805923544
NC1=CC=C(C=C1)N(CCO)CCO,-0.218413053
[SH-],0.352490659
CC([O-])=O,0.00053768
OC(C(F)(F)F)C(F)(F)F,0.020110333
[O-]C(=O)C1=CC(CCC1=O)([N-]C1=NC([N-]C2(CCC(=O)C(=C2)C([O-])=O)S([O-])(=O)=O)=[NH+]C([N-]C2(CCC(=O)C(=C2)C([O-])=O)S([O-])(=O)=O)=[NH+]1)S([O-])(=O)=O,-0.689646011
[O-]C=O,0.121211094
CC(=O)OCCOC(C)=O,0.068474963
NC1=C2C(=O)C3=CC=CC=C3C(=O)C2=C(NC2=CC=C(C=C2)S(=O)(=O)CCOS([O-])(=O)=O)C=C1S([O-])(=O)=O,-0.563962397
[O-]S(=O)(=O)C1=CC=CC=C1C=CC1=CC=C(C=C1)C1=CC=C(C=CC2=CC=CC=C2S([O-])(=O)=O)C=C1,-1.504668533
ClC(Cl)(Cl)C(=O)C(Cl)(Cl)Cl,-1.17979792
COC=C,-0.531030497
CCOCCOC(=O)C(C)=C,-0.96747386
CCOC(=O)C(Cl)C(C)=O,-0.985949247
CCN1C([O-])=C(C(N)=O)C(C)=C(N=NC2=CC(NC3=NC(Cl)=NC(NC4=CC=C(C(NC5=NC(N)=NC(Cl)=N5)=C4)S([O-])(=O)=O)=N3)=C(C=C2S([O-])(=O)=O)S([O-])(=O)=O)C1=O,-0.759001213
CC[NH+](CC)CC(C)O,0.102111364
CC(N)=S,0.336339534
COCC(C)OC(C)=O,0.083023239
COC1=CC(=C(C)C=C1NC(=O)C(=N[N-]C1=CC=C(C=C1)C1=NC2=CC=C(C)C(=C2S1)S([O-])(=O)=O)C(C)=O)S([O-])(=O)=O,-0.623062478
CCCCOCCOCCOCOCCOCCOCCCC,-1.301635776
CC1OC(=O)C(C)OC1=O,-0.936025863
NC(=O)C1=CC=CC=C1N,-0.913922317
CCC=CCCO,-0.785854804
COC1CCC=CO1,-0.853333105
CC1=NC=C(CO)C(CO)=C1O,-0.111712583
OC([O-])=O,-0.309433822
CCCCCCCCCC1=CC=C(OCCOCCO)C=C1,-0.304510239
NC(N)=[NH2+],1.106488088
CCCCCCCCCCCCOS([O-])(=O)=O,-0.283881408
CC(C)C(N1CCCNC1=O)C([O-])=O,-1.102861926
CC(=O)OC(C=C)C#N,-0.898693945
CC1CCCCC1O,-0.864495868
CC(O)COC1=CC=CC=C1,-1.003417731
CN(CC([O-])=O)C(N)=[NH2+],-0.938741673
CC1=CC=CC=C1N,-0.853925235
CCCCC(CC)COCCC[NH3+],-1.096509119
CC(C)CC=O,-0.759083357
[NH3+]C(CC1=CN=CN1)C([O-])=O,-0.107649886
OCC(O)C1OC(=O)C(O)=C1[O-],-0.132544773
COCCOC(=O)C=C,0.043941678
NNC1=CC=C(C=C1)S(N)(=O)=O,-0.19127437
CN(C)C(N)=O,0.212431567
C#N,-0.304208728
OC(C([O-])=O)C1=CC=CC=C1,-0.032126941
CC1(C)NC(=O)NC1=O,0.03847382
OCCNC1=NC(NC2=CC=CC(=C2)S([O-])(=O)=O)=NC(NC2=CC=C(C=CC3=CC=C(NC4=NC(NCCO)=NC(NC5=CC=CC(=C5)S([O-])(=O)=O)=N4)C=C3S([O-])(=O)=O)C(=C2)S([O-])(=O)=O)=N1,-0.887690427
CC1=NN(C(=O)C1N=NC1=CC=CC=C1C([O-])=O)C1=CC=C(C=C1)S([O-])(=O)=O,-1.491314993
[O-]S(=O)(=O)C1=CC=C(NC2=NC(Cl)=NC(Cl)=N2)C=C1,-1.38103092
CCCCCCCCCC1=CC=CC=C1O,-1.463069491
CCN(CC)C1=CC=C2C=C(C3=[N+](C)C4=CC=CC=C4N3C)C(=O)OC2=C1,-1.450561375
CC(C)CC(C)=O,-0.851479539
COC1=CC=CC=C1N,-0.944324013
C=COCCOCCOC=C,-1.053070208
CN(C1=CC=C2C(=C1)C=C(C(=NNC1=CC=CC=C1S([O-])(=O)=O)C2=O)S([O-])(=O)=O)C1=NC(Cl)=NC(NC2=CC=CC(=C2)S([O-])(=O)=O)=N1,-0.752029987
[O-][N+]([O-])=O,0.866122887
N1C=CC=N1,1.28788965
CCN(CC[N+](C)(C)CC(C)O)C1=CC=C(C=C1)N=NC1=CC=C(C=C1Cl)[N+]([O-])=O,-0.573145985
CCN(CC[N+](C)(C)CC(C)O)C1=CC=C(C=C1)N=NC1=CC=C(C=C1Cl)[N+]([O-])=O,-0.551894305
[O-]C(=O)C1CCC(=O)N1,-0.384250204
COC1=CC(=CC=C1NC(=O)NC1=CC=C(C=C1OC)N=NC1=CC=CC(=C1)S([O-])(=O)=O)N=NC1=CC=CC(=C1)S([O-])(=O)=O,-0.714875651
CC(CO)OC(=O)C(C)=C,-0.044931546
CC1=CC=C2OCC(=O)COC2=C1,-1.114155449
CCOC(=O)C1=CC=NC(=C1)C(=O)OCC,-1.2184149
OCCN(CCO)C1=NC(NC2=CC=C(C=CC3=CC=C(NC4=NC(=NC(NC5=CC=CC=C5)=N4)N(CCO)CCO)C=C3S([O-])(=O)=O)C(=C2)S([O-])(=O)=O)=NC(NC2=CC=CC=C2)=N1,-1.887960137
CC(C)(O)C(=O)C1=CC=CC=C1,-1.091532091
CC1=CCC2C(C1)C(=O)OC2=O,-1.09999437
CCCCC(CC)CO,-1.237789285
CCC(C)C=O,-0.821231264
CC(C)CN(CC(C)C)C=O,-1.082666634
CN1C(=O)N(C)C(=O)C(NC=O)=C1N,-1.183120855
CCN(C1=CC=CC=C1)C1=NC(Cl)=NC(NC2=CC(=CC3=C2C(=O)C(=NNC2=CC=C(C)C=C2S([O-])(=O)=O)C(=C3)S([O-])(=O)=O)S([O-])(=O)=O)=N1,-0.800434395
C=CCOCC1CO1,0.049756882
CCOC(=O)CC1(C)OCCO1,-0.144823593
COC1=CC(=CC=C1NN=C1C(=O)C2=C(O)C=C(C=C2C=C1S([O-])(=O)=O)S([O-])(=O)=O)N(O)N=C1C=CC(=NN=C2C(=O)C3=C(O)C=C(C=C3C=C2S([O-])(=O)=O)S([O-])(=O)=O)C(OC)=C1,-0.909479678
NC1=C(N=NC2=CC=C(C=C2)S(=O)(=O)CCOS([O-])(=O)=O)C(=CC2=C1C(=O)C(=NNC1=CC(NC3=NC(F)=NC(F)=C3Cl)=CC=C1S([O-])(=O)=O)C(=C2)S([O-])(=O)=O)S([O-])(=O)=O,-0.913801018
[O-]S(=O)(=O)OCCS(=O)(=O)C1=CC=C(NN=C2C(=O)C3=C(NC4=NC(Cl)=NC(NC5=CC=CC(=C5)S([O-])(=O)=O)=N4)C=C(C=C3C=C2S([O-])(=O)=O)S([O-])(=O)=O)C=C1,-0.903187957
COC(=O)CCC(=O)OC,-0.075223164
O=C(OCC1CO1)C1CC=CCC1C(=O)OCC1CO1,-1.34010886
CC(O)=CC(C)=O,-1.266527042
OC1=CC=C(C=C1O)C#N,-1.023516095
CC(=C)C(=O)OCCOCCOCCOCCOC(=O)C(C)=C,-1.41863926
NC1=CC=C(C=C1)S([O-])(=O)=O,-1.141273025
COC1CCCC1,-0.903788639
NC1=CC=C(C=C1N)S([O-])(=O)=O,-1.181216395
ON=CC1=NC=CC=C1,-1.000451858
O=C1NC(=O)C2CC=CCC12,-1.093091418
CC1=CC(=O)CC(C)(C)C1,-1.061358221
CC1=CC=CC(N)=C1,-0.950835248
CCN(CC)C1=CC=C(C=C1)C(C1=CC=C(C=C1)N(CC)CC)C1=C(C=CC2=CC=C(C=C12)S([O-])(=O)=O)S([O-])(=O)=O,-0.698476149
CCC(C)(C)O,0.126659691
[O-][N+]([O-])=O,0.607411262
NC(N)=S,0.188516266
[O-]S(=O)(=O)C1=CC(NC(=O)C2=CC=CC=C2)=C2C(=C1)C=C(C(=NNC1=C(C3=CC=CC(CNC4=NC(F)=NC(F)=C4Cl)=C3C=C1)S([O-])(=O)=O)C2=O)S([O-])(=O)=O,-0.890086508
OC1=CC(O)=CC=C1,1.003488328
CCCCCCCCCCCCCCCC[N+]1=CC=CC=C1,-0.486149552
CCC(CO)(CO)COCC=C,-0.199755177
CSCCC(O)C#N,-0.07654115
CC(C)=CC=O,0.116503747
CC(C)CC(C)(O)C#C,-1.036597924
O=CC1CCC=CC1,-0.977550168
O=C1[CH-]C(=O)[N-]C(=O)N1,-1.048661639
OCCCCCCCl,-1.082442195
N#CCCCCCCC#N,-1.081092287
CC(C)C1(C)N=C(NC1=O)C1=NC=CC=C1C([O-])=O,-1.364029386
CCC=CC#N,-0.859899212
C1C[NH+]=C(N1)C1=CC=CC=C1,-1.126518075
OCC1CCC2C3CC(CC3CO)C12,-1.25150549
OC(C([O-])=O)C1=CC=CC=C1,-0.141666762
COC1OC(CO)C(O)C(O)C1O,0.745212549
OCC#CCO,0.777871543
CC1CCOC1,0.090131249
[O-][N+]([O-])=O,0.64563055
CC(O)SC=C,0.005493119
NC1=CC=C(N=NC2=CC=C(C=C2)N=NC2=C(N)C3=C(C=C(C(=NNC4=CC=CC=C4)C3=O)S([O-])(=O)=O)C=C2S([O-])(=O)=O)C(N)=C1,-0.827397585
[O-]C(=O)CN(CCN(CC([O-])=O)CC([O-])=O)CC([O-])=O,-0.505418744
C[N+]([O-])=O,0.233501766
[O-][N+]([O-])=O,0.486017387
CCC(C)(O)C#C,0.016731992
NNC(=O)CCCCC(=O)NN,-0.232457951
COCCOC,1.045169179
C1COCCO1,1.054994515
CN1CCCC1=O,1.003781751
CNC(N)=O,1.130281439
OCCSCCO,0.91296789
OC(CC([O-])=O)(CC([O-])=O)C([O-])=O,0.677495406
OCCOCCO,0.974198666
CC(=C)C(=O)OCCN1CCNC1=O,0.702848146
C[NH+](C)C(C)(C)CO,0.813458956
NCC[NH2+]CCO,0.982328216
C[NH+](CCO)CCO,0.923854927
OCCOCCOCCO,0.823405251
OCC[NH+](CCO)CCO,0.826260286
OCCCl,1.094128597
[O-]C(=O)CC#N,1.07026441
OCCOC(=O)C=C,0.935107933
CC(O)C#N,1.148258691
CC(C)(O)C#C,1.075111062
CC(C)(C)[NH3+],1.135850982
CC(C)(C)O,1.130047012
CC1=CC=CC=N1,1.03091506
OCCS,1.107148825
C[NH+](C)CCCO,0.986467618
COS([O-])(=O)=O.C[N+]1=CN(C=C)C=C1,0.657084083
OC1=CC=C(C=C1)S([O-])(=O)=O,0.759009194
OCCCCOC(=O)C=C,0.841125102
CN(C)C(C)=O,1.059872163
CC(NC=O)C#N,1.008308858
CC[NH2+]CC,1.135850982
CNC(C)=O,1.13611233
C1C[NH2+]1,1.365835212
CCC(O)CO,1.045169179
CC(O)C(C)O,1.045169179
[NH3+]C1CCCCC1,1.003589033
[NH3+]C1CC1,1.243394316
ClC(=O)C(Cl)=O,0.896449406
NC=O,1.346391976
CS([O-])(=O)=O,1.017244979
COC(=O)COCO,0.920442528
C[NH2+]N,1.336553508
O=C1CCCCO1,0.999492173
CCCC(O)CO,0.982344896
OCCCCCO,0.982344896
CC([NH3+])C[NH3+],1.130023576
CCC([O-])=O,1.130304889
[O-]C(=O)C(Cl)(Cl)Cl,0.731962893
CC(O)CN(CC(C)O)C1=NC(NC2=CC=C(C=CC3=CC=C(NC4=NC(=NC(NC5=CC=C(C=C5)S([O-])(=O)=O)=N4)N(CC(C)O)CC(C)O)C=C3S([O-])(=O)=O)C(=C2)S([O-])(=O)=O)=NC(NC2=CC=C(C=C2)S([O-])(=O)=O)=N1,-0.086773993
CCCC[N+](C)(CCCC)CCCC,0.485061956
[O-]C(=O)C(F)(F)F,0.943011346
O=S1(=O)CCCO1,-0.086875694
NC1=CC=C(C=CC2=CC=C(N)C=C2S([O-])(=O)=O)C(=C1)S([O-])(=O)=O,-0.617390402
CC([O-])=O,-0.424943674
NC1=CC=CC(=C1)S([O-])(=O)=O,-1.20510658
COC1=CC2=C(C=CN=C2C=C1)C(O)C1CC2CC[NH+]1CC2C=C,-1.592406042
CCC(C)(C)OC,-0.979563677
CC(=O)C(O)C1=CC=CC=C1,-1.176603424
OC([O-])=O,-0.982660114
COC(OC)OC,-1.025801334
NC1=CC(Cl)=C(Cl)C=C1S([O-])(=O)=O,-2.105210692
N1C=CN=C1C1=CC=CC=C1,-1.88938304
OC(C(O)C([O-])=O)C([O-])=O,-2.1065272
OCCNC1=CC=CC=C1[N+]([O-])=O,-1.993326586
CC1=C(C=NO1)C([O-])=O,-1.05536111
CC1CC=C(C)C(=O)C1C,-1.885266962
CCCCC(CC)C([O-])=O,-2.043912167
CCCCC(CC)COCC(O)CO,-2.055017119
NC(=O)C1=CC=C(Cl)C(N)=C1,-1.976703976
COC1=CC(NS(=O)(=O)C2=CC=CC=C2)=C2C(=O)C3=CC=CC=C3C(=O)C2=C1N,-2.355850446
C(OC1=CC=CC(=C1)N(CC1CO1)CC1CO1)C1CO1,-2.192561189
C1=CC=CC=C1,-1.642308875
CC1(C)CC(CC(C)(C)[NH2+]1)[NH2+]CCCCCC[NH2+]C1CC(C)(C)[NH2+]C(C)(C)C1,-2.350745656
CC(C)CC(C)(O)C#CC(C)(O)CC(C)C,-2.124350764
CCCCOC(=O)C=C,-1.877340851
CCCCOCC1=CC=C(O)C(OC)=C1,-2.094896806
NC1=CC(Cl)=CC=C1Cl,-2.07500028
CCCCCCCCCCCC(=O)OC(C)CS([O-])(=O)=O,-2.618046836
NC1=NC(CC([O-])=O)=CS1,-1.981673118
N#CC1(CC[NH+](CC2=CC=CC=C2)CC1)N1CCCCC1,-2.245992211
CCN(CC)C1=CC=CC(O)=C1,-2.011278797
[O-][N+](=O)OCC(CO[N+]([O-])=O)O[N+]([O-])=O,-2.152068465
COC(=O)C=C1CCCC1,-1.942572269
FC1=CC=CC=C1,-1.792409766
CCCCCCCCCCCCCCCCCOS([O-])(=O)=O,-2.366992667
NCC(F)F,0.522530377
CC(=O)OCC1OC(OC(C)=O)C(OC(C)=O)C(OC(C)=O)C1OC(C)=O,-2.415352911
CC(C)(CO)CC1=CC=CC=C1,-2.042313822
C1OC1C1=CC=CC=C1,-1.906541121
CC(C)(C)OOC(=O)C(C)(C)C,-2.067961594
CCC=CCC1=C(C)CCC1=O,-2.045238375
ClC1=CC=CC=C1C=O,-1.980572221
CCC(C)C1=CC=CC=C1O,-2.012377793
CCCCCCCC[NH+](CCO)CCO,-2.191037603
[O-]C(=O)C1=CC(=CC(=C1)C([O-])=O)[N+]([O-])=O,-2.178419855
CC1=CC=C(C=C1)S(=O)(=O)OC1=CC=C(NC2=CC(=C(N)C3=C2C(=O)C2=CC=CC=C2C3=O)S([O-])(=O)=O)C=C1,-2.622198475
CCOC(=O)[N-]S(=O)(=O)C1=CC=C(C)C=C1,-2.243098748
CCCCCCCCC([O-])=O,-2.412949573
CCOC(OCC)OCC,-2.040520296
CCCCCCCCC(=O)N(C)C,-2.144049559
CC1=CC(=CC=C1N=C=O)C1=CC=C(N=C=O)C(C)=C1,-2.308127519
CC(=O)C=CC1=CC=CC=C1,-2.050971343
OC1=CC=C(C=C1)C1NC(=O)NC1=O,-2.17310492
CCCCCCCCCCCC(=O)OCCS([O-])(=O)=O,-2.408479245
NC1=CC=C(NCCO)C(=C1)[N+]([O-])=O,-2.191089976
CC(O)CC(C)(C)C1=CC=CC=C1,-2.147286724
OC1=CC=CC2=CC=CC=C12,-2.061973923
NC1=CC=CC(Cl)=C1Cl,-2.130384701
CC1=CC=C(Cl)C=C1N,-2.071885074
CC(=O)N(CCN(C(C)=O)C(C)=O)C(C)=O,-2.279225735
CC(C)C1CCC(C)CC11OCC(CO)O1,-2.279385535
CC(C)(C1=CC=C(OS(=O)(=O)C2=CC=CC(=C2)N=NC2=C3C([O-])=CC(=CC3=CC=C2N)S([O-])(=O)=O)C=C1)C1=CC=C(OS(=O)(=O)C2=CC=CC(=C2)N=NC2=C3C([O-])=CC(=CC3=CC=C2N)S([O-])(=O)=O)C=C1,-2.956287317
CCOC(=O)CC1=CC=CC=C1,-2.136202486
[O-][N+]#N,-1.564399726
CC1=CC(NC2=CC(=C(N)C3=C2C(=O)C2=CC=CC=C2C3=O)S([O-])(=O)=O)=CC(=C1C)S(=O)(=O)NCCO,-2.674843542
CCCCC1=NC(Cl)=C(N1)C=O,-2.199127372
CCC=CCCOC(C)=O,-2.111500803
CCCCN1C(=O)C=C(C)C(C#N)=C1O,-2.272990744
CCCC1=CC=C(O)C(OC)=C1,-2.179290593
ClCC(Cl)C=C,-2.055510379
CCCCCCCCN1CCCC1=O,-2.257749011
CCC(C)CC(CC)=NO,-2.130728127
C[N+](C)=C1OCCC1(C1=CC=CC=C1)C1=CC=CC=C1,-2.526575134
COC1=CC=C(CC(C)C=O)C=C1,-2.24666187
CC(C)(C)CC(C)(C)NC(=O)C=C,-2.258829245
FCC(F)(F)F,-2.008727887
CC1=CC(N)=C(C=C1Cl)S([O-])(=O)=O,-2.345697125
CCOC(=O)C1OC1(C)C1=CC=CC=C1,-2.314375006
CCC(=O)NC1=CC=CC(NC2=CC(=C(N)C3=C2C(=O)C2=CC=CC=C2C3=O)S([O-])(=O)=O)=C1,-2.687947003
NC1=CC=C(Cl)C=C1C(F)(F)F,-2.293481376
CC(C)(C)C1=CC=CC=C1O,-2.189958914
CC(CCCC(C)(C)O)C=C,-2.221207241
CC(CC1=CC=C2OCOC2=C1)C=O,-2.31343814
CCC(C)Cl,-2.001263871
CC([O-])=O,-2.3865009
CC1CCOC(C1)C=C(C)C,-2.224445792
CCCCC(CC)CO,-2.160471866
CCC(C)=CCCC(C)=O,-2.192586036
CC1=CC(O)=CC=C1N=NC1=CC=C(NC2=CC=C(C=C2[N+]([O-])=O)S([O-])(=O)=O)C=C1,-2.699363586
[O-]C(=O)C1=CC=C(O1)C([O-])=O,-2.239623736
[O-]C(=O)C1=CC=CC(Cl)=C1Cl,-2.331672919
CC1=CC(=C(N)C=C1Cl)S([O-])(=O)=O,-2.406177873
CC(=O)CC(=O)NC1=CC=CC=C1Cl,-2.406536077
CCCC(C(CC)CO)C(CC)CO,-2.925284669
NC1=CC=CC2=CC=CC(N)=C12,-2.307122857
C=CC=C,-1.8668457
[O-][N+](=O)C1=CC(=CC=C1C#N)C(F)(F)F,-2.470773563
[O-][N+]([O-])=C1C=C(C(=O)C(C1=O)=[N+]([O-])[O-])[N+]([O-])=O,-2.808391369
CCCC=C(CC)C=O,-2.255957874
CCCCC(CC)C=O,-2.262840797
CC(CC([O-])=O)CC(C)(C)C,-2.354220979
CC(=O)CC(=O)NC1=CC=C2NC(=O)NC2=C1,-2.522680786
NC1=CC=C2NC(=O)NC2=C1,-2.334782902
CCCCC1OC(C)CC(C)(C)O1,-2.45329736
CC(C)C(=O)C1=CC=CC=C1,-2.35661526
NC1=CC(=CC(C([O-])=O)=C1O)[N+]([O-])=O,-2.490779033
CNS(=O)(=O)C1=CC(OC)=C(N)C=C1C,-2.576943359
CC(C)(C)C1=CC=C(O)C=C1,-2.391400814
ClCC(Cl)C(Cl)=C,-2.424454207
CCOC(=O)C(C)CC,-2.336416369
CC(C)(C)C1CCC(=O)CC1,-2.417381608
CC1(C)C2CCC1(C)C(O)C2,-2.420558395
NC1=CC=C(Cl)C(Cl)=C1,-2.446137954
CCCCOCCOCCOC(=O)CCCCC(=O)OCCOCCOCCCC,-2.882184886
COC1=CC=C(C)C=C1,-2.339542101
C(CNC1=CC=CC2=CC=CC=C12)C[NH+]1CCOCC1,-2.702803349
OC1=CC=CC=C1C1=CC=CC=C1,-2.506711754
CCC(C)(C)C1=CC=CC=C1O,-2.49122422
CC1C2CC(CC1C[NH3+])C2(C)C,-2.515915381
CC(CCC=C(C)C)C=O,-2.447858542
[O-]C(=O)CN(CCN(CC([O-])=O)CC([O-])=O)CC([O-])=O,-2.766775599
COC1=CC2=C(C=CN=C2C=C1)C(O)C1CC2CC[NH+]1CC2C=C,-2.81214297
COC1=CC2=C(C=CN=C2C=C1)C(O)C1CC2CC[NH+]1CC2C=C,-2.81214297
CCCCCCCCCCCC(=O)N(C)CC([O-])=O,-2.734641439
CC(C)COC(=O)C(C)Cl,-2.51754425
CC(C=O)=CC1=CC=CC=C1,-2.474718615
CC(C)=CC1CC(=C)CCO1,-2.510422359
CCCC(C)C(=O)OCC,-2.489690542
CC(=C)C(=O)OC(C)(C)C,-2.486375508
CCCCOC=C,-2.33794082
CCCCNS(=O)(=O)C1=CC=CC=C1,-2.675782414
CC1(C)CCCC(C)(O1)C=C,-2.535987278
CC1=NC2=CC=C(C=C2C1(C)C)C([O-])=O,-2.662589054
CC1CCCCC1OC(C)=O,-2.550297857
[O-][N+](=O)C1=CC=CC=C1Cl,-2.563966491
CCCCC(CC)COC(=O)C(C)O,-2.67352571
CC1=CC=C(C=C1)[N+]([O-])=O,-2.514943789
COC1=CC(CC=C)=CC=C1OC(C)=O,-2.701591149
CC=C(C)C,-2.233150945
OCC1COC(CN2C=NC=N2)(O1)C1=CC=C(Cl)C=C1Cl,-2.905955068
CCCCOC(=O)C(C)=C,-2.544367455
COC1=CC=C(CCC(=O)C2=C(O)C=C(OC3OC(CO)C(O)C(O)C3OC3OC(C)C(O)C(O)C3O)C=C2O)C=C1O,-3.185103531
CC(CCO)CC(C)(C)C,-2.557079916
[O-]C1=CC(Cl)=CC=C1[N+]([O-])=O,-2.637377139
ClC1=CC=CC=C1,-2.449320235
CCOC(=O)N1C(=O)C2=CC=CC=C2C1=O,-2.738772633
CC(CCO)CCC1=CC=CC=C1,-2.660025838
CCCCCCCCCC[N+](C)(C)CCCCCCCCCC,-2.967747126
FC1=CC=C(C=C1)C(N1CC[NH2+]CC1)C1=CC=C(F)C=C1,-2.878601076
NC1=NC(N)=[NH+]C(N)=N1,-2.90897944
CC1=CC=C(NCCO)C(=C1)[N+]([O-])=O,-2.747405168
C=COC1CCCCC1,-2.582541974
C=COCCCCOC=C,-2.64774351
NC1=CC2=C(O)C=C(C=C2C=C1)S([O-])(=O)=O,-2.883311239
CC1=NN(C(=O)C1N=NC1=CC(Cl)=C(Cl)C=C1S([O-])(=O)=O)C1=CC=CC(=C1)S([O-])(=O)=O,-3.264264375
CCC1=CC=C(CC)C=C1,-3.539740421
CCC1=CC=CC=C1,-3.172955944
[O-]S(=O)(=O)C1=CC=C2N=C(NC2=C1)C1=CC=CC=C1,-2.961106136
C=CC1=CC=CC=C1,-2.961273931
[O-]C(=O)C([O-])=O,-2.678081133
COC1=CC=C2CCCCC2=C1,-2.747738524
NC1=CC=CC2=C(N)C=CC=C12,-2.767853696
CC(O)CCC1CCCCC1,-2.767361572
OC(C(O)C([O-])=O)C([O-])=O,-3.052330404
CCCCOCOCCCC,-2.806877
OC(C1CC2CC[NH+]1CC2C=C)C1=CC=NC2=CC=CC=C12,-3.088723614
CCCCCCCCCCCCCCCC[N+](C)(C)C,-3.124945522
CC1(C)COC(=O)C2CC=CCC2C(=O)OC1,-3.004181056
CC(C)C1CCC(C)CC1O,-2.830260853
COC(=O)C1C(C)=CCCC1(C)C,-2.908515996
CC(C)(C)C#C,-2.613556425
CCCCCCCCCCCCCC[N+](C)(C)CCCCCCCCCCCCCC,-3.37502496
CC(C)C(=O)OCCOC1=CC=CC=C1,-3.026343537
CC1=C(N2C(SC1)C([NH3+])C2=O)C([O-])=O,-3.045355413
CC1=CC=C(C(N)=O)C(O)=C1,-2.917000159
ClC1=CC=C2CC(=O)NC2=C1,-2.968988553
CC(CC1=CC=CC=C1)(C=C)C#N,-3.000616717
CCCCOC(=O)C=CC(=O)OCCCC,-3.128034162
[NH3+]C(CSSCC([NH3+])C([O-])=O)C([O-])=O,-3.159921987
CCCCC(CC)C(=O)OC,-2.989804004
C1CCC=CC1,-2.710466438
OCCN1C(=O)NC2=CC=CC=C2C1=O,-3.112893643
CCCCCCCC1CCC(=O)O1,-3.06681876
CCCC=C,-2.675673086
CCCCC(CC)COCC1CO1,-3.114865162
OC(CN1C=CN=C1)C1=CC=C(Cl)C=C1Cl,-3.264007824
[O-]S(=O)(=O)C1=CC(NC2=NC(NC3=CC=CC=C3)=NC(NC3=CC=CC=C3)=N2)=CC=C1C=CC1=CC=C(NC2=NC(NC3=CC=CC=C3)=NC(NC3=CC=CC=C3)=N2)C=C1S([O-])(=O)=O,-3.825587453
[NH3+]CCCCCCCCCCCC([O-])=O,-3.196398091
CC(C)CC1CC(C)CCO1,-3.079929481
C1CN(CCO1)SSN1CCOCC1,-3.259634304
S=C(SN1CCOCC1)N1CCOCC1,-3.291300662
CCC(=O)N(C1CC[NH+](CC2=CC=CC=C2)CC1)C1=CC=CC=C1,-3.41504339
CC1=CC(C)=C(O)C(=C1)C(C)(C)C,-3.171909199
CC1=CC=CC2=C1NC(=S)N2,-3.13627918
CCCCCCCCCCC=O,-3.152023201
FC(F)(F)C1=CC=C(Cl)C(Cl)=C1,-3.267982491
CC(O)COC1=CC=C(C=C1)C(C)(C)C1=CC=C(OCC(C)O)C=C1,-3.499700952
CC(C)COC(=O)CC1=CC=CC=C1,-3.271047196
CC12CCC3C(CCC4=CC(=O)CCC34C)C1CCC2(O)C#CCO,-3.526033775
CC1=CC=C(Cl)C=C1,-3.102385677
C=CC1CC2CC1C=C2,-3.079886402
CC(C)CCC(C)(O)C#CC(C)(O)CCC(C)C,-3.437525292
NC1=CC(=CC=C1)S(=O)(=O)C1=CC(N)=CC=C1,-3.511895604
CCOC(=O)C1=C(C)C=CCC1(C)C,-3.411619706
CCCCCCCCCCCCCCCC[NH3+],-3.583510043
CCCCCCCCCCCCCCCCCC[NH3+],-3.631245614
[O-][N+](=O)C1=CC=CC(C#N)=C1C#N,-2.937344842
ClCCN1C(=O)NC2=CC=CC=C2C1=O,-3.574799439
CC1(C)CCC=C(C1)C(=O)CCC=C,-3.534247486
CCCCC(CC)COCCOCCOC(=O)C=C,-3.994274106
CCOC(=C)C1C(C)(C)CC(=O)CC1(C)C,-3.643344283
C[N+](C)=CCC(O)CC(N)=O,0.593129503
[O-][N+](=O)C1=CC(Cl)=CC(Cl)=C1,-3.584333486
SC1CCCCC1,-3.367213956
CC1=CC=CC(C)=C1NC(=O)CN1CC[NH2+]CC1,0.443282789
OC([O-])=O,0.050861362
NS(=O)(=O)C1=CC=C(Cl)S1,-3.295936368
CC(C)N(C(=O)CO)C1=CC=C(F)C=C1,-1.178639899
CCCCCCC(=O)OCC=C,-3.597623767
CCCCCCCC1=CC=C(O)C=C1,-3.659701705
CCCCCCCCCC1=CC=C(OCC([O-])=O)C=C1,-3.84259676
OC(CC([O-])=O)(CC([O-])=O)C([O-])=O,-2.254040258
CCCCCCCCCC(C)(C)SSC1=NNC(=S)S1,-3.988563911
CC(O)C(C)C=CC1CC=C(C)C1(C)C,-3.786028703
NNC(=O)C([NH3+])CO,0.510462812
CC(C)(C1=CC=C(O)C(CC=C)=C1)C1=CC=C(O)C(CC=C)=C1,-3.996383552
CC(C)CC1(C)OCC(CO)O1,-0.705980377
FS(F)(F)(F)(F)F,-3.673154735
CC(C)CCCCC[NH+](CCCCCC(C)C)CCCCCC(C)C,-4.05724758
C([NH+]1CCC(CC1)NC1=CC=CC=C1)C1=CC=CC=C1,-3.954222946
CC12CCC3C(C=CC4=CC(=O)CCC34C)C1CCC21CCC(=O)O1,-4.100706158
CCCCCCCCC=CCCCCCCCCNC(=O)CC(C([O-])=O)S([O-])(=O)=O,-0.019515783
CC(=C)C(=O)OCC(F)(F)C(F)(F)C(F)(F)C(F)F,-4.045967349
CC(C)(C)CCCCC([O-])=O,-2.475043149
COCC1=CC=C(C=C1)C1=CC=C(COC)C=C1,-4.002368633
CCCCCCCCCCCCCCOC(=O)OOC(=O)OCCCCCCCCCCCCCC,-4.349900579
C1C=CC2C3CC(C=C3)C12,-3.82022117
CC(C)CCCC(C)CCCC(C)=O,-4.005176134
C1CCCC=CCC1,-3.770339988
CN(C)C(=S)SSC(=S)N(C)C,-4.116196121
C[NH+]1C(C)(C)CC(CC1(C)C)OC(=O)CC(C(CC(=O)OC1CC(C)(C)[NH+](C)C(C)(C)C1)C(=O)OC1CC(C)(C)[NH+](C)C(C)(C)C1)C(=O)OC1CC(C)(C)[NH+](C)C(C)(C)C1,-4.672731896
[O-]C(=O)C1CC[NH2+]CC1,0.384031592
CCOC(=O)C1C(C2=CC=CC=C2Cl)C(C(=O)OC)=C(C)NC1=COCCN1C(=O)C2=CC=CC=C2C1=O,-4.501126952
C=CCOC(=O)CCC1CCCCC1,-4.062449254
CCOC1=NC(NC)=NC(NC(=O)[N-]S(=O)(=O)C2=CC=CC=C2C(=O)OC)=N1,-4.387910769
OC([O-])=O,-3.780265245
CC1=CC(CC2=CC=C(N)C(C)=C2)=CC=C1N,-4.150608709
CCCCNC(=S)N(CCCC)CCCC,-4.184066506
CCCCC(CC)C[NH2+]CC(CC)CCCC,-4.236722556
NC1=CC=C(CC2=CC=C(N)C(Cl)=C2)C=C1Cl,-4.286890723
CC(O)C(C)(C)C=CC1CC=C(C)C1(C)C,-4.216746334
NS(=O)(=O)C1=CC=C(NC(=S)NC2=CC=C(F)C=C2)C=C1,-2.989959968
CCOC(=O)C1=NN(C2=C1CCN(C1=CC=C(C=C1)N1CCCCC1=O)C2=O)C1=CC=C(OC)C=C1,-4.628205844
ON1CC(=O)N=C2C=CC(Cl)=CC2=C1C1=CC=CC=C1Cl,-4.465332821
CCCCCC,-3.944170335
N=C(NCCCCCCNC(=N)NC#N)NC#N,-4.434690373
CCC(=O)OC(C)(CCC=C(C)C)C=C,-4.382357893
CC1=C(N=NC2=C(O)C=C(C3=CC=CC=C23)S([O-])(=O)=O)C(=O)N([N-]1)C1=CC=CC=C1,-1.212102898
CCCCCCCCCCCCCCCCCCCCCC[N+](C)(C)C,-4.835973065
COC1=CC2=CC=CC=C2NC2=CC=CC=C12,-4.514419394
CC(C)CCCC(C)CCCC(C)CCCC(C)(O)C=C,-4.708653825
[O-]S([O-])(=O)=O.CCN(CC)C1=CC=C(C=C1)[C+](C1=CC=CC=C1)C1=CC=C(C=C1)N(CC)CC,-2.057288344
CCC12CCC3=C(CCC4=CC(OC)=CC=C34)C1CCC2=O,-4.772922847
COC1=CCC2=C(CCC3C4CCC(O)C4(C)CCC23)C1,-4.761071931
CCC1(CC=C2CCCC3=CC(OC)=CC=C23)C(=O)CCC1=O,-4.838817119
OC([O-])=O,-4.500587238
CC(=O)O[C-]1N=C(C2=CC=CC=C2Cl)C2=CC(Cl)=CC=C2NC1=O,-5.028666923
COC1=CCC2=C(CCC3C4CCC(=O)C4(C)CCC23)C1,-4.979874504
N(C1=CC=CC=C1)C1=CC=CC2=CC=CC=C12,-4.863891631
O=C(OCCOC(=O)C1=CC=CC=C1)C1=CC=CC=C1,-5.070092502
CC1CCC2(C)C(C)=CCCC2(C)C1OC=O,-5.031142113
COC(=O)CCC1=CC(=C(O)C(=C1)C(C)(C)C)C(C)(C)C,-5.123582907
C1CC(CC=C1)C1OCC2(CO1)COC(OC2)C1CCC=CC1,-5.239735444
CCC(C)C(C)C(C)CCC1=CC=C(O)C=C1,-5.182405388
CCC12CCC3C(CCC4=C3CC=C(C4)OC)C1CCC2=O,-5.363817292
CC(C)CCCCCCCOC(=O)C1=CC=C(C(=O)OCCCCCCCC(C)C)C(=C1)C(=O)OCCCCCCCC(C)C,-5.706573948
CC(C)CCCC(C)CCCC(C)CCCC(C)=O,-5.474677518
CC(C)C(=O)OCC1OC(COC(C)=O)(OC2OC(COC(C)=O)C(OC(=O)C(C)C)C(OC(=O)C(C)C)C2OC(=O)C(C)C)C(OC(=O)C(C)C)C1OC(=O)C(C)C,-6.073534809
[O-]C(=CC(=O)C1=CC=CC=C1)C1=CC=CC=C1,-5.657902962
CC1=CC(N=NC2=CC=CC=C2[N+]([O-])=O)=C(O)C=C1,-5.747595864
CCCCCCCCCCCCCCCCCCCCCCOC(=O)CCCCCCCCC(=O)OCCCCCCCCCCCCCCCCCCCCCC,-6.405660228
CC(=O)OC1(CCC2C3CC(=C)C4=CC(=O)CCC4(C)C3CCC12C)C(C)=O,-6.107793161
CCCCN(CCCC)C(=S)SCSC(=S)N(CCCC)CCCC,-6.240523569
CCOC(=O)C1=NN(C2=C1CCN(C1=CC=C(C=C1)[N+]([O-])=O)C2=O)C1=CC=C(OC)C=C1,-6.618719326
CCCCCCCCCCCCCCCCCCOCCC[NH+](C)C,-6.85205403
COC1=CC=C(C(=O)C2=CC=CC=C2O)C([O-])=C1,-7.273884108
O=C(NC1=CC=C(CC2=CC=C(NC(=O)N3CCCCCC3=O)C=C2)C=C1)N1CCCCCC1=O,-7.763261262
CC1=CC=C(SC2=CC=C(C=C2)C(=O)C2=CC=CC=C2)C=C1,-7.61540826
CC(C(C)(C)C)C(C)(C)SSSC(C)(C)C(C)C(C)(C)C,-9.129966133
[O-][N+]([O-])=O,0.721755153
CC(C)(C)CC(C)(C)CC([O-])=O,-1.698832456
[NH3+]C(CO)CO,0.974427117
[O-]S([O-])(=O)=O,-1.58498354
[NH3+]C(CO)(CO)CO,0.790628369
CC[NH+](CC)CC,0.595197285
C[N+](CCO)(CCO)CCO,0.39266642
CCCCCCCCCCCCCCCCC1=C(OC2=CC=CC=C2S([O-])(=O)=O)C=CC=C1S([O-])(=O)=O,0.222765354
[O-]C(=O)CSSCC([O-])=O,0.459603052
OCCCOCC(OCCCO)C(OCCCO)C(OCCCO)C(COCCCO)OCCCO,0.053341445
CC1=CC(=O)N2N=CN=C2N1,-1.347195531
OCC(O)C(O)C(O)C(O)C(O)C([O-])=O,0.317070198
[O-]C(=O)CCC(=O)C([O-])=O,0.429525605
[NH3+]CCCCCCCCCC[NH3+],1.527701003
[O-]C(=O)CC(C([O-])=O)S([O-])(=O)=O,0.08106542
[NH3+]C(CCC([O-])=O)C([O-])=O,0.371965463
[O-]C(=O)C1=CC=CC=C1,-1.816841725
CC1CO1,0.832570488
CCCCOCNC(=O)C=C,-0.653663028
CCCCCCCCCCCC[NH+](CCC([O-])=O)CCC([O-])=O,-0.040729633
CCCCCCCCC=CCCCCCCCC(=O)N(C)CC([O-])=O,-0.097522226
CC(O)C(=O)NCCO,1.307032379
OCC1CCCO1,0.38877392
CC(=C)C(=O)OCCO,-0.960255718
[O-]S(=O)(=O)C1=CC=C(C=C)C=C1,-0.033251081
CC(O)=CC(C)=O,0.186448508
COC(=O)CC(=O)OC,0.027341968
OC(CC([O-])=O)(CC([O-])=O)C([O-])=O,-1.546125822
OCC(O)C(O)C(O)C(O)C(O)C([O-])=O,0.70666632
CN(C)C(=[NH2+])N(C)C,0.938622926
OCC(O)COC(=O)CS,0.779374207
OCCOCCOCCOCCO,0.711690398
CC(CCO)CCO,0.927470714
OCC[NH2+]CCO,0.782018876
CO,1.494280384
OCC[NH+](CCO)CCO,0.679351138
O=S1(=O)CCCC1,-0.079806903
CC(=C)C(=O)OCCO,-0.114420814
C[NH2+]CC(O)C1=CC=CC(O)=C1,-0.308924931
COC(C)(C)CCO,-0.072529286
[O-]S(=O)(=O)C1=CC=C(NN=C2C(=O)C=CC3=CC=CC=C23)C2=CC=CC=C12,-2.426393048
CCCCC(CC)C([O-])=O,0.455435409
CC(C)CCCCCC(=O)NCCCCCC([O-])=O,-2.770853612
CCCCCCCCC([O-])=O,-2.722197764
OC1=CC=C2C=C(C=CC2=C1)C([O-])=O,-3.278942885
CC(C)(C)C1=CC=C(C=C)C=C1,-4.563351028
CC1=CC(=CC(C)=C1)C(Cl)=O,-3.32928972
OC([O-])=O,-5.143219117
O1C(=CN=C1C1=CC=CC=C1)C1=CC=CC=C1,-5.553210296
CCC([NH3+])(CO)CO,0.901578533
[NH3+]C1CCCCC1[NH3+],0.889006483
OCCS,0.953730344
O=C1N(CC2CO2)C(=O)N(CC2CO2)C(=O)N1CC1CO1,-1.495423095
C[NH+](C)CC1=CC(C[NH+](C)C)=C([O-])C(C[NH+](C)C)=C1,0.505516371
[O-]C(=O)COCCOCC([O-])=O,0.670925028
COCNC(=O)C(C)=C,0.791965313
[O-]C(=O)CN(CC[NH+](CCN(CC([O-])=O)CC([O-])=O)CC([O-])=O)CC([O-])=O,0.201298437
CCCC[NH2+]C1CC(C)(C)[NH2+]C(C)(C)C1,0.57461503
NC(=O)NC1=CC(NC2=NC(N)=NC(Cl)=N2)=CC=C1N=NC1=CC2=C(C=C(C=C2C=C1S([O-])(=O)=O)S([O-])(=O)=O)S([O-])(=O)=O,-1.000000587
CC(C)(C)OO,0.884647226
CC1=NN(C(=O)C1N=NC1=CC(=CC(Cl)=C1[O-])[N+]([O-])=O)C1=CC=C(C=C1)S([O-])(=O)=O,-0.838577173
[O-][N+]([O-])=O,0.361876193
CC(O)CN(CC(C)O)C(=O)CCCCC(=O)N(CC(C)O)CC(C)O,0.210993363
[O-]C(=O)CCS,0.754917543
COC(=O)C(N)CO,0.577420768
CC1(C)COC(=O)C1O,0.651530723
CC1=C(N=NC2=CC(Cl)=C(C=C2[O-])S(N)(=O)=O)C(=O)N([N-]1)C1=CC=CC=C1,-2.692470897
C[NH+](C)CCOCC[NH+](C)CCO,0.476465736
NC#N,1.124514989
[NH3+]CCN1CCNC1=O,0.63354594
NC1=C(N=NC2=CC=C(C=C2)S(=O)(=O)CCOS([O-])(=O)=O)C(=CC2=C1C(=O)C(=NNC1=CC=C(C=C1)S(=O)(=O)CCOS([O-])(=O)=O)C(=C2)S([O-])(=O)=O)S([O-])(=O)=O,-0.255286517
CC(C)(C)CC(C)(C)C1=CC=C(OCCOCC[N+](C)(C)CC2=CC=CC=C2)C=C1,0.072909649
CC(C)(CO)C(O)C(=O)NCCCO,0.394426153
C[NH+](C)CCCN1CN(CCC[NH+](C)C)CN(CCC[NH+](C)C)C1,0.16421307
CC([O-])=O,0.653490551
CC1OC(OC2C(C)OC(OC3C(O)C(C)OC(OC4C(C)OC(O)C(OS([O-])(=O)=O)C4OS([O-])(=O)=O)C3OS([O-])(=O)=O)C(OS([O-])(=O)=O)C2OS([O-])(=O)=O)C(OS([O-])(=O)=O)C(OC2OC(C)C(O)C(OS([O-])(=O)=O)C2OS([O-])(=O)=O)C1O,-0.589205864
CC(O)C[NH+](CC(C)O)CC(C)O,0.417320876
[NH3+]CCCCC([NH3+])C([O-])=O,0.43734795
CC(C)(CS([O-])(=O)=O)NC(=O)C=C,0.338692866
CC1(O)CC(C)(O)OO1,0.571440842
[NH3+]CCNCCNCC[NH2+]CCNCC[NH3+],0.332778733
C[NH+](C)CCC[NH2+]C1CC(C)(C)[NH2+]C(C)(C)C1,0.316191362
CC(C)COC(=O)CC(C(=O)OCC(C)C)S([O-])(=O)=O,0.177374321
CC(C)CC(C)OC(=O)CC(C(=O)OC(C)CC(C)C)S([O-])(=O)=O,0.109625935
CCCCC(CC)COS([O-])(=O)=O,0.332963796
CCC([O-])=O,0.716422901
[O-]C1=CC(=O)C(C=C1N=NC1=CC=C(N=NC2=CC=C(NC3=CC=C(C=C3S([O-])(=O)=O)[N+]([O-])=O)C=C2)C2=C(C=CC=C12)S([O-])(=O)=O)=NNC1=CC=C(NC2=CC=C(C=C2S([O-])(=O)=O)[N+]([O-])=O)C=C1,-0.322577337
CC1(C)CC([NH3+])CC(C)(C[NH3+])C1,0.157298187
[O-]C(=O)C=C,0.715084111
C[N+](C)(C)CCO,0.603205321
[O-]S(=O)(=O)C1=CC(=C2C=C(NS(=O)(=O)C3=CC(=CC=C3)N=NC3=CC=C(NN=C4C(=O)C=CC5=CC=CC=C45)C=C3)C=CC2=C1)S([O-])(=O)=O,-1.209646244
CC(CC[NH3+])CC(C)(C)C[NH3+],0.478156217
CCCCCCCCOS([O-])(=O)=O,0.287206306
CCNC1=CC=C(C=C1C)C(C1=CC=C(NCC)C(C)=C1)=C1C=CC(=[NH+]CC)C(C)=C1,-1.023221287
CCCCCCCCCCCC(=O)NCCC[N+](C)(C)C,-0.011381165
CCCCCCC(CCCC)COS([O-])(=O)=O,0.142087324
NC(=O)NC1=CC(NC2=NC(Cl)=NC(NC3=CC(N)=C(C=C3N=NC3=CC=C(C=C3)S(=O)(=O)CCOS([O-])(=O)=O)S([O-])(=O)=O)=N2)=CC=C1N=NC1=CC2=C(C=C(C=C2C=C1S([O-])(=O)=O)S([O-])(=O)=O)S([O-])(=O)=O,-0.510557544
[O-]S(=O)(=O)C1=CC=C(C=C1)N=NC1=CC=C(NN=C2C(=O)C3=CC=C(NC(=O)NC4=CC=C5C(=C4)C=C(C(=NNC4=CC=C(C=C4S([O-])(=O)=O)N=NC4=CC=C(C=C4)S([O-])(=O)=O)C5=O)S([O-])(=O)=O)C=C3C=C2S([O-])(=O)=O)C(=C1)S([O-])(=O)=O,-0.569498545
CCCCCCCCCCCCOS([O-])(=O)=O,0.10896299
CCCCCCCCCCOS([O-])(=O)=O,0.102988053
[O-]C(=O)CN(CCN(CC([O-])=O)CC([O-])=O)CC([O-])=O,-0.092012803
CCCCCCCCC=CCCCCCCCC(=O)N(C)CC([O-])=O,0.775780405
OCC([O-])=O,0.596016326
CN(C)C(N)=[NH+]C(N)=[NH2+],0.257987497
N#CCN(CC#N)CC#N,-1.647557834
CCCCCCCCC=CCCCCCCCC(=O)N(C)CC([O-])=O,-0.121592004
CC(C)OC(C)=O,-0.546768091
CC(=O)OCC(=C)COC(C)=O,-0.77961667
CCCC(CCC)CCCC1COCC[NH+]1CCO,0.964258162
C[NH2+]CCS([O-])(=O)=O,0.19068814
NC1=C2C(=O)C3=CC=CC=C3C(=O)C2=C(NC2=CC=CC(=C2)S(=O)(=O)CCOS([O-])(=O)=O)C=C1S([O-])(=O)=O,-0.454535826
OC1COC2C(O)COC12,1.177450183
[NH3+]CC1=CC=C(C[NH3+])C=C1,1.175071806
COC1COC2C(COC12)OC,1.059991817
[O-]S(=O)(=O)C1=CC2=CC=C([NH+]=C2C(=C1)S([O-])(=O)=O)[C-]1C(=O)C2=CC=CC=C2C1=O,-0.377836954
COC1=CC(=C(C)C=C1NC(=O)CC(C)=O)S([O-])(=O)=O,-0.201876223
[O-]C1=CC(=O)C(=CC1=NNC1=CC(=CC2=C1C(=O)C(=NNC1=CC=C(NC3=CC=C(C=C3S([O-])(=O)=O)[N+]([O-])=O)C=C1)C(=C2)S([O-])(=O)=O)S([O-])(=O)=O)N=NC1=CC=C(NC2=CC=C(C=C2S([O-])(=O)=O)[N+]([O-])=O)C=C1,-0.76675145
[O-]S(=O)(=O)C1=CC=CC(=C1)N=NC1=CC=C(N=NC2=CC=C(NC3=CC=CC=C3)C3=C(C=CC=C23)S([O-])(=O)=O)C2=CC=CC=C12,-0.532539726
CCCCCCCCCCCCN(CCC[NH3+])CCC[NH3+],-0.197711374
OCC[NH+](CCO)CCO.OCC[NH+](CCO)CCO.OCC[NH+](CCO)CCO.COC1=CC(=CC=C1NC(=O)C1=CC=C([N-]N=C2C(=O)NC(NC2=O)=NC#N)C=C1)N=NC1=CC2=C(C=C(C=C2C=C1)S([O-])(=O)=O)S([O-])(=O)=O,-0.821648982
CC(C)CCCCCCCOC(=O)CC(C(=O)OCCCCCCCC(C)C)S([O-])(=O)=O,-0.469106118
CC(C)(N=NC(C)(C)C(N)=[NH2+])C(N)=[NH2+],-0.145139333
CC([O-])=O,0.541425963
CC(CO)(CO)C=O,0.928933376
[NH3+]CCNCCNCC[NH3+],0.533909766
[NH3+]CCNCC[NH2+]CCNCC[NH3+],0.421803331
C[NH+](C)CCC[NH3+],0.990629851
CCN(CCC[NH+](C)C)C#N,0.717364294
CCC1(CO)COCOC1,0.835094217
CC(C)(C)CCCCCCCC([O-])=O,-2.111396949
CN1CCCN(C)C1=O,0.892196674
OCC1C[NH+]2CCN1CC2,0.847094295
CN1CC[NH+](C)CC1,0.942364321
CCOCCOCCOC,0.829145935
CCN1CCCC1=O,0.946307061
OCCCOC(=O)C=C,0.885579186
CN1C=CN=C1,1.085625105
CC(O)C[NH+](CCC[NH+](C)C)CCC[NH+](C)C,0.610105975
[NH3+]CCOCC[NH3+],0.982328216
COCCOCCOCCOCCOC,0.653097658
COCCOCCOCCOC,0.749024066
CC1C[NH2+]CC(C)O1,0.938638008
[O-]C(=O)CS,0.81473273
CC(CCC([O-])=O)C([O-])=O,0.835224953
OC(=CC([O-])=O)C([O-])=O,0.879192534
OCC(O)COCC(O)CO,0.77943954
CC1=C(CCCl)C(=O)N2CCCCC2=N1,0.57976692
OCN1C(NC(=O)NCNC(=O)NC2N(CO)C(=O)NC2=O)C(=O)NC1=O,0.410835965
[NH3+]CC(O)CO,1.040433953
CC1=CC=NN1,1.085625105
CC(=O)CC(N)=O,0.995227367
OCC1COC(=O)O1,0.927794233
CC(=O)N1CCOCC1,0.888875326
OCCOCC(COCCO)OCCO,0.649261738
C[N+](C)(C)C,0.960189446
CN(C)C(=O)CC(C)=O,0.888875326
C[NH+](C)CCCNC=O,0.885419037
CNC=O,1.228647734
[O-]C(=O)CS,0.96197626
[O-]C(=O)CCCCCCCCCCC([O-])=O,0.276803833
C[NH+](CCC[NH3+])CCC[NH3+],0.837883859
[NH3+]CCO,0.734729236
[O-]S([O-])(=O)=O,0.441443819
[O-]C(=O)CCCCC([O-])=O,0.732265228
CCN(CC1=CC=CC(=C1)S([O-])(=O)=O)C1=CC=C(C=C1)N=NC1=CC=C(N=NC2=CC=CC(=C2)S([O-])(=O)=O)C2=CC=CC=C12,0.171543767
NC1=CC=C(NN=C2C(=N)C=CC3=CC(=CC(O)=C23)S([O-])(=O)=O)C(=C1)S([O-])(=O)=O,0.316586399
CC(=O)OCCOCCOCCOC(C)=O,0.630324108
CCOC(=O)N1CCC(=O)CC1,0.766506387
CCC[NH2+]CC,1.054659457
O=C1CCCCCO1,0.942546912
O=C1CCCO1,1.065047292
C1CC[NH2+]CC1,1.069815348
[S-]C#N,1.012409699
OCC#C,1.25131592
OCCCO,1.118643879
OCC1=CC=CN=C1,0.962063804
CCCCC(CC)C([O-])=O,0.779379433
COCCOCCOC1=CC(NC2=C(C)C=C(C)C(=C2C)S([O-])(=O)=O)=C2C(=O)C3=CC=CC=C3C(=O)C2=C1N,0.239123102
CCOC(=O)C1=CC=C(O)C=C1,0.725477312
[S-]C#N,1.091113043
CC(C)COC(C)(C)C,0.885285625
[O-]C(=O)C1=CC=CC=C1C([O-])=O,0.621109935
C[N+](C)(C)C,1.040224269
CC1=CC(N=NC2=CC=C(O)C(=C2)C([O-])=O)=C(OCCCS([O-])(=O)=O)C=C1N=NC1=CC=C(C=C1S([O-])(=O)=O)[N+]([O-])=O,0.161450613
CC1(C)CC(O)CC(C)(C)[NH2+]1,-0.196609986
[NH3+]CCN1CC[NH2+]CC1,-0.111286043
CC(C)OCCO,-0.017655104
NC(=O)CC[NH2+]CCO,-0.121109888
CC([O-])=O.CCN(CC)C1=CC=C(C=C1)[C+](C1=CC=CC=C1)C1=CC=C(C=C1)N(CC)CC,-0.647988018
FC(F)(F)C(F)(F)C(=O)C(F)(C(F)(F)F)C(F)(F)F,-1.499743427
[O-][N+]([O-])=O,-1.36253525
OC1=C(N=NC2=CC=C(N=NC3=CC=C(N=NC4=CC(=CC=C4S([O-])(=O)=O)S([O-])(=O)=O)C4=CC=C(C=C34)S([O-])(=O)=O)C3=CC=CC=C23)C2=CC=C(NC3=CC=CC=C3)C=C2C=C1S([O-])(=O)=O,-2.023633484
OCCN(CCO)C(=O)CCCCCCCCC=C,-2.761513586
CC(C)=CCCC(C)(OC=O)C=C,-4.040590426
O=C(NC1=CC=NC(=O)N1)C1=CC=CC=C1,-5.159680215
CCCCCCCCCCCCC1=CC=CC=C1S([O-])(=O)=O,0.213791577
[O-]C(=O)C=CC(=O)OCCOCCOCCOC(=O)C=CC([O-])=O,0.159532562
CC(CCOS(=O)(=O)C1=CC=CC=C1)NC1=CC=C(NC(C)CCOS(=O)(=O)C2=CC=CC=C2)C2=C1C(=O)C1=CC=CC=C1C2=O,-0.437646111
OC1=C(N=NC2=C(O)C3=C(C=CC=C3C=C2)S([O-])(=O)=O)C2=CC=CC=C2C(=C1)S([O-])(=O)=O,-1.171951452
FC1=CC=CC2=C1NC(=O)C2,-2.225136908
CC(C)CCCCCCCOCCC[NH2+]CCC[NH3+],-3.204880928
NC1=CC=C(N=NC2=CC=C(NC(=O)C3=CC=C(C=C3)N=NC3=C(N)C4=C(C=C(C(=NNC5=CC=CC=C5)C4=O)S([O-])(=O)=O)C=C3S([O-])(=O)=O)C=C2)C(N)=C1,-1.340682714
[O-]C(=O)C([O-])=O,-4.873295836
CCCCCCC(=O)OCC(CC)(CO)COC(=O)CCCC,-5.982567027
CCOC(=O)C1CCC(CC1)C(=O)OCC,-2.251273114
ClCCCN1CCOCC1,0.786089298
[O-][N+]([O-])=O,0.545324138
CC1=C(C#N)C(=O)N(CCC([O-])=O)C(O)=C1,-1.443654068
CC1=C(C(N)=O)C(=O)N(CCC([O-])=O)C(O)=C1,-1.602448873
CCCCCCCC(=O)NCCCCC([NH3+])C([O-])=O,0.057570824
C[NH+](CC=CC#CC(C)(C)C)CC1=CC=CC2=CC=CC=C12,-1.719860075
NC1=C(C=C(NC2CCC(CC2)NC2=NC(F)=NC(NC3=CC(=CC=C3S([O-])(=O)=O)S([O-])(=O)=O)=N2)C2=C1C(=O)C1=CC=CC=C1C2=O)S([O-])(=O)=O,-0.75694657
CCN(CC)C1=CC=C(C=C(C#N)C(=O)OCCC[N+](C)(C)CCOC(=O)C(=CC2=CC=C(C=C2)N(CC)CC)C#N)C=C1,-0.803618922
FC(F)(F)S(=O)(=O)[N-]S(=O)(=O)C(F)(F)F,0.454144176
CC1=C(N=NC2=CC(Cl)=CC(=C2O)S([O-])(=O)=O)C(=O)N([N-]1)C1=CC=CC(=C1)S([O-])(=O)=O,-1.133167485
CCCCCCCCC=CCCCCCCCCOCCO,-2.494902829
CC(C)(C)C1=CC(CCC([O-])=O)=CC(N2N=C3C=CC=CC3=N2)=C1O,-5.53070544
CCCCCCC(O)CCCCCCCCCCC(=O)OCC(O)CO,-3.397432456
CCN(CC)C1=C(C)C=C2C(OC3C=C([NH+](CC)CC)C(C)=CC3=C2C2=CC=CC=C2C(=O)OC)=C1,-7.687222082
CCOC(=O)CC(NC1CCC(CC2CCC(CC2)NC(CC(=O)OCC)C(=O)OCC)CC1)C(=O)OCC,-3.744077739
CC(CC(C)(C)C)CC(C)(C)CC(C)(C)C,-3.354968489
COCC(NC(C)=O)C(=O)NCC1=CC=CC=C1,-3.398457379
CCCCOCC(C)OCC(C)O,-0.653059623
CCCCCCCCCCCCCCCCCCC([O-])=O,-3.775990335
CCOC(C)(C)CC,-1.471935011
CC(CO)CC(C)C1=CC=CC=C1,-2.346916077
NC1=C(OC2=CC=CC=C2)C=C(O)C2=C1C(=O)C1=CC=CC=C1C2=O,-4.219226833
CCN1N=C2C=C(C=C3C2=C1C1=CC=CC=C1C3=O)C1=CC2=NN(CC)C3=C2C(=C1)C(=O)C1=CC=CC=C31,-4.393183723
O=C1C2=CC=CC=C2C(=O)C2=C1C=CC1=C2NC2=C1C1=C(NC3=C1C=CC1=C3C(=O)C3=CC=CC=C3C1=O)C1=C2C(=O)C2=CC=CC=C2C1=O,-4.509615108
[O-][N+](=O)C1=CC2=C3C(=CC=C4C5=C6C(=CC=C7C8=CC=CC=C8C(=O)C(C=C5)=C67)C1=C34)C(=O)C1=CC=CC=C21,-4.399238344
CCOC1=CC=C(NC2=CC=C(C=C2[N+]([O-])=O)S(=O)(=O)N(C)C)C=C1,-4.261751621
O=C(NC1=CC2=C(NC3=C2C=C(NC(=O)C2=CC=CC=C2)C2=C3C(=O)C3=CC=CC=C3C2=O)C2=C1C(=O)C1=CC=CC=C1C2=O)C1=CC=CC=C1,-4.522223117
COC1=CC=C(C=C1)C(C[NH+](C)C)C1(O)CCCCC1,0.256718745
OC1=C(NN=C2C(=O)C=C(C3=CC(=CC=C23)[N+]([O-])=O)S([O-])(=O)=O)C2=CC=CC=C2C=C1,-5.166184625
CCCCCCCCCCCCOC(=O)C=C,-4.380910978
CCCCCCCCCCCCCCOC(=O)C=C,-4.428848848
ClC1=C(Cl)C2(Cl)C3C(C(=O)OC3=O)C1(Cl)C2(Cl)Cl,-5.171234853
COC1=CC(N=NC2=C(Cl)C=C(C=C2[N+]([O-])=O)[N+]([O-])=O)=C(NC(C)=O)C=C1N(CCOC(C)=O)CCOC(C)=O,-5.46309979
COC(=O)C1=C(C)C(C#N)=C(N)S1,-4.991737621
CCCCCCCCC=CCCCCCCCC(=O)NCC(C)O,-5.530921641
CC(C)(O)C(=O)C1=CC=C(C=C1)C1(C)CC(C)(C)C2=CC(=CC=C12)C(=O)C(C)(C)O,-5.93729046
CC(C)(O)C(=O)C1=CC=C(C=C1)C1(C)CC(C)(C)C2=CC=C(C=C12)C(=O)C(C)(C)O,-5.963849488
CC(C)=CCCC(C)=CCCC(=C)C=C,-6.310389519
CCCCC1CCC(CC1)C1CCC(=O)CC1,-6.373645635
CC(C)CCCCCCCCCCOC(=O)CSCC1=CC(=C(O)C(=C1)C(C)(C)C)C(C)(C)C,-6.789589525
NC1=CC=C(C=C1Cl)C1(C2=CC=CC=C2C2=CC=CC=C12)C1=CC=C(N)C(Cl)=C1,-6.904485627
ClC1=C2C(=O)N3C(=NC4=CC=CC5=CC=CC3=C45)C2=C(Cl)C(Cl)=C1Cl,-7.133614478
OC1=CC2=CC=CC=C2[NH+]=C1[C-]1C(=O)C2=CC=CC=C2C1=O,-7.046360074
CC1=CC(=C(O)C(C)=C1CN1C(=O)N(CC2=C(C)C=C(C(O)=C2C)C(C)(C)C)C(=O)N(CC2=C(C)C=C(C(O)=C2C)C(C)(C)C)C1=O)C(C)(C)C,-7.544026474
CCC1=CC(C)=CC(CC)=C1NC1=CC=C(NC2=C(CC)C=C(C)C=C2CC)C2=C1C(=O)C1=CC=CC=C1C2=O,-7.423828912
CCC1=CC=CC(C)=C1NC1=CC=C(NC2=C(C)C=CC=C2CC)C2=C1C(=O)C1=CC=CC=C1C2=O,-7.375301399
O=C1N2C3=C4C(C=CC=C4N=C2C2=CC=CC4=CC=CC1=C24)=CC=C3,-7.204596088
CCCCCCCCSCC1=CC(C)=C(O)C(CSCCCCCCCC)=C1,-7.327113617
CCCCCCCCSC1=NC(SCCCCCCCC)=NC(NC2=CC(=C(O)C(=C2)C(C)(C)C)C(C)(C)C)=N1,-7.469064653
CCCCCCCCCCCCCCCCOC(C)=O,-7.397152994
CCCCC(CC)COC(=O)CCC(=O)OCC(CC)CCCC,-7.835715931
CC(C)(C)C1=CC(CC2=CC(=C(O)C(=C2)C(C)(C)C)C(C)(C)C)=CC(=C1O)C(C)(C)C,-8.62805056
CCCCCCCCC([O-])=O,-8.765531466
CCCCCCCC(=O)OOC(=O)CCCCCCC,-7.61189317
C1=CC2=CC3=CC=CC=C3C=C2C=C1,-6.44481058
OC1=C(N=NC2=CC(Cl)=CC=C2Cl)C2=CC=CC=C2C=C1C(=O)NC1=CC(Cl)=C(NC(=O)C2=CC3=CC=CC=C3C(N=NC3=CC(Cl)=CC=C3Cl)=C2O)C=C1Cl,-8.150868125
CCCCCCCCCCCCS,-7.573831768
O=C1C2=CC=CC=C2C(=O)C2=CC=CC=C12,-6.039760498
CC1=CC=CC=C1NC(=O)CC(=O)C=N[N-]C1=CC=C(C=C1[N+]([O-])=O)S([O-])(=O)=O,-7.739803669
CC(C)(C)CCCCC(=O)OC=C,-7.122461047
CC(CC(C1=CC(C2CCCCC2)=C(O)C=C1C)C1=CC(C2CCCCC2)=C(O)C=C1C)C1=CC(C2CCCCC2)=C(O)C=C1C,-7.396502027
FC(F)(F)C1(F)C(F)(F)C(F)(F)C(F)(F)C(F)(C(F)(F)F)C1(F)F,-7.602120788
FC1(F)C(F)(F)C(F)(F)C2(F)C(F)(F)C(F)(F)C(F)(F)C(F)(F)C2(F)C1(F)F,-7.664711532
FC(F)(F)C(F)(F)C(F)(F)C(F)(F)C(F)(F)C(F)(F)C(F)(F)C(F)(F)F,-7.641525668
CC(C)(C)N(SC1=NC2=CC=CC=C2S1)SC1=NC2=CC=CC=C2S1,-8.362937857
CCCCC(CC)COC(=O)C1=CC=C(C=C1)C(=O)OCC(CC)CCCC,-8.989632219
CCCCCCCCCC([O-])=O,-6.655885563
CC(C)OC(=O)C1=CC=C(C)C(=C1)N=NC1=C(O)C(=CC2=CC=CC=C12)C(=O)NC1=CC(Cl)=C(NC(=O)C2=CC3=CC=CC=C3C(N=NC3=CC(=CC=C3C)C(=O)OC(C)C)=C2O)C=C1Cl,-7.007487981
CC1=CC=CC=C1NC(=O)C1=CC2=CC=CC=C2C(N=NC2=CC(Cl)=C(Cl)C=C2Cl)=C1O,-7.69430966
CC(=O)C(=N[N-]C1=CC=C(C)C=C1[N+]([O-])=O)C(=O)NC1=CC=C(Cl)C=C1,-7.605298094
COC1=CC(OC)=C(Cl)C=C1NC(=O)C1=CC2=CC=CC=C2C(N=NC2=CC(=CC=C2OC)C(=O)NC2=CC=C(C=C2)C(N)=O)=C1O,-7.866240199
COC1=CC(Cl)=C(OC)C=C1NC(=O)C1=CC2=CC=CC=C2C(N=NC2=CC(=CC=C2OC)C(=O)NC2=CC=CC=C2)=C1O,-7.846560339
COC1=CC=CC=C1[N-]N=C(C(C)=O)C(=O)NC1=CC=C2NC(=O)NC2=C1,-7.630599326
COC1=CC(NC(=O)C(=N[N-]C2=CC=C(C=C2Cl)C2=CC=C([N-]N=C(C(C)=O)C(=O)NC3=CC(OC)=C(Cl)C=C3OC)C(Cl)=C2)C(C)=O)=C(OC)C=C1Cl,-8.004532604
CC1=NN(C(=O)C1N=NC1=CC=CC=C1)C1=CC=CC=C1,-7.541446627
FC(F)(F)N1C(F)(F)C(F)(F)OC(F)(F)C1(F)F,-5.596058626
CCCCCCCCCCCCCCCCCCCCCC([O-])=O,-6.782690092
CCN(CC)S(=O)(=O)C1=CC=C(OC)C(=C1)N=NC1=C(O)C(=CC2=CC=CC=C12)C(=O)NC1=CC(Cl)=C(OC)C=C1OC,-7.905255356
CC(=O)C(=N[N-]C1=CC=C(Cl)C=C1[N+]([O-])=O)C(=O)NC1=CC=CC=C1Cl,-7.72175787
O=C1N2C3=CC=CC=C3N=C2C2=C3C1=CC=C1C4=NC5=CC=CC=C5N4C(=O)C(C=C2)=C31,-7.757994585
CC1=CC(C)=C(NC2=CC=C(NC3=C(C)C=C(C)C=C3C)C3=C2C(=O)C2=CC=CC=C2C3=O)C(C)=C1,-7.825073045
CC(C)C1CCCCC1,-5.311626594
CCCCCCCCCCCCCCCCCCN1C(=O)C2=CC=C3SC4=CC=CC=C4C4=C3C2=C(C=C4)C1=O,-7.96678917
CCC(C)CCCC(C)CCCC(C)C,-6.61539022
CCN1C(=O)C(=N[N-]C2=CC=CC=C2[N+]([O-])=O)C(C)=C(C#N)C1=O,-6.815976001
CC(=O)C(=N[N-]C1=CC(=CC=C1Cl)C(=O)NC1=CC(Cl)=CC=C1C)C(=O)NC1=CC(C)=C(NC(=O)C(=N[N-]C2=CC(=CC=C2Cl)C(=O)NC2=CC(Cl)=CC=C2C)C(C)=O)C=C1C,-7.263233538
CCCC(Cl)CCCC(Cl)CCC(Cl)CCC(Cl)CCC(Cl)CCCC(Cl)CCC,-7.965810564
COC1=CC=C(NC(=O)C(=N[N-]C2=CC=C(C=C2Cl)C2=CC=C([N-]N=C(C(C)=O)C(=O)NC3=CC=C(OC)C=C3)C(Cl)=C2)C(C)=O)C=C1,-8.540480954
CC1=CC=C2NC3=CC4=C(NC5=CC=C(C)C=C5C4=O)C=C3C(=O)C2=C1,-7.783778559
OC1=C(N=NC2=CC(Cl)=CC=C2Cl)C2=CC=CC=C2C=C1C(=O)NC1=CC=CC=C1,-7.907389462
CC(=O)C(=N[N-]C1=CC=C(C=C1Cl)C1=CC=C([N-]N=C(C(C)=O)C(=O)NC2=CC=C(C)C=C2)C(Cl)=C1)C(=O)NC1=CC=C(C)C=C1,-8.101930722
O=C(C1=CC=C(OC2=CC=CC=C2)C=C1)C1=CC=C(C=C1)C(=O)C1=CC=C(OC2=CC=CC=C2)C=C1,-7.973611776
COC1=CC=C(C=C2N=C(OC2=O)C2=CC=C(C=C2)C2=NC(=CC3=CC=C(OC)C=C3)C(=O)O2)C=C1,-6.983571154
CCOC(=O)C1=CC=C2SC3=CC=CC=C3C(=O)C2=C1,-6.756602507
CCCCC(CC)COC(=O)C1CCC(CC1)C(=O)OCC(CC)CCCC,-6.926267992
CC(C)CCCCCCCCCCCCCCCOC(=O)CCCCCCCCCCCCCCC(C)C,-7.086497346
CC1CCCCCCCCCCCCC(=O)C1,-5.74386512
CC(C)C1=CC=C(C=C1)C(C)C,-6.602799271
CC1=C(C=C2C(C)=NN(C2=O)C2=CC=CC=C2)C(=O)N(N1)C1=CC=CC=C1,-7.882271355
CC1=CC=CC=C1NC(=O)C1=CC2=CC=CC=C2C(N=NC2=CC=C(C=C2C)[N+]([O-])=O)=C1O,-7.981147657
CC1=NN(C(=O)C1=N[N-]C1=CC=C(C=C1Cl)C1=CC=C([N-]N=C2C(C)=NN(C2=O)C2=CC=CC=C2)C(Cl)=C1)C1=CC=CC=C1,-8.14162673
COC(=O)C1=CC=C(C=C1N=NC1=C(O)C(=CC2=CC=CC=C12)C(=O)NC1=CC=CC=C1OC)C(=O)NC1=CC(Cl)=CC=C1Cl,-8.175068622
CCCCNC1=CC=C(NCCCC)C2=C1C(=O)C1=CC=CC=C1C2=O,-7.931857078
CC(C)CCCC(C)CCCC(C)CCCC(C)=CCO,-4.861741107
CCCCCCCCCCCCCCCCCCC[NH3+],-5.85712424
[O-][N+](=O)C1=NN(CC(=O)NC2=CC(=CC=C2Cl)C(F)(F)F)C=N1,-5.968106767
CC(C)(C)CCCCC1(OO1)C(=O)OC(C)(C)CC(C)(C)C,-6.971234419
ClC1=CC=C2NC3=CC4=C(NC5=CC=CC=C5C4=O)C=C3C(=O)C2=C1Cl,-7.066625646
[O-][N+](=O)C1=CC(Cl)=C(N=NC2=CC=C(C=C2)N(CCC#N)CCC#N)C(Cl)=C1,-7.115252612
[O-]C(=O)C([O-])=O,-4.667787925
CCCCC(CC)C(=O)OOC(C)(C)CC(C)(C)C,-5.94953191
CC(C)CCCC(C)C1CCC2C3CC=C4CC(O)CCC4(C)C3CCC12C,-7.100195364
CC(C)C(C)(C)C(C)(C)C(C)(C)S,-7.711832978
COC1=CC=C(Cl)C=C1NC(=O)C1=CC2=CC=CC=C2C(N=NC2=CC(=CC=C2OC)C(=O)NC2=CC=CC=C2)=C1O,-8.184413465
NC1=C(OCCOC(=O)OC2=CC=CC=C2)C=C(O)C2=C1C(=O)C1=CC=CC=C1C2=O,-8.054415311
CCCCCCCCCCCCCCCCCCCCCC(=O)OCC(CO)(CO)COC(=O)CCCCCCCCCCCCCCCCCCCCC,-8.348750336
CC1=NN(C(=O)C1N=NC1=CC=C(C=C1Cl)C1=CC=C(N=NC2C(C)=NN(C2=O)C2=CC=C(C)C=C2)C(Cl)=C1)C1=CC=C(C)C=C1,-8.269885037
O=C1C2=CC=CC=C2C2=CC=C3SC4=CC=CC=C4C4=C3C2=C1C=C4,-7.982807307
CC(=O)OCCOC1=CC=C(C=C1)C(C)(C)C1=CC=C(OCCOC(C)=O)C=C1,-8.058503028
[O-][N+](=O)C1=CC=C(NN=C2C(=O)C=CC3=CC=CC=C23)C(Cl)=C1,-7.996998283
CC1=CC=C(NN=C2C(=O)C=CC3=CC=CC=C23)C(=C1)[N+]([O-])=O,-7.96906134
CC(C)CCCCCCCCCCCCCCC(=O)OCC(COC(=O)CCCCCCCCCCCCCCC(C)C)OC(=O)CCCCCCCCCCCCCCC(C)C,-8.458760141
CCCCC(CC)COC(=O)C1=CC=C(C(=O)OCC(CC)CCCC)C(=C1)C(=O)OCC(CC)CCCC,-8.252098343
COC1=CC=CC=C1NC(=O)C1=CC2=CC=CC=C2C(N=NC2=CC=C(C=C2)C(N)=O)=C1O,-8.166784234
CCCCC(CC)C(=O)OOC(C)(C)CCC(C)(C)OOC(=O)C(CC)CCCC,-7.188496045
CC1=CC(O)=C(C=C1SC1=CC(=C(O)C=C1C)C(C)(C)C)C(C)(C)C,-7.112066324
CC1=CC(=C(C=C1Cl)N=NC1=C(O)C(=CC2=CC=CC=C12)C([O-])=O)S([O-])(=O)=O,-6.263770478
OC1=C(N=NC2=C(C3=CC=CC=C3C=C2)S([O-])(=O)=O)C2=CC=CC=C2C=C1C([O-])=O,-6.279395406
CC(=O)NC1=CC=C(NC(=O)C2=CC3=CC=CC=C3C(N=NC3=CC(=CC=C3Cl)C(N)=O)=C2O)C=C1,-7.304443807
CCOC(=O)C(=C)C#N,-6.71713979
CCCCCCC(O)CCCCCCCCCCC([O-])=O,-5.454848129
NC1=CC=C(C2=CC=C(N)C3=C2C(=O)C2=CC=CC=C2C3=O)C2=C1C(=O)C1=CC=CC=C1C2=O,-6.293710563
CCCCC(CC)COC(=O)OOC(C)(C)CC,-6.088238681
CCOC(F)(C(F)(F)C(F)(F)C(F)(F)F)C(F)(C(F)(F)F)C(F)(F)F,-7.288734017
CC1=CC(NN=C2C(=O)C=CC3=CC=CC=C23)=C(C=C1Cl)S([O-])(=O)=O,-7.622859284
CCCCCCCCCCCCCCCCCCOC(=O)CCC1=CC(=C(O)C(=C1)C(C)(C)C)C(C)(C)C,-8.270149868
CC(=O)C(=N[N-]C1=CC(Cl)=C(C=C1Cl)C1=CC(Cl)=C([N-]N=C(C(C)=O)C(=O)NC2=CC=C(C)C=C2C)C=C1Cl)C(=O)NC1=CC=C(C)C=C1C,-8.462687047
COC1=CC=CC=C1NC(=O)C(=N[N-]C1=CC=C(C=C1Cl)C1=CC=C([N-]N=C(C(C)=O)C(=O)NC2=CC=CC=C2OC)C(Cl)=C1)C(C)=O,-8.423596194
[O-]S(=O)(=O)C1=CC=CC=C1[NH+]=C1C=CC(C=C1)=C(C1=CC=C(NC2=CC=CC=C2)C=C1)C1=CC=C(NC2=CC=CC=C2)C=C1,-8.377105088
COCCOCCCN1C(=O)C2=C(C1=O)C(N)=C1C(=O)C3=CC=CC=C3C(=O)C1=C2N,-8.26504866
NC1=C(OC2=CC=CC=C2)C(OC2=CC=CC=C2)=C(N)C2=C1C(=O)C1=CC=CC=C1C2=O,-8.271656595
CCOC(=O)C1=C(N=NC2=CC=C(C=C2Cl)C2=CC=C(N=NC3=C([N-]N(C3=O)C3=CC=CC=C3)C(=O)OCC)C(Cl)=C2)C(=O)N([N-]1)C1=CC=CC=C1,-8.526560129
COC1=CC(NC(=O)C(=N[N-]C2=CC=C(C=C2Cl)C2=CC=C([N-]N=C(C(C)=O)C(=O)NC3=CC(OC)=C(Cl)C=C3OC)C(Cl)=C2)C(C)=O)=C(OC)C=C1Cl,-9.052340862
CC(C)CCCCCCCOC(=O)C(C)=C,-6.055946609
COC1=CC=CC=C1NC(=O)C(=N[N-]C1=CC=C(Cl)C=C1[N+]([O-])=O)C(C)=O,-7.306378354
CCC1=CC(NN=C2C(=O)C=CC3=CC=CC=C23)=C(C=C1Cl)S([O-])(=O)=O,-5.69286018
OC1=C(N=NC2=CC(=CC=C2Cl)C(F)(F)F)C2=CC=CC=C2C=C1C(=O)NC1=CC(Cl)=C(NC(=O)C2=CC3=CC=CC=C3C(N=NC3=CC(=CC=C3Cl)C(F)(F)F)=C2O)C=C1Cl,-7.692243372
CC1=CC=CC(CC2=CC=CC=C2)=C1CC1=CC=CC=C1,-7.179920249
OC([O-])=O,-4.837536592
CC(=O)C(=N[N-]C1=CC=CC=C1C([O-])=O)C(=O)NC1=CC=C2NC(=O)NC2=C1,-7.330901471
CC(=O)C(=N[N-]C1=CC=CC=C1OCCOC1=CC=CC=C1[N-]N=C(C(C)=O)C(=O)NC1=CC=C2NC(=O)NC2=C1)C(=O)NC1=CC=C2NC(=O)NC2=C1,-7.634485568
CC(=O)C(=N[N-]C1=CC=C(C=C1[N+]([O-])=O)S([O-])(=O)=O)C(=O)NC1=CC=CC=C1Cl,-5.451460763
C1CCCCCCCCCCC1,-7.02202606
CCCCCCOC(=O)C1=CC=CC=C1C(=O)C1=CC=C(C=C1O)N(CC)CC,-7.395233539
CCCCC(CC)C([O-])=O,-5.347977516
CCCCOC(=O)C1C(C(=O)OCCCC)C2(Cl)C(Cl)=C(Cl)C1(Cl)C2(Cl)Cl,-7.509558903
O=C1N2C(=NC3=CC=CC4=CC=CC2=C34)C2=CC=CC=C12,-7.255740326
ClC1=CC=C2NC3=CC4=C(NC5=CC=C(Cl)C=C5C4=O)C=C3C(=O)C2=C1,-7.419805396
CC(=O)C(=N[N-]C1=CC=CC=C1C(F)(F)F)C(=O)NC1=CC=C2NC(=O)NC2=C1,-7.455526833
CC1=CC(NC(=O)C2=CC3=CC=CC=C3C(N=NC3=C(C)C=CC=C3C(=O)OCCCl)=C2O)=C(C)C=C1NC(=O)C1=CC2=CC=CC=C2C(N=NC2=CC(=CC=C2C)C(=O)OCCCl)=C1O,-7.814241029
CC(=O)C(=N[N-]C1=CC=C(Cl)C=C1[N+]([O-])=O)C(=O)NC1=CC=C2NC(=O)NC2=C1,-7.473779877
CC(=C)C(=O)OCCCCCCCCCCOC(=O)C(C)=C,-6.350206051
ClC1=CC=CC2=C1NC1=CC3=C(NC4=C(Cl)C=CC=C4C3=O)C=C1C2=O,-6.457321758
CC(=O)C(=N[N-]C1=CC=C(C)C=C1[N+]([O-])=O)C(=O)NC1=CC=CC=C1,-7.417968366
CCCCCCCCCC(=O)OOC(=O)CCCCCCCCC,-6.44975236
CC1=CC=CC=C1NC(=O)C1=CC2=CC=CC=C2C(N=NC2=CC=C(Cl)C=C2[N+]([O-])=O)=C1O,-7.56321449
COC1=CC=C(NC(=O)C2=CC3=CC=CC=C3C(N=NC3=CC(=CC=C3C)C(=O)NC3=CC=CC(=C3)S([O-])(=O)=O)=C2O)C=C1,-7.050931183
CCOC1=CC=CC=C1NC(=O)C1=CC2=CC=CC=C2C(N=NC2=CC=C(C=C2)C(N)=O)=C1O,-7.581973548
CC1=CC=C(C=C1N=NC1=C(O)C(=CC2=CC=CC=C12)C(=O)NC1=CC=CC=C1)[N+]([O-])=O,-7.55796778
CC(=O)C(=N[N-]C1=CC=C(C=C1)[N+]([O-])=O)C(=O)NC1=CC=C2NC(=O)NC2=C1,-7.525540341
OC1=C(N=NC2=CC(Cl)=CC=C2Cl)C2=CC=CC=C2C=C1C(=O)NC1=CC=C(NC(=O)C2=CC3=CC=CC=C3C(N=NC3=CC(Cl)=CC=C3Cl)=C2O)C(Cl)=C1,-7.869298263
CC(=C)C(=O)OCCCCCCCCCCCCOC(=O)C(C)=C,-7.484220298
CC(=O)C(=N[N-]C1=CC=C(C=C1)C(=O)NC1=CC=C(C=C1)C(N)=O)C(=O)NC1=CC=C2NC(=O)NC2=C1,-6.672808806
CCOC1=CC=C(NC(=O)C(=N[N-]C2=CC=C(C=C2Cl)C2=CC=C([N-]N=C(C(C)=O)C(=O)NC3=CC=C(OCC)C=C3)C(Cl)=C2)C(C)=O)C=C1,-7.830582617
S=C(SSSSSSC(=S)N1CCCCC1)N1CCCCC1,-7.631732206
O=C1C2=CC=CC=C2NC2=CC3=C(NC4=CC=CC=C4C3=O)C=C12,-7.481773695
CC(=O)C(=N[N-]C1=CC(=CC=C1Cl)C(=O)NC1=CC=CC(Cl)=C1C)C(=O)NC1=CC(Cl)=C(NC(=O)C(=N[N-]C2=CC(=CC=C2Cl)C(=O)NC2=CC=CC(Cl)=C2C)C(C)=O)C=C1C,-7.971771107
COC1=CC=C(C=C1N=NC1=C(O)C(=CC2=CC=CC=C12)C(=O)NC1=CC(Cl)=CC=C1C)C(=O)NC1=CC=CC=C1,-7.752070739
CCCCCCCCOC(=O)C1=CC=CC=C1C(=O)OCC1=CC=CC=C1,-8.287652069
COC1=CC=C([N-]N=C(C(C)=O)C(=O)NC2=CC=CC=C2OC)C(=C1)[N+]([O-])=O,-8.308243053
CC(C)(C)CC(C)(C)N(C1=CC=CC=C1)C1=CC=CC2=CC=CC=C12,-8.290038542
COC1=CC=CC=C1NC(=O)C1=CC2=CC=CC=C2C(N=NC2=CC(Cl)=CC=C2Cl)=C1O,-8.464567785
CC(C)(C)C1=CC(CCC(=O)OCCNC(=O)C(=O)NCCOC(=O)CCC2=CC(=C(O)C(=C2)C(C)(C)C)C(C)(C)C)=CC(=C1O)C(C)(C)C,-8.667095408
CCCCCCCCCCCCCCCCCC(=O)OC(CCCCCC)CCCCCCCCCCC(=O)OCCCCCCCCCCCCCC(C)C,-8.755372465
CC(C)CCCC(C)CCCC(C)CCCC1(C)CCC2=C(C)C(O)=C(C)C(C)=C2O1,-8.520248661
CC(C)CCCC(C)CCCC(C)CCCC1(C)CCC2=CC(O)=C(C)C(C)=C2O1,-8.505869726
CCCCCCCCC=CCCCCCCCC(=O)OCC(CC)(CO)COC(=O)CCCCCCCC=CCCCCCCCC,-8.721196039
CC(=O)C(=N[N-]C1=CC=C(C=C1Cl)C1=CC=C([N-]N=C(C(C)=O)C(=O)NC2=CC=CC=C2C)C(Cl)=C1)C(=O)NC1=CC=CC=C1C,-8.914844079
CCCCC(CC)CNS(=O)(=O)C1=CC=C(NN=C2C(C)=C(C#N)C(=O)N(CCCC)C2=O)C=C1,-8.797313427
OC1=C(N=NC2=C(Cl)C(Cl)=CC=C2)C2=CC=CC=C2C=C1C(=O)NC1=CC=CC2=C(NC(=O)C3=CC4=CC=CC=C4C(N=NC4=CC=CC(Cl)=C4Cl)=C3O)C=CC=C12,-9.227651248
CC(=O)C(=N[N-]C1=CC=C(C=C1Cl)C1=CC=C([N-]N=C(C(C)=O)C(=O)NC2=CC=CC=C2)C(Cl)=C1)C(=O)NC1=CC=CC=C1,-9.196938503
FC(F)(F)C(F)(F)C(F)(F)N(C(F)(F)C(F)(F)C(F)(F)F)C(F)(F)C(F)(F)C(F)(F)F,-9.135966093
CC(=O)C(=N[N-]C1=CC=C(C=C1Cl)C1=CC=C([N-]N=C(C(C)=O)C(=O)NC2=CC=C(C)C=C2C)C(Cl)=C1)C(=O)NC1=CC=C(C)C=C1C,-9.292010366
CCOC(=O)OCCOC1=CC(O)=C2C(=O)C3=CC=CC=C3C(=O)C2=C1N,-9.219529562
CC(C)CCCCCCCCCCCCCCCOC(=O)CC(O)C(=O)OCCCCCCCCCCCCCCCC(C)C,-7.992627599
CCCCCCCCCCCCCCCCCC([O-])=O,-5.273398705
CCCCCCCCCCOC(=O)C(CC)CCCC,-8.193986458
CC(CCOC(=O)CC(C)CC(C)(C)C)CC(C)(C)C,-8.277966587
CCCCCCCCCCCCCCCCCC(=O)OCCCCCCCCCCCCCC,-8.983050454
CCCCCCCC(O)=CC(=O)C1=CC=CC=C1,-5.883696695
CC1=CC(Cl)=CC2=C1C(=O)C(S2)=C1SC2=CC(Cl)=CC(C)=C2C1=O,-7.931983782
COC1=CC=C(NN=C2C(=O)C=CC3=CC=CC=C23)C(=C1)[N+]([O-])=O,-7.991102511
CC1=CC(=C(O)C(CC2=C(O)C(=CC(C)=C2)C2(C)CCCCC2)=C1)C1(C)CCCCC1,-8.146786217
CC1=CC2=NC(=O)N=C2C=C1NNC1=C(O)NC(=O)NC1=O,-6.489140234
CC1=CC=C(NC2=NC(NC3=CC=C(C)C=C3)=C(C#N)C(C)=C2N=NC2=CC=CC=C2C(F)(F)F)C=C1,-7.717157144
CN1C(=O)C2=CC=C3C4=C5C(=CC=C6C(=O)N(C)C(=O)C(C=C4)=C56)C4=C3C2=C(C=C4)C1=O,-7.718509993
COCCCN1C(=O)C2=CC=C3C4=NC5=CC(C)=CC=C5N4C(=O)C4=C3C2=C(C=C4)C1=O,-6.771509907
[O-]C1=CC2=CC=CC=C2C=C1C(=O)N=NNC1=CC(Cl)=C(C=C1Cl)C1=CC=C(C=C1)C1=CC(Cl)=C(NN=NC(=O)C2=CC3=CC=CC=C3C=C2[O-])C=C1Cl,-8.087170706
CCCCCCCOCC(COCCCCCCC)(COCCCCCCC)COCCCCCCC,-7.94522478
O=C1C(NC2=CC=CC=C12)=C1NC2=CC=CC=C2C1=O,-6.7197753
CCCCCCCCCCCCCC(=O)OC(C)C,-6.733128222
CCCCCCCCCC1=CC(NC2=CC(CCCCCCCCC)=CC=C2)=CC=C1,-7.926046985
CCOC(=O)C(C#N)=C(C1=CC=CC=C1)C1=CC=CC=C1,-7.744015885
CC(C)(C)C1=CC(CCC(=O)OCCCCCCOC(=O)CCC2=CC(=C(O)C(=C2)C(C)(C)C)C(C)(C)C)=CC(=C1O)C(C)(C)C,-8.106483276
COC1=CC(=CC=C1N=NC1=CC=C(O)C=C1)N=NC1=CC=C(C=C1)[N+]([O-])=O,-6.963972007
CC(=O)OCCN(CCC#N)C1=CC=C(C=C1)N=NC1=C(Cl)C=C(C=C1Cl)[N+]([O-])=O,-7.051424595
CCCC(C1=CC(=C(O)C=C1C)C(C)(C)C)C1=CC(=C(O)C=C1C)C(C)(C)C,-7.980671353
CCCCCCCCCCCCCCCCCCOC(=O)CCSCCC(=O)OCCCCCCCCCCCCCCCCCC,-8.232475788
CCCCC(CC)COC(=O)C=CC(=O)OCC(CC)CCCC,-6.975819717
CCN(CC)C1=CC=C(N=NC2=C(Cl)C=C(C=C2[N+]([O-])=O)[N+]([O-])=O)C(NC(C)=O)=C1,-7.115885254
[O-][N+](=O)C1=CC=C(C=C1)N=NC1=CC=C(C=C1)N(CCOC(=O)C1=CC=CC=C1)CCC#N,-7.169736136
CCN(CC)C1=CC=C(N=NC2=C(C=C(C=C2C#N)[N+]([O-])=O)C#N)C(NC(C)=O)=C1,-8.102753049
CCCCCCCCCCCC(=O)OCC(C)C,-7.931847578
CCCCCCCCC=CCCCCCCCC(=O)OCCC(C)C,-8.070164748
FC(F)(F)C(F)(F)C(F)(F)C(F)(F)S(F)(=O)=O,-6.042384349
FC1=CC=C(CC2=CC=C(F)C=C2)C=C1,-6.912156137
CC(=O)C(=N[N-]C1=CC(=CC=C1Cl)C(=O)NC1=CC(=CC=C1OC1=CC=C(Cl)C=C1)C(F)(F)F)C(=O)NC1=CC(Cl)=C(NC(=O)C(=N[N-]C2=CC(=CC=C2Cl)C(=O)NC2=CC(=CC=C2OC2=CC=C(Cl)C=C2)C(F)(F)F)C(C)=O)C=C1C,-7.69168325
COC(=O)CCN(CCC(=O)OC)C1=CC=C(N=NC2=CC=C(C=C2[N+]([O-])=O)[N+]([O-])=O)C(NC(C)=O)=C1,-7.332831336
CC(C)(C)C1=CC=C(OC(=O)C2=CC(=C(O)C(=C2)C(C)(C)C)C(C)(C)C)C(=C1)C(C)(C)C,-7.341090118
ClC1=CC=C(C(=O)OOC(=O)C2=CC=C(Cl)C=C2Cl)C(Cl)=C1,-8.27876503
CCCCC(CC)C[NH+](CC(CC)CCCC)CC(CC)CCCC,-8.247579278
O=C1N(CCC2=CC=CC=C2)C(=O)C2=C3C1=CC=C1C4=C5C(=CC=C6C(=O)N(CCC7=CC=CC=C7)C(=O)C(C=C4)=C56)C(C=C2)=C31,-8.476148795
CCCCCCCCCCCCCCCCCC1=[NH+]C=CN1,-7.214642713
CC(=C)C(=O)OCCCOC1=CC=C(C=C1)C(C)(C)C1=CC=C(OCCCOC(=O)C(C)=C)C=C1,-7.456475388
CC(=O)OCCN(CCOC(C)=O)C1=CC=C(C=C1)N=NC1=C(C=C(S1)[N+]([O-])=O)[N+]([O-])=O,-7.547293505
ClC1=C2C(=O)[C-](C(=O)C2=C(Cl)C(Cl)=C1Cl)C1=[NH+]C2=C(C=CC=C2C=C1)N1C(=O)C2=C(C1=O)C(Cl)=C(Cl)C(Cl)=C2Cl,-7.727396093
CCN(CC)C1=CC=C(N=NC2=C(C=C(C=C2C#N)[N+]([O-])=O)C#N)C(C)=C1,-7.47281997
CCCCCCCCCCCCCC(=O)OCC(O)CO,-7.397875398
CCN(CC)C1=CC=C2C=C(C3=NC4=CC(Cl)=CC=C4O3)C(=O)OC2=C1,-7.487633218
OC1=CC=CC=C1N=CC1=C(O)C=CC2=CC=CC=C12,-7.432469538
CCCCCCCCCOC(=O)C1=CC=C(C(=O)OCCCCCCCCC)C(=C1)C(=O)OCCCCCCCCC,-6.757182205
CC1=CC(NC(=O)C2=CC3=CC=CC=C3C(N=NC3=CC(Cl)=CC=C3C)=C2O)=C(C)C=C1NC(=O)C1=CC2=CC=CC=C2C(N=NC2=CC(Cl)=CC=C2C)=C1O,-7.678196264
O=C1C2=CC=CC=C2C(=O)C2=C(NC3=NC(NC4=CC=CC5=C4C(=O)C4=CC=CC=C4C5=O)=NC(=N3)C3=CC=CC=C3)C=CC=C12,-7.77786597
CNC(=O)C(C#N)=C1N=C(C2=CC=CC=C12)C1=C(O)NC(=O)NC1=O,-7.528009903
CC1=NN2C(NC3=CC=CC=C3C2=O)=C1N=NC1=CC=C(Cl)C=C1[N+]([O-])=O,-7.582934488
OC1=C(C2=NC(C3=CC=CC=C23)=C2C(=O)NC(=O)[N-]C2=O)C(=O)NC(=O)N1,-7.564993732
CC(=O)OCC=C(C)C=CC=C(C)C=CC1=C(C)CCCC1(C)C,-7.516530086
CCC(=O)OCC=C(C)C=CC=C(C)C=CC1=C(C)CCCC1(C)C,-7.534689739
OC1=C(N=NC2=C(C3=CC=CC=C3C=C2)S([O-])(=O)=O)C2=CC=CC=C2C=C1C([O-])=O,-7.677004362
CCCCCCCCCCCCCC(=O)OCC(COC(=O)CCCCCCCCCCCCC)OC(=O)CCCCCCCCCCCCC,-8.647057001
CCCCCC1CCC(CC1)C1=CC=C(CCC)C=C1,-6.772570424
CCC(C)(C)C1=CC(N2N=C3C=CC=CC3=N2)=C(O)C(=C1)C(C)(C)CC,-8.545917916
CC(=O)C(=N[N-]C1=CC=C(C(Cl)=C1)C1=CC=C([N-]N=C(C(C)=O)C(=O)NN)C(Cl)=C1)C(=O)NN,-8.705297393
O=C1C2=CC=CC=C2C(=O)C2=C1C=CC1=C2NC2=C1C=CC1=C2C(=O)C2=C(C3=C(C=C2)C2=C(N3)C3=C(C=C2)C(=O)C2=CC=CC=C2C3=O)C1=O,-8.810645103
O,-8.510435082
CCCCCCCCCCCCOC(=O)C(C)=C,-8.405541006
CCCCCCCCCCCCCCCCCCOC(=O)C(C)=C,-8.52965617
OC1=CC=C(NC2=CC=CC=C2)C2=C1C(=O)C1=C(C2=O)C(=CC=C1[O-])[N+]([O-])=O,-8.646142991
OC1=CC=C(C=C1)S([O-])(=O)=O,-8.363189313
CCCCCCCCCCCCCCCCOC(=O)CCCCCCCCCCCCCCC,-8.754650095
CC(C)(C)C1=CC=C2OC(=O)C(C2=C1)C1=CC(=CC=C1OC(=O)C1=CC(=C(O)C(=C1)C(C)(C)C)C(C)(C)C)C(C)(C)C,-8.848512617
CCCCC(CC)C([O-])=O,-8.702012126
CN1C(=O)C(=NNC2=CC=CC(OS(=O)(=O)C3=CC=CC=C3)=C2)C(C)=C(C#N)C1=O,-8.782716219
CCCCC(CC)C(=O)OCC(COC(=O)C(CC)CCCC)(COC(=O)C(CC)CCCC)COC(=O)C(CC)CCCC,-9.204759418
CCCCCCCCCCCCCCCCCCC1CC(=O)N(CC[NH2+]CCNCC[NH2+]CCN2C(=O)CC(CCCCCCCCCCCCCCCCCC)C2=O)C1=O,-10.23471717
ClCC1=CC=C(C=C1)C1=CC=C(CCl)C=C1,-10.09891356
CCC(CC)O[N+]([O-])=O,-2.4522
CCOC(=O)C1(CC[NH+](C)CC1)C1=CC=CC=C1,-1.6368
CCC(O)(COC(N)=O)C1=CC=CC=C1,-0.9227
CC(O)C([O-])=O,1.0454
CC12CCC3C(CCC4=CC(O)=CC=C34)C1CCC2O,-4.8789
[O-]C(=O)C1=C(Cl)C=CC=C1Cl,-1.1309
[O-]C(=O)C1=C(Cl)C=CC(Cl)=C1Cl,-1.4666
O=C1N(C2CCC(=O)NC2=O)C(=O)C2=CC=CC=C12,-2.6758
COC1C(CC2C[NH+]3CCC4=C(NC5=CC(OC)=CC=C45)C3CC2C1C(=O)OC)OC(=O)C1=CC(OC)=C(OC)C(OC)=C1,-3.9208
[O-]C1=CC=C(Cl)C=C1C(=O)NC1=CC=C(C=C1Cl)[N+]([O-])=O,-5.3106
[NH3+]CCC1=CNC2=CC=C(O)C=C12,-0.945
[O-]C(=O)C1=CC(Cl)=C(Cl)C=C1Cl,-2.4446
[O-]C(=O)C1=CC=C(Cl)C=C1Cl,-2.6003
C[NH2+]CC(O)C1=CC=C(O)C(O)=C1,0.0
C[NH2+]CC(O)C1=CC=C(O)C(O)=C1,-3.0077
CCCC1=CC(=O)NC(=S)N1,-2.1504
CN(CCCl)CCCl,-1.1141
CC(=O)OC1(CCC2C3CCC4=CC(=O)CCC4C3CCC12C)C#C,-4.8041
CC(=O)SC1CC2=CC(=O)CCC2(C)C2CCC3(C)C(CCC33CCC(=O)O3)C12,-4.2773
[NH3+]C(CS)C([O-])=O,0.3597
ClC(Cl)C(C1=CC=C(Cl)C=C1)C1=CC=CC=C1Cl,-6.5052
C[NH+]1CCCC1C1=CC=CN=C1,0.7898
CN(C)C1=CC=C(C=C1)N=NC1=CC=CC(C)=C1,-5.7769
CC1=CC(=O)NC(=S)N1,-2.4259
[NH3+]CCCC([O-])=O,1.1006
CC12C3CCC(O3)C1(C)C(=O)OC2=O,-3.8156
[NH3+]CCCCC([NH3+])C([O-])=O,0.8351
C=CCN=C=S,-1.6953
CN(C)[NH3+],1.2211
CCOC(=O)C1(CC[NH+](C)CC1)C1=CC=CC=C1,-1.8861
OCC(O)C(O)C(O)C(=O)CO,0.6353
OCC1OC(CO)(OC2OC(CO)C(O)C(O)C2O)C(O)C1O,0.7878
CC(O)CO,1.1186
CC12CCC3C(CCC4=CC(O)=CC=C34)C1CCC2(O)C#C,-4.4192
NC(=[NH2+])NS(=O)(=O)C1=CC=C(N)C=C1,-1.9885
ClC1CC2C(C1Cl)C1(Cl)C(Cl)=C(Cl)C2(Cl)C1(Cl)Cl,-6.8644
CCC(=O)OC1CCC2C3CCC4=CC(=O)CCC4(C)C3CCC12C,-5.3669
CC12CCC3C(CCC4=CC(O)=CC=C34)C1CCC2O,-4.8441
CN=C1CN(O)C(C2=CC=CC=C2)=C2C=C(Cl)C=CC2=N1,-2.1757
C[NH+]1CCN(CCCN2C3=CC=CC=C3SC3=CC=C(Cl)C=C23)CC1,-4.3979
CCN(CC)C(=O)C1=CC=CN=C1,0.749
O=C1NC2=CC=CC=C2C=C1,-2.1394
NC1=CC=C(C=C1)S(=O)(=O)[N-]C1=NC2=CC=CC=C2N=C1,-4.6026
CC1=C(CCO)SC=[N+]1CC1=CN=C(C)N=C1N,0.2207
CC1=CC=CC=C1OCC(O)CO,-1.1887
CC1=CC(O)=CC=C1Cl,-1.5704
CSCCC([NH3+])C([O-])=O,-0.6593
OCC(S)CS,-0.1547
O=NN1CCOCC1,0.9351
[NH3+]C(CC1=CC=C(O)C(O)=C1)C([O-])=O,-1.5959
[NH3+]CCCCCC([O-])=O,0.5854
CC(N)=O,1.5808
C[NH+](C)C1C2CC3C(=C(O)C2(O)C(=O)[C-](C(N)=O)C1=O)C(=O)C1=C(O)C=CC=C1C3(C)O,-3.284
ClC1=C(Cl)C2(Cl)C3C4CC(C5OC45)C3C1(Cl)C2(Cl)Cl,-6.2908
COC1=CC=C2SC3=CC=CC=C3N(CC(C)C[NH+](C)C)C2=C1,-4.2155
CC1=CC=CC(NC2=CC=CC=C2C([O-])=O)=C1C,-4.0815
CN(C)C1=CC2=[S+]C3=CC(=CC=C3N=C2C=C1)N(C)C,-0.8655
CC(C)([NH3+])C([O-])=O,0.2453
CC=C(C)C(=O)OC1CCC2(C)C3CCC4C5(O)CC(O)C6(O)C(C[NH+]7CC(C)CCC7C6(C)O)C5(O)CC24OC13O,-3.0163
[O-]C(=O)CF,1.0452
COC(=O)C1=CCC[NH+](C)C1,0.8091
CNC(=O)OC1=CC=CC(=C1)C(C)C,-3.3567
[O-]S([O-])(=O)=O.C[NH+]1CCC23C4OC5=C2C(CC1C3C=CC4O)=CC=C5O.C[NH+]1CCC23C4OC5=C2C(CC1C3C=CC4O)=CC=C5O,-1.0157
CCC(C)C(C)(COC(N)=O)COC(N)=O,-2.366
COC1=CC2=C(C(OC)=C1OC)C1=CC=C(OC)C(=O)C=C1C(CC2)NC(C)=O,-0.9482
CC1=NC=C(CO)C(C=O)=C1O,0.3901
C1=CC2=C(N=C1)C1=C(C=CC=N1)C=C2,-1.826
CC1=NC=C(CO)C(C=O)=C1O,0.4758
CC(=O)NN=CC1=CC=C(O1)[N+]([O-])=O,-2.5958
CC(C)=O,1.236
CS(C)=O,1.1072
CN1C(=O)C23CC4=CC=CC(O)C4N2C(=O)C1(CO)SS3,-3.6687
CC12CCC3C(CCC4=CC(=O)CCC34)C1CCC2(O)C#C,-4.6271
O=C1N=CNC2=C1NC=N2,-2.2888
OCC1OC(OC2C(O)C(O)C(O)OC2CO)C(O)C(O)C1O,0.3577
OC1=C(Cl)C=C(Cl)C(Cl)=C1CC1=C([O-])C(Cl)=CC(Cl)=C1Cl,-3.4634
[O-][N+](=O)C1=CC=C(F)C(=C1)[N+]([O-])=O,-2.6677
CC(=O)N(O)CCCCCNC(=O)CCC(=O)N(O)CCCCCNC(=O)CCC(=O)N(O)CCCCC[NH3+],-1.6695
[NH3+]C(CC1=CN=CN1)C([O-])=O,-0.5314
NC1=NC(=O)NC=C1,-1.1426
CC1OC(CC(O)C1O)OC1C(O)CC(OC2C(O)CC(OC3CCC4(C)C(CCC5C4CCC4(C)C(CCC54O)C4=CC(=O)OC4)C3)OC2C)OC1C,-5.2926
CC(O)C([O-])=O,0.9505
COC1=CC=C(C=C1)C(C1=CC=C(OC)C=C1)C(Cl)(Cl)Cl,-6.5386
OC1=CC=C2C(=O)C3=CC=CC=C3C(=O)C2=C1O,-2.7785
NC1=C2NC=NC2=NC=N1,-2.1179
NS(=O)(=O)C1=CC2=C(NC(CC3=CC=CC=C3)NS2(=O)=O)C=C1C(F)(F)F,-3.5913
CCC1NC(=O)C2=CC(=C(Cl)C=C2N1)S(N)(=O)=O,-3.2859
C,-2.8629
C#N,1.5682
CC#C,-1.0417
CC[NH3+],1.346
ON=C,0.5768
C1CO1,1.356
CC(C)[NH3+],1.2283
CC1C[NH2+]1,1.2434
CC(C)(O)C#N,1.07
FC(F)(F)CCl,-1.1098
CC(=O)C(C)(C)C,-0.7219
CC(Cl)(Cl)C([O-])=O,0.5455
CC(O)C(Cl)(Cl)Cl,-0.7574
[O-]C(=O)C(F)(F)Cl,0.8845
FC(F)(Cl)C(Cl)(Cl)Cl,-3.3093
FC(Cl)(Cl)C(F)(Cl)Cl,-3.2301
CC1(C)C2CCC1(C)C(=O)C2,-1.9784
OC1(C(=O)NC(=O)[N-]C1=O)C1(O)C(=O)NC(=O)[N-]C1=O,-1.9942
CC1(C)OC2CC3C4CCC5=CC(=O)C=CC5(C)C4(F)C(O)CC3(C)C2(O1)C(=O)CO,-4.3158
CC(C)(CO)[N+]([O-])=O,1.4681
CC(Cl)C(Cl)(Cl)C(O)O,-0.8666
ClC1C=CC2C1C1(Cl)C(Cl)=C(Cl)C2(Cl)C1(Cl)Cl,-6.3168
COC1=CC=C2CC3C4C=CC(O)C5OC1=C2C45CC[NH+]3C,-1.522
CCOC1=CC=C2CC3C4C=CC(O)C5OC1=C2C45CC[NH+]3C,-2.079
CC1=CC(=CC=C1N)C(O)(C1=CC=C(N)C=C1)C1=CC=C(N)C=C1,-3.0272
OC(C1=CC=CC=C1)(C1=CC=CC=C1)C1=CC=CC=C1,-2.2596
CC1(C(=O)NC(=O)NC1=O)C1=CC=CC=C1,-2.4581
OC1=CC=C(C=C1)C1(OC(=O)C2=CC=CC=C12)C1=CC=C(O)C=C1,-2.9008
CC(C)CC1(CC=C)C(=O)NC(=O)NC1=O,-2.1193
NS(=O)(=O)C1=CC(=CC=C1Cl)C1(O)NC(=O)C2=CC=CC=C12,-3.4507
CC(CO)(CO)[N+]([O-])=O,0.7724
CCC(C)(O)CC,-0.38
CCCCOC(=O)CC(CC(=O)OCCCC)(OC(C)=O)C(=O)OCCCC,-4.9058
CCOC(=O)CC(O)(CC(=O)OCC)C(=O)OCC,-0.6285
CCC(CO)(CO)CO,0.8723
[O-][N+](=O)OCC(CO[N+]([O-])=O)(CO[N+]([O-])=O)CO[N+]([O-])=O,-3.8664
CCC(C)(CC)OC(N)=O,-1.5599
CCCC(C)(COC(N)=O)COC(=O)NC(C)C,-2.9384
CC(C)=CCCC(C)(O)C=C,-1.9871
CC(C)C[NH3+],1.1359
ClCC(Cl)=C,-1.7128
CC(=O)CCl,-0.012
CC(O)C[NH3+],1.1243
CCC(Cl)Cl,-1.6217
CC(=O)OO,1.1189
[O-]C(=O)C(Cl)Cl,0.8896
CC(C)(CO)C(O)C(=O)NCCC([O-])=O,0.6591
CC1(C)OC(=O)CC1C([O-])=O,-1.2449
CC(C)C1=NN=C([N-]S(=O)(=O)C2=CC=C(N)C=C2)S1,-3.4141
CC(C)(OOC(C)(C)C1=CC=CC=C1)C1=CC=CC=C1,-5.7692
CCC(C)(C)C1=CC=C(O)C=C1,-2.9902
CC(=O)C1CCC2C3CCC4=CC(=O)CCC4(C)C3C(O)CC12C,-3.8202
CN1C(C2=CC=C(Cl)C=C2)S(=O)(=O)CCC1=O,-2.0394
CC(=O)C1=C(C)C(=C(C(=C1C)[N+]([O-])=O)C(C)(C)C)[N+]([O-])=O,-5.1901
CC(CCC([O-])=O)C1CCC2C3C(O)CC4CC(O)CCC4(C)C3CC(O)C12C,-3.3682
OC1=CC(O)=C2C(=O)C3=CC=CC=C3C(=O)C2=C1O,-4.6024
CC(=O)CC(C1=CC=C(Cl)C=C1)C1=C([O-])C2=CC=CC=C2OC1=O,-5.836
OC1=CC=C(C=C1)C(C1=CC=C(O)C=C1)C1=CC=CC=C1C([O-])=O,-3.2626
CC1=CC=C2C(=O)C3=CC=CC=C3C(=O)C2=C1N,-5.8541
[O-]S(=O)(=O)C1=CC=CC2=C1C(=O)C1=C(C=CC=C1C2=O)S([O-])(=O)=O,1.2572
CN1CC[NH+](CC1)C(C1=CC=CC=C1)C1=CC=CC=C1,-2.4255
CC(C)(C)C(=O)[C-]1C(=O)C2=CC=CC=C2C1=O,-4.107
CC1CC2C3CCC(O)(C(=O)CO)C3(C)CC(O)C2C2(C)C=CC(=O)C=C12,-3.4942
CC(CCC([O-])=O)C1CCC2C3CCC4CC(O)CCC4(C)C3CC(O)C12C,-3.9544
CN1C=CC(=O)C2=CC=CC=C12,-0.9818
COC1=CC2=C(C=C1OC)C1C(CO2)OC2=C3CC(OC3=CC=C2C1=O)C(C)=C,-6.2949
CC1=CC2=C(C=C1C)N(CC(O)C(O)C(O)CO)C1=NC(=O)[N-]C(=O)C1=N2,-3.6478
C1=CC=C(C=C1)C1=CC=CC=C1C1=CC=CC=C1,-5.2692
COC1=CC2=C(C=CN=C2C=C1)C(=O)C1CC2CC[NH+]1CC2C=C,-5.0313
OC1=CC=C2C(=O)C3=CC([O-])=CC=C3C(=O)C2=C1,-5.8892
O=C(OC1=CC=CC=C1)C1=CC=CC=C1C(=O)OC1=CC=CC=C1,-6.5891
CCCCCCCCCCOC(=O)C1=CC=CC=C1C(=O)OCCCCCCCCCC,-9.3076
COC1=C2C=CC(=O)OC2=CC2=C1C=CC(C)(C)O2,-3.81
CN1C2=C([N-]C(Cl)=N2)C(=O)N(C)C1=O,-1.5075
[O-]C(=O)C1=CC=CC=C1C(=O)C1=CC=C(Cl)C=C1,-2.7171
CC1=CC=CC(NC(=O)C2=CC=CC=C2C([O-])=O)=C1,-2.407
NC1=CC=C(C2=CC(=CC=C12)S([O-])(=O)=O)S([O-])(=O)=O,-0.2592
NC1=CC=C(C2=CC=C(C=C12)S([O-])(=O)=O)S([O-])(=O)=O,-1.643
N#CC(C1=CC=CC=C1)C1=CC=CC=C1,-2.9437
[O-]C(=O)C1=CC=CC2=CC=CN=C12,-1.7447
COC1=CC(C=O)=CC(OC)=C1OC,-2.1195
CC(C)CCOC(=O)C1=CC=CC=C1O,-3.1572
OCCOC(=O)C1=CC=CC=C1O,-1.1567
CC(=O)NC(CC1=CNC2=CC=CC=C12)C([O-])=O,-2.3122
ClC1=C2NC=NC2=NC=N1,-1.4901
CN(C)C(=O)OC1=CC(C)=NN1C1=CC=CC=C1,-2.0886
CC1=CC=CC(Cl)=C1O,-0.7739
OC1=CC=CC(O)=C1O,0.6043
ClN1C(=O)N(Cl)C(=O)N(Cl)C1=O,-1.2871
[O-]C1=C(Cl)C=C(Cl)C=C1Cl,-2.3924
CC(=O)C1=CC=CS1,-0.9549
[O-]C1=CC=C(C(=C1)C(F)(F)F)[N+]([O-])=O,-1.6172
CCC(C)C1=CC(=CC(=C1[O-])[N+]([O-])=O)[N+]([O-])=O,-3.6646
NC(=O)C1=CC=CC=C1C(N)=O,-2.4371
[O-]C(=O)CC1=CC=CC=C1C([O-])=O,-1.0515
NC1=CC=C(Cl)C=C1[N+]([O-])=O,-2.538
[O-]C1=CC=C(Cl)C=C1[N+]([O-])=O,-3.0902
OCC(O)C(O)C1OC(=O)C(O)C1O,0.3348
CC(C)C1=CC(Cl)=C(C)C=C1O,-2.2664
C1CC[NH+]2CC3CC(C[NH+]4CCCCC34)C2C1,-1.8871
COC(=CC([O-])=O)C(=O)C(C)=C,-0.9299
OCC1OC(=O)C(O)C(O)C1O,0.5201
CN(C)C1=CC=C(C=C1)C(=O)C1=CC=C(C=C1)N(C)C,-2.8267
C1=CC2=NC=CN=C2C=C1,0.7051
NC1=CC2=CC=CC=C2C=C1,-2.8795
C[NH+](C)CCN(CC1=CC=CS1)C1=CC=CC=N1,-2.6383
OC1=CC=C(C=C1O)C1=CC=CC=C1,-2.0659
C1=CC=C(C=C1)C1=CC(=CC=C1)C1=CC=CC=C1,-5.183
CN(C)C1=CC=C2N=C3C=C(C)C(N)=CC3=[S+]C2=C1,-0.9034
OC1=CC2=CC=CC=C2C=C1O,-2.7377
CCN(CCO)C1=CC=CC=C1,-1.9171
NC1=CC2=[NH+]C3=CC(N)=CC=C3C=C2C=C1,0.3783
CC(=O)C1=CC=C(C=C1)C1=CC=CC=C1,-3.3104
[O-][N+](=O)C1=CC=C(C=C1)C1=CC=CC=C1,-5.2094
COC1=CC=C(OC)C(C=O)=C1,-2.3202
[O-]C(=O)C1=NC2=CC=CC=C2C=C1,-1.0911
CC1=CC2=NC(C)=CC=C2C=C1,-1.9424
ClCC(=O)N(CC=C)CC=C,-0.9452
[O-]C(=O)CCCOC1=CC(Cl)=C(Cl)C=C1Cl,-3.8294
CC(O)=CC(=O)C1=CC=CC=C1,-2.6268
O=C(OC(=O)C1=CC=CC=C1)C1=CC=CC=C1,-4.3546
CC(C)OC(=O)COC1=CC=C(Cl)C=C1Cl,-3.848
CC(C)COC(=O)C1=CC=C(N)C=C1,-2.9437
CCOC1=CC=C(C=C1)C(=O)OCC[NH+](CC)CC,-2.7145
C[N+]1=CC=CC=C1C=NO,-0.7405
CCCCOC(=O)COC1=CC=C(Cl)C=C1Cl,-3.78
CC1=CC(Cl)=CC=C1OCCCC([O-])=O,-3.678
ClC1=CC=C(OCCOC(=O)C2=CC=CC=C2)C(Cl)=C1,-3.8118
CCCC(O)C(CC)CO,-0.5418
CCC(CC)C(=O)OCCOCCOCCOC(=O)C(CC)CC,-3.2386
CC(=NO)C(C)=NO,-2.2868
CC1=CC=C(N)C=C1C,-1.5036
OC1=CC=C(Cl)C(Cl)=C1,-1.2458
CCOC(=O)C(=O)OCC,-0.6085
ClCC(Cl)CCl,-1.9255
CCC([NH3+])CO,1.0499
OCC(O)CCl,0.9565
CCC(C)=NO,0.0599
CC1CCCO1,0.2069
CC(C)[NH+](CCO)C(C)C,-1.0829
CC(C)C(NC(C)=O)C([O-])=O,-0.3599
OC1=C(Cl)C=C(Cl)C=C1SC1=CC(Cl)=CC(Cl)=C1[O-],-4.9495
CCCC(C)C([O-])=O,-0.889
CCOC(=O)C(C)O,0.9276
CC(C)COC(=O)C(C)C,-2.159
OCC1=CC=CO1,1.0083
CC(C)(C)C1=CC=C(O)C(O)=C1,-1.9197
CC1=CCC(CC1)C(C)(C)O,-2.337
CC(O)C1=CC=CC=C1,-1.7969
ClC(Cl)C1=CC=CC=C1,-2.809
[O-]C(=O)C1=CC=CC=N1,0.892
OCC1=CC=CC=C1OC1OC(COC(=O)C2=CC=CC=C2)C(O)C(O)C1O,-2.8925
COC(=O)C1=CC(O)=C(O)C(O)=C1,-1.2399
NC1=C(Cl)C=C(C=C1Cl)[N+]([O-])=O,-4.4709
[O-]C(=O)C1=CC(=O)C=C(O1)C([O-])=O,-1.1097
CC(=C)C1CC=C(C)C(=O)C1,-2.0628
CCC(C)C1=CC=C(O)C=C1,-2.1945
CC(C)C1=CCC(C)=CC1,-4.1958
[O-]C(=O)C1=CC=C(C=C1)C([O-])=O,-4.0444
CC[NH+](CC)CCO,0.9311
N#CC1=CC=NC=C1,-0.4154
N#CC1=CC=CN=C1,0.1128
OCC1CCCCO1,0.9349
CC[NH+]1CCOCC1,0.9386
CC(OC1=CC=CC(Cl)=C1)C([O-])=O,-2.2232
C[NH+]1C2CCC1CC(C2)OC(=O)C(CO)C1=CC=CC=C1,-1.91
OC1=CC=C(CC2=CC=CC=C2)C=C1,-3.4009
O=C(NC1=CC=CC=C1)NC1=CC=CC=C1,-3.1508
CCC1=CC(CC)=CC(CC)=C1,-7.0641
CCN(CC)C[NH+](CC)CC,-0.1995
CC(O)CN(CC[NH+](CC(C)O)CC(C)O)CC(C)O,0.534
C=CC[NH+](CC=C)CC=C,-1.7395
CCCC[NH+](CCCC)CCCC,-3.1157
C[NH2+]CC1=CC=CC=C1,0.9166
CC(=O)NC1=CC=C(C)C=C1,-2.0946
CC(=O)NC1=CC=C(C=NNC(N)=S)C=C1,-3.429
CC1=CC=C(C=C1)S([O-])(=O)=O,0.5564
CCOCCOC(=O)C=CC1=CC=C(OC)C=C1,-2.6995
OCC(O)COC1=CC=C(Cl)C=C1,-1.3067
CCCCCCCCCCC1=CC=CC=C1,-7.959
OCC1CCC(CO)O1,0.8789
CCCC(O)C#C,-0.4121
CCOC(=O)CCl,-0.8005
COC(=O)CC(C)=O,0.6341
CCC(C)OC(C)=O,-1.2727
CCCC(=O)OCCOC(=O)CCC,-2.6069
COCCOC(=O)CCCCC(=O)OCCOC,-1.2665
CCCCCCC(=O)OCC,-2.7369
CCCCCCCC(=O)OCC,-3.3907
OC1=CC=C(O)C=C1,-1.7305
CCCCC(=O)CC,-1.4242
O=C1CNC(=O)CN1,-0.8312
CC(O)COC(C)CO,0.8723
CCCCCC(=O)CC,-1.693
COC(=O)CCCCCCCCC(=O)OC,-3.2831
CCC#C,-1.2753
CCCS,-1.6021
ClCC=C,-1.3562
[NH3+]CC=C,1.2434
NCC[NH3+],1.2211
OCC=C,1.236
OCCO,1.2071
O=CC=O,1.2363
[NH3+]CCS([O-])(=O)=O,-0.1906
OCCS([O-])(=O)=O,0.8992
CC(O)CC(C)(C)O,0.9275
NC(=O)OCC(Cl)(Cl)Cl,-1.2843
COC(C)(C)CC(C)=O,0.3326
CC(O)CCO,1.0452
CC(O)CC=O,1.055
NC(=O)CC#N,0.1893
CCCC([O-])=O,-0.1669
C[NH2+]CC([O-])=O,0.5273
C[NH+](C)CCO,1.0499
CC(C)CC(C)C,-4.2605
CC(C)CC(C)O,-0.7945
CC(=O)OC(C)=O,0.0702
C=C1OC(=O)C=C1,-0.9827
CC1=CC=CC(Cl)=C1,-3.5228
CC1OC(C)OC(C)OC(C)O1,-2.8997
CCOC(=O)CC(C)C,-1.8135
CC1=CC(C)=[NH+]C(C)=C1,-0.5394
CC(C)CC(C)OC(C)=O,-2.0451
CC1=CC=NC=C1,1.0309
[S-]C1=CC=CC=C1,-2.1204
CC1=CC=CN=C1,1.0309
C[NH+]1CCOCC1,0.995
CC1C[NH2+]CCN1,0.6378
CC1=CN=CC=N1,1.0263
CCCCOC(=O)CCCCCCCCC(=O)OCCCC,-3.8955
CCOCCOC(=O)CCCCC(=O)OCCOCC,-2.065
CCC#CC(C)O,-0.4121
CC(C)COC=C,-1.5236
CCC=CC,-2.5384
CCCC[NH3+],1.1359
OCCC#N,1.1483
CCCCS,-2.1792
[NH3+]NCCO,1.1186
COCCO,1.1186
CC(C)COC(C)=O,-1.2657
CC(C)=NNC(N)=O,-0.2674
CCCCCCCCCC(=O)OCC,-4.1006
CCOC(=O)CCCCCCCCC(=O)OCC,-3.5091
CC(C)CCOC=O,-1.5206
COCCOC(C)=O,0.9276
ClCCCCCl,-0.92
ClCC=CCCl,-2.1675
CCCCC[NH3+],1.0597
CCCCCS,-2.8248
ClCCOC=C,-2.3951
CCOCCO,1.0452
C1C[NH2+]CCN1,1.0648
C1COCC[NH2+]1,1.0599
CCC(C)[NH2+]C(C)CC,-1.769
[O-]C(=O)COCC([O-])=O,0.4927
CCCCCCC([O-])=O,-1.6646
CCOCCOC(C)=O,0.2716
[O-]C(=O)CCCCCCCCC([O-])=O,-2.3059
[O-][N+](=O)OCCOCCOCCO[N+]([O-])=O,-1.561
[NH3+]CC[NH2+]CC[NH3+],0.9864
COCCOCCO,0.9203
CCCCCCCCC,-5.7657
CCOCCOCCO,0.8723
ClCCOCOCCCl,-1.3461
CCCCOCCOC(C)=O,-1.2504
ClCCOCCOCCCl,-0.9955
CCCCOCCOCCO,0.7899
COCCOCCOCCO,0.7846
CCOCCOCCOCC,0.7899
CCOCCOCCOCCO,0.749
CCCCCCOCCOCCO,-1.049
CCCCCCCCCCCCCCCCCCCC,-8.1724
CNC(=O)OC1=CC=CC=C1OC(C)C,-2.0512
[O-]C(=O)C1C(C([O-])=O)C2(Cl)C(Cl)=C(Cl)C1(Cl)C2(Cl)Cl,-2.0457
CC([NH3+])(CO)CO,0.9782
CCC(CC)(CO)CO,0.1798
CNC(=O)ON=CC(C)(C)SC,-1.4991
CC(=O)CO,1.1303
COC(C)=C,1.142
FC(F)=C(F)F,-2.8001
CC1(C)N(CO)C(=O)NC1=O,0.8009
ClC1=CC=C(C=C1)S(=O)(=O)C1=CC(Cl)=C(Cl)C=C1Cl,-6.6594
NC1=CC=C(O)C2=C1C(=O)C1=CC=CC=C1C2=O,-3.824
[O-]S(=O)(=O)C1=CC=CC2=C1C(=O)C1=C(C2=O)C(=CC=C1)S([O-])(=O)=O,0.2572
NC1=CC=C2C(=O)C3=CC=CC=C3C(=O)C2=C1,-6.1366
COCCOC(=O)C1=CC=CC=C1C(=O)OCCOC,-1.5213
CCCCCCCCOC(=O)C1=CC=CC=C1C(=O)OCCCCCCCC,-7.2493
COC1=CC=C2C(OC(=O)C2=C1OC)C1N(C)CCC2=CC3=C(OCO3)C=C12,-4.1065
CCNC1=CC=CC2=CC=CC=C12,-3.1922
CC1(C)N(Cl)C(=O)N(Cl)C1=O,-2.5955
[O-][N+](=O)C1=CC=C(Cl)C=C1C(F)(F)F,-3.3533
OC1=CC=C(NC2=CC=C(C=C2[N+]([O-])=O)[N+]([O-])=O)C=C1,-5.444
OC1=CC(=CC2=CC=C(NC3=CC=CC=C3)C=C12)S([O-])(=O)=O,-1.9763
CC(C)N1N=C(C)C=C1OC(=O)N(C)C,0.6752
CC1=CC(CC2=CC(C)=CC(=C2O)C(C)(C)C)=C(O)C(=C1)C(C)(C)C,-7.2311
CCCCN(CCN(CCCC)C(=O)N1CCOCC1)C(=O)N1CCOCC1,0.0985
OC(C1=CC=CC=C1)C1=CC=C(Cl)C=C1,-3.4886
CNC1=CC=CC=C1C([O-])=O,-2.8784
CC1=CC(=CC=C1N)C1=CC=C(N)C(C)=C1,-2.213
COC1=CC=C(C=O)C=C1OC,-1.4199
CCOC1=CC=C(C=O)C=C1OC,-2.1913
OC1=CC=C(Cl)C=C1CC1=CC=CC=C1,-3.1666
N1C=NC2=NC=NC=C12,0.6194
S(SC1=NC2=CC=CC=C2S1)C1=NC2=CC=CC=C2S1,-4.5218
CC(C)=CC1C(C(=O)OC2CC(=O)C(CC=CC=C)=C2C)C1(C)C,-6.2155
COC(=O)C(C)=CC1C(C(=O)OC2CC(=O)C(CC=CC=C)=C2C)C1(C)C,-4.6168
CCCOC(=O)C1=CC(O)=C(O)C(O)=C1,-1.7827
[O-][N+](=O)N1CN(CN(C1)[N+]([O-])=O)[N+]([O-])=O,-3.5706
CN(C)C(=O)OC1=CC(=O)CC(C)(C)C1,-0.8477
N(NC1=CC=CC=C1)C1=CC=CC=C1,-2.921
OCCNC1=CC=CC=C1,-0.4745
[O-]C(=O)CCC(=O)OOC(=O)CCC([O-])=O,-0.8471
CCCCCCCCC(=O)OCC,-3.8007
CC(C)=CCCC(=C)C=C,-4.3861
CC(=O)CC(C)(C)O,0.9349
CCCCCCCCOC(=O)CCCCC(=O)OCCCCCCCC,-5.6768
CC(O)C[NH2+]CC[NH3+],0.9275
CC(C)CCOC(C)=O,-1.8135
[O-]C(=O)CSCC([O-])=O,0.4255
CCCCCCCC=O,-2.3598
CCCCOCCOCCOC(C)=O,-0.8188
CCCCCCCCCC,-6.4372
CCCCCCCCCCCC[NH3+],-3.3759
CC(C)([NH3+])CO,1.0499
CC1(C)C(CCC1(C)C([O-])=O)C([O-])=O,-1.4207
CC(C)(O)C1C2OC(=O)C1C1(O)CC3OC33C(=O)OC2C13C,-2.1672
CC(=O)OCC1OC(COC(C)=O)(OC2OC(COC(C)=O)C(OC(C)=O)C(OC(C)=O)C2OC(C)=O)C(OC(C)=O)C1OC(C)=O,-2.8726
NC(=O)OC1(CCCCC1)C#C,-1.8253
OCC(CO)(CO)COCC(CO)(CO)CO,-1.9582
CC1(C)CC(=O)CC(=O)C1,-1.5276
CCCC1OC1(CC)C(N)=O,-1.1745
NC(=O)NO,1.1189
OC(=C)C([O-])=O,1.0552
CN1C(=O)OC(C)(C)C1=O,-0.4568
NC1=CC=C(C=C1)S(=O)(=O)[N-]C(=O)C1=CC=CC=C1,-2.9501
CC(O)C([O-])=O,-0.4702
ClN1C(=O)CCC1=O,-0.9702
CC(CCC([O-])=O)C1CCC2C3C(O)CC4CC(O)CCC4(C)C3CCC12C,-4.2929
COC1=CC=C2C(OC(=O)C2=C1OC)C1[NH+](C)CCC2=CC3=C(OCO3)C(OC)=C12,-3.1393
OC1=CC=CC2=C1C(=O)C1=CC=CC=C1C2=O,-4.4213
[O-]C(=O)C1=C(C=C(C=C1[N+]([O-])=O)[N+]([O-])=O)[N+]([O-])=O,-1.0977
OC1=CC=C(Cl)C2=CC=CN=C12,-3.9756
[O-]C1=C(C=C(C=C1[N+]([O-])=O)[N+]([O-])=O)C1CCCCC1,-4.2492
[O-]C(=O)C1=CC(=NC2=CC=CC=C12)C1=CC=CC=C1,-3.1926
[O-]C(=O)C1=CC=CC=C1C(=O)NC1=CC=CC2=CC=CC=C12,-3.1633
OC1=CC2=CC=CC=C2C(O)=C1,-1.9493
ClC(Cl)(Cl)SN1C(=O)C2CC=CCC2C1=O,-4.7704
ClC(Cl)(Cl)SN1C(=O)C2=CC=CC=C2C1=O,-5.569
[O-]C(=O)CCCC1=CNC2=CC=CC=C12,-2.9101
CC1=CC(O)=C(Cl)C(C)=C1Cl,-2.9801
CC(=O)OC1=CC=CC=C1C(=O)OC1=CC=CC=C1,-4.1077
NC1=CC=C(C=C1)C1=CC=C(Cl)C=C1,-4.6383
N(N=NC1=CC=CC=C1)C1=CC=CC=C1,-2.596
CCOC1=CC=C(C=C1N)[N+]([O-])=O,-3.2113
CC1=CC(C)=C(N)C=C1C,-1.9549
[NH3+]C(CCC([O-])=O)C([O-])=O,0.3159
CCCCOC(=O)C(C)O,-0.5629
NNC1=CC=CC(=C1)S([O-])(=O)=O,-0.8275
NS(=O)(=O)C1=CC=C(C[NH3+])C=C1,0.321
OCC1OC(OC2=CC=CC=C2CO)C(O)C(O)C1O,-0.8547
[O-]C(=O)CN(CC([O-])=O)CC([O-])=O,-0.5101
OC1=CC=C(C=O)C=C1O,-1.3402
[NH3+]C(CC1=CC=CS1)C([O-])=O,-0.8356
CC[NH+](CCO)CCO,0.8755
[O-][N+](=O)C1=CC=C(O1)C=NN1CC(CN2CCOCC2)OC1=O,-2.6359
CCNC(=O)NC1=NC=C(S1)[N+]([O-])=O,-2.8578
C(C[NH2+]CC1=CC=CC=C1)NCC1=CC=CC=C1,-1.7865
CN(C)C1=CC=C(C=C1)N=NS([O-])(=O)=O,-1.0991
COC1=CC=C(CC=C)C=C1,-2.9209
[O-]C(=O)CCC1CCCC1,-1.7691
CCCCOC(=O)CCC(=O)OCCCC,-3.0006
CCOC(=O)C=CC(=O)OCC,-1.0899
CCOC(=O)CCCCC(=O)OCC,-1.6795
[O-]C(=O)CC([O-])=O,0.8652
O=C1CSC(=S)N1,-1.7723
O=C1NC(=S)NC=C1,-2.2573
O=C1NC=CC=C1,1.0218
CC(=O)NCCO,0.9867
NC(=S)NNC(N)=S,-1.7965
[S-]C(=S)NCCNC([S-])=S,-0.1078
C1C[NH2+]CCN1,0.4112
CCCCCCOC(C)=O,-2.451
CCCCCC[NH2+]CCCCCC,-3.1574
CCCCOCCOCCOCCO,0.6855
ClC12C(=O)C3(Cl)C4(Cl)C1(Cl)C1(Cl)C2(Cl)C3(Cl)C4(Cl)C1(Cl)Cl,-5.2594
CCC(C)C1(CC)C(=O)NC(=O)NC1=O,0.1528
[O-]C(=O)CC1(CC([O-])=O)OCOC1=O,-0.611
[O-]C(=O)CF,1.1077
CC(O)C([NH3+])C([O-])=O,0.067
OC(C(O)C([O-])=O)C([O-])=O,0.8236
CC1=C(C=C(C=C1[N+]([O-])=O)[N+]([O-])=O)C(N)=O,-2.3525
NS(=O)(=O)C1=CC2=C(C=C1C(F)(F)F)N=C[N-]S2(=O)=O,-0.8186
N1C2=CC=CC=C2N=C1C1=CSC=N1,-3.6048
[O-]S(=O)(=O)OCCOC1=CC=C(Cl)C=C1Cl,-0.0601
OC1=CC(=CC(O)=C1O)C([O-])=O,-1.1552
CCOC1=CC=C(NC(N)=O)C=C1,-2.173
[O-]C(=O)CCC([O-])=O,0.0914
C#N,1.0436
NC1=NC(N)=C(OC2OC(CO)C(O)C(O)C2O)C(=O)N1,-1.4832
ClCCNC(=O)N(CCCl)N=O,-1.7285
C1COC2(C1)CCCO2,-0.1078
C1=CC=C2C(=C1)C1=CC=C3C=CC4=C5C(=CC=C4)C=C2C1=C35,-9.1627
N1C2=C(C3=C1C=CC1=C3C=CC=C1)C1=C(C=CC=C1)C=C2,-6.6277
C1=CC2=C(C=C1)C1=C(C=C2)C=CC2=C1C=CC=C2,-7.8207
C1=CC=C2C(=C1)C1=CC=CC3=CC4=C(C=CC5=C4C=CC=C5)C2=C13,-8.4806
C1C2=CC=CC3=C2C2=C(C=CC=C12)C=C3,-5.2379
C1=CC2=CC=C3C4=CC=CC5=CC=CC(=C45)C3=C2C=C1,-8.004
C1=CC=C2C(=C1)C1=CC=CC3=C1C2=CC1=C3C=CC=C1,-8.2259
C1=CC2=CC3=C(C=C2C=C1)C1=C2C3=CC=CC2=CC=C1,-8.4989
N1C2=C(SC3=C1C1=CC=CC=C1C=C3)C=CC1=CC=CC=C21,-7.9081
N1C2=C(SC3=C1C=CC1=CC=CC=C31)C1=CC=CC=C1C=C2,-6.8786
N1C2=CC=CC=C2SC2=C1C1=CC=CC=C1C=C2,-5.8957
N1C2=CC=CC=C2SC2=C1C=CC1=CC=CC=C21,-6.5727
C1=CC2=C(C=C1)C1=CC3=C(N=C1C=C2)C1=C(C=CC=C1)C=C3,-6.2447
C1=CC2=C(C=C1)C1=C(C=CC=C1)N=C2,-2.7763
[N-]1N=NC2=NC=NC=C12,-0.2319
C1C[NH+]2CCN1CC2,0.6033
O1C=CC=N1,0.3827
C1=CC=NN=C1,1.0964
C1=CN=CN=C1,1.0964
C1CCCCCC1,-3.5149
C1OC1C1CO1,1.065
N[NH3+],1.4942
CC[NH+]1CC2(COC)C3C(OC)C4C1C3(C1CC3(O)C(OC(=O)C5=CC=CC=C5)C1C4(OC(C)=O)C(O)C3OC)C(CC2O)OC,-3.3187
CCC(C)(OC(N)=O)C#C,-0.9456
OC(C(O)C([O-])=O)C([O-])=O,0.3984
FC(F)(F)C(Cl)Cl,-1.8623
CNC(=O)OC1=CC(C)=C(N(C)C)C(C)=C1,-3.3469
CCC(C)C([NH3+])C([O-])=O,-0.5033
OC1=CC=C(Cl)C=C1C([O-])=O,-1.237
FC1=CC=CC2=CC=CC=C12,-3.4527
CC(=O)NC1=CC=C(F)C=C1C,-1.3593
CC(=O)NC1=CC=C(C)C=C1F,-1.7403
FC1=CC(F)=C(F)C=C1F,-2.3757
CCCCC([NH3+])C([O-])=O,-1.0387
OC1CC(O)(CC(OC(=O)C=CC2=CC=C(O)C(O)=C2)C1O)C([O-])=O,-0.9473
CC(C)CC([NH3+])C([O-])=O,-1.0456
FC1=CC=CC=C1CCl,-2.541
FC1=CC=CC=C1Cl,-2.4157
CCF,-1.3477
CN1C=NC=C1CC([NH3+])C([O-])=O,0.0727
OCCF,1.1934
CC(O)C(F)(F)F,0.3094
FC(F)(F)C(F)(Cl)Cl,-3.0961
[O-]C(=O)C(F)F,1.0176
CC12CC(=O)C3C(CCC4=CC(=O)CCC34C)C1CCC2=O,-3.4843
CCCC1=CC(F)=CC=C1O,-1.887
NC(=O)N(CCO)N=CC1=CC=C(O1)[N+]([O-])=O,-2.6852
[O-]C(=O)C1=CC=CC=C1C(F)(F)F,-1.5978
CC12CCC3C(CCC4=CC(=O)CCC34C)C1CCC2(O)C#C,-5.6576
CC(CCC([O-])=O)C1CCC2C3CCC4CC(O)CCC4(C)C3CCC12C,-6.0
CC12CCC3C(CCC4=CC(=O)CCC34)C1CCC2O,-1.9484
CC1C2C(CC(C)C3CC(=O)C(C)=C3C2O)OC1=O,-1.945
CCC(C)C([NH3+])C([O-])=O,-0.7875
OC1=CC=C(O)C(CC([O-])=O)=C1,0.7037
NC1=NC=C2NC=NC2=N1,-1.21
OC1CCOC1,1.055
[O-]C(=O)C1=CC=C(F)C(=C1)[N+]([O-])=O,-1.5809
FC1=CC=CC(CCl)=C1,-2.5436
CCCC1CCCC[NH2+]1,-0.8493
COCC(F)F,-0.2836
NC(=N)NC#N,-0.3087
NC1=CC=CN=C1,1.0263
NC(=O)NCC([O-])=O,-0.5809
NC(=O)NCCC([O-])=O,-0.8014
CC1(C)C2CCC1(C)C(O)C2,-2.319
CC1(C)C2CCC1(C)C(=O)C2,-3.1825
OC12CCOC1(NC1=CC=CC=C21)C1CC2CC[NH+]1CC2C=C,-2.6706
CCC12CCC[NH+]3CCC4(C(CC1)N(C(C)=O)C1=C4C=CC=C1OC)C23,-1.3269
OC1(C([O-])=O)C2=CC=CC=C2C2=CC=CC=C12,-1.9657
CCC(=O)OC(CC1=CC=CC=C1)(C(C)C[NH+](C)C)C1=CC=CC=C1,-5.0097
ClCCS(=O)(=O)CCCl,-1.5031
CNC(N)=[NH2+],-1.6135
NC1=NC=C(S1)S(=O)(=O)C1=CC=C(N)C=C1,-2.805
CC(=O)C1CC(CC([O-])=O)C1(C)C,-0.5752
CC(CCC([O-])=O)C1CCC2C3C(O)CC4CC(O)CCC4(C)C3CCC12C,-3.6402
CC12CCC3C(=CCC4=CC(O)=CC=C34)C1CCC2=O,-5.2795
OC1=CC=C2C3=C4C=C(O)C(=O)C=C4CC3(O)COC2=C1O,-2.6994
CC(CCC(=O)NCC([O-])=O)C1CCC2C3C(O)CC4CC(O)CCC4(C)C3CC(O)C12C,-5.1495
COC1=CC(=CC(OC)=C1OC)C1C2C(COC2=O)C(O)C2=CC3=C(OCO3)C=C12,-3.6174
CC1=C(N)C=C2C(=C1)N=C1C(C)=C(N)C=CC1=[N+]2C1=CC=CC=C1,-0.8462
C1CC2=C3C1=CC=CC3=CC1=C2C=CC2=C1C=CC=C2,-7.8613
CN(C1=C(C=C(C=C1[N+]([O-])=O)[N+]([O-])=O)[N+]([O-])=O)[N+]([O-])=O,-3.5889
OCC1OC(OC2OC=CC3C(O)C=C(CO)C23)C(O)C(O)C1O,0.0119
CC1=CC(C)=C(C([O-])=O)C(C)=C1,-2.3566
CC1=CC(O)=C(C([O-])=O)C(O)=C1,-2.0496
[O-]C1=C(C(=O)[N-]C(=O)N1)[N+]([O-])=O,-2.284
CC1C2CCC3(C)C=CC(=O)C(C)=C3C2OC1=O,-3.0905
CC12CCC3C(CCC4CC(O)CCC34C)C1CCC2=O,-4.1577
C[NH+]1C2CCC1C(C(O)C2)C([O-])=O,-0.0173
CN1C(=O)N(C)C2=NN=CN=C2C1=O,-1.9849
COC1=CC=C2C=CC(=O)OC2=C1CC=C(C)C,-4.3087
CCC(C)C1=CC(=CC(=C1OC(=O)C=C(C)C)[N+]([O-])=O)[N+]([O-])=O,-5.5083
CC1CCC2C1COC(=O)C2C,-1.9249
OC1CCN2C1=NC1=CC=CC=C1C2=O,-2.106
C[NH+]1CC2CC(C1)C1=CC=CC(=O)N1C2,0.6484
O=C1NC(=O)C2=NC=CN=C2[N-]1,-2.1183
CC1=C(CCC([O-])=O)C(=O)NC1=O,-0.6608
OC1CC(O)C(O)C(O)C1O,-0.1739
CC(C)C1=CC2=C(C)C=CC2=C(C)C=C1,-5.4752
COC(=O)C1=CC=CC=C1OC1OC(COC2OCC(O)C(O)C2O)C(O)C(O)C1O,-0.7418
O=C1NC=CC2=CC=CC=C12,-2.4842
CC1=CC2=CC3=CC=CC(O)=C3C(O)=C2C(O)=C1,-3.0585
NC1=NC(=O)C2=C(N1)[NH+]=C([O-])C(=O)N2,-5.1655
[O-]C(=O)C(=C)C1=CC=CC=C1,-2.0568
CC([NH3+])C(O)C1=CC=CC=C1,-0.8786
OCC1OC(O)C(O)C(O)C1O,0.4433
O=C1CC(CC(=O)C1)C1=CC=CC=C1,-2.5113
C1CCC([NH2+]C1)C1=CC=CN=C1,0.7898
OCC1=CC(O)=CC=C1O,0.8534
O=NC1=CC=C(NNC(=O)C2=CC=CC=C2)C=C1,-4.6835
OC1=CC=CC=C1C=NNC(=O)C1=CC=NC=C1,-3.6835
C1CC2=CC=CC=C2N1,-1.0427
CC=C(C)C=O,-0.527
CC1OCCO1,0.8789
O=C1CC2CCC1C2,-1.7565
OC1=C(OC(=CC1=O)C([O-])=O)C([O-])=O,-1.377
COC1=CC(=CC=C1O)C(C)=O,-1.5216
CCCC([NH3+])C([O-])=O,-0.0687
CC(=CC([O-])=O)C([O-])=O,0.7795
CC(C)C1=CC=C(C)C(O)=C1,-2.0798
CC1CC(CC(C)(C)[NH2+]1)OC(=O)C1=CC=CC=C1,-1.922
[O-]C(=O)C(=O)NC1=CC=CC=C1,-1.3019
ClCCC(=O)NCC1=CC=CC=C1,-3.2959
NC(=O)NC(=O)C=CC([O-])=O,-1.9202
CCOC(=S)SSC(=S)OCC,-4.9432
C1COC1,1.236
CC=CC([O-])=O,1.065
NC1=CC=[NH+]C=C1,-0.0529
NC1=CC=CC=N1,0.9757
C1CSCCS1,-1.6029
[O-]C(=O)CCCCCCC([O-])=O,-1.1673
ClCCSCCCl,-2.3666
[O-]C(=O)C=CC=CC([O-])=O,-2.8516
CC1(C)C2CCC1(C)C(O)C2,-2.3202
CC(C)(C)CC(=O)OCC(=O)C1(O)CCC2C3CCC4=CC(=O)CCC4(C)C3C(O)CC12C,-5.5111
[O-][N+](=O)C([N+]([O-])=O)([N+]([O-])=O)[N+]([O-])=O,-2.3381
C[NH+]1CCC23C4OC5=C2C(CC1C3C=CC4O)=CC=C5OCCN1CCOCC1,-1.2994
CCC1(N2CCCCC2)C(=O)NC(=O)NC1=O,-2.1562
CC1C2C(CC3C4CC=C5CC(O)CCC5(C)C4CCC23C)OC11CCC(C)CO1,-7.3166
OCC1OC(CO)(OC2OC(COC3OC(CO)C(O)C(O)C3O)C(O)C(O)C2O)C(O)C1O,-0.3962
CC(C)=CCl,-1.9569
CC(=C)CO,0.4298
CCC(C)S,-1.8346
CC(=C)C(C)=C,-2.4014
CC(O)C(C)=O,1.055
CC(C)C1=CC2=CCC3C(C)(CCCC3(C)C([O-])=O)C2CC1,-3.7959
CC12CC(O)C3C(CCC4CC(O)CCC34C)C1CCC2=O,-3.5932
CC(O)(C([O-])=O)C1=CC=CC=C1,-0.8949
CC(C([O-])=O)C([O-])=O,0.7597
CC(C)C([NH3+])C([O-])=O,-0.1971
COC1=CC(=CC(OC)=C1OC)C1C2C(COC2=O)CC2=C(O)C3=C(OCO3)C=C12,-4.5035
OC1=CC=C2C(OC3=CC(O)=CC=C3C22OC(=O)C3=CC=CC=C23)=C1,-3.8226
COC1=CC=C(C=O)C(C([O-])=O)=C1OC,-1.9247
CN(C)C(=O)C(=O)N(N(C)C(C)=O)C1=CC=CC=C1,-0.5345
CCC1C[NH+]2CCC1CC2C(O)C1=CC=NC2=CC=C(OC)C=C12,-3.0514
[O-]S(=O)(=O)C1=CC2=CC=CC(=C2C=C1)S([O-])(=O)=O,0.5402
CC(C)[NH2+]CC(O)COC1=CC=CC2=CC=CC=C12,-3.6202
[NH3+]C(CC1=NNC2=CC=CC=C12)C([O-])=O,-1.4091
OC(C(O)C(O)C([O-])=O)C(O)C([O-])=O,-0.3225
OCC(O)C(O)C(O)C(O)C([O-])=O,0.4321
OCC(O)C(O)C(O)C(O)C([O-])=O,-0.1798
[O-]C(=O)C1=CC=CS1,-1.2327
CC(C)C1=CC=CC=C1C,-3.7606
[O-]C1=CC=C(C=C1C(=O)C(=O)C1=CC(=CC=C1[O-])[N+]([O-])=O)[N+]([O-])=O,-3.5214
CC(=O)C1=CC=C(O)C(O)=C1O,-2.0216
[O-]C(=O)C1=CC=C(C([O-])=O)C(=C1)C([O-])=O,-1.0003
[O-]C(=O)C1=CC=C(C(=C1)[N+]([O-])=O)[N+]([O-])=O,-1.5005
CC(C)C(CC=C)C(=O)NC(N)=O,-2.7469
OC1=C2C=CC=CC2=CC2=CC=CC=C12,-4.7329
C=C(C1=CC=CC=C1)C1=CC=CC=C1,-4.4363
ON=C1CCCCCC1=NO,-1.4249
COC1=CC=C2C=CC(=O)OC2=C1,-3.1221
COC1=CC=CC=C1OCC(O)COC(N)=O,-1.5251
[O-]C(=O)C1=CC=CC=C1,0.5864
NC1=CC=C(N=NC2=CC=CC=C2)C(N)=C1,-4.0947
CCOC(=O)COC1=CC=C(Cl)C=C1Cl,-3.3503
CCCCCC1=CC=C(O)C=C1O,-1.9548
CCN(CC)C(=O)CC(C)C,-0.5946
CN1CSC(=S)N(C)C1,-1.7331
CNC(=S)NC,0.9823
COC(C)OC,1.0452
CCCCC(C([O-])=O)C([O-])=O,0.4369
CC(C)C1=CC=CC(C)=C1,-3.4994
CN(C)C1=CC(C)=NC(Cl)=N1,-1.2615
OC1=CC(=CC(O)=C1O)C(=O)OC1=CC(=CC(O)=C1O)C([O-])=O,-2.8092
CCC1=CC=NC=C1,-0.0006
C[NH2+]C(CC1=CC=C(O)C=C1)C([O-])=O,-2.1325
CCN(CCCl)CCCl,-3.0265
CCCCOC(=O)C=CC1=CC=CC=C1,-1.6112
COCC1=CC=CC=C1,-1.6098
CN(C)C1=CC=C(C=C1)N=NC1=CC=C(N)C=C1,-4.594
[O-]C(=O)C=CC1=CC=CO1,-1.8392
CCCCC(=O)OCC,-1.7706
CCC(=O)OCC(C)C,-1.8841
COC1CC1,-0.1176
CCOC,-0.0799
CN[NH2+]C,1.2211
CC(C)CC(C)(C)C,-4.6704
CC(=O)OC(C)(C)C,-1.1443
CCCC(Cl)Cl,-2.4036
[O-]C=O,-0.0557
CC([NH3+])CC([O-])=O,0.9867
CC(=O)CC([O-])=O,0.991
NC(=S)NC(N)=S,-1.6996
CC1=CC(O)=CC(=O)O1,-1.1185
ClC1CCCCC1,-2.3752
[NH3+]C(CCCC([O-])=O)C([O-])=O,-1.8648
CC(C)COC=O,-1.0006
ClCOCCl,-0.7181
C1C=CC=C1,-1.565
NC(=[NH2+])NCCS([O-])(=O)=O,-0.6321
CC(C)CO[N+]([O-])=O,-1.9521
CCCCCCl,-2.7324
CC([O-])=O,0.1948
CC(C)CCOC(N)=O,-1.4403
CC(C)CCO[N+]([O-])=O,-2.4809
CC([O-])=O,0.1446
N#CCCCC#N,1.0263
CCCCCCCCCCCCCCCC,-8.4007
NC1=CC=C(C=C1)S(=O)(=O)NC1=CC=C(C=C1)S(N)(=O)=O,-2.7592
COC(=O)C(C)O,0.9825
C=C1CCOC1=O,0.1844
CC(CCC([O-])=O)C1CCC2C3C(O)C(O)C4CC(O)CCC4(C)C3CCC12C,-4.3465
CCOC(=O)C(C1=C([O-])C2=CC=CC=C2OC1=O)C1=C([O-])C2=CC=CC=C2OC1=O,-3.4264
CC(C)C1=CC=C(C)C(C([O-])=O)=C1O,-3.2883
CN1C(=O)C=C(N)N(CC(C)=C)C1=O,-0.9895
OCC1OC(C(O)C1O)N1C=NC2=CN=CN=C12,-0.4018
[O-]C1=C(C2=CC=CC=C2C=C1)[N+]([O-])=O,-2.9758
CC1=C(Cl)C=C(Cl)C([O-])=C1Cl,-3.2761
C[NH+]1C2CCCC1CC(=O)C2,0.4167
NNC(=O)C1=CC=CN=C1,-0.1372
CCCOC1=CC=C(C=C1N)[N+]([O-])=O,-3.1592
COC(=O)C(=O)OC,-0.2919
CC([NH3+])(CC1=CC=C(O)C(O)=C1)C([O-])=O,-1.3247
[O-]C(=O)C=CC(=O)NC1=CC=CC=C1,-2.2815
[O-][N+](=O)C1=CC=C(O1)C=NN1CCNC1=O,-3.3572
[NH3+]C(CC1=CC=C(O)C=C1)C([O-])=O,-2.6049
[NH3+]C(CC1=CC=C(O)C=C1)C([O-])=O,-2.6561
CCCCC([O-])=O,-1.2722
OCC1CO1,1.1303
O=C1NC=CC=N1,0.6749
CCCOC,-0.3857
CCCC(=O)OCC(O)CO,-1.335
CC([O-])=O,0.2179
C=CCOCC=C,-0.0206
[O-]C=O,-0.4755
CS(F)(=O)=O,-0.5145
CC(C)(O)CCl,0.1602
C[NH+]1CCC23C4OC5=C2C(CC1C3C=CC4OC(C)=O)=CC=C5OC(C)=O,-2.7894
CCC(C)(C)CC,-4.2286
CC(C)C=C,-2.732
CCC(C)=C,-2.7307
CC(=C)CCl,-1.8108
CC(Cl)=CCl,-1.6138
CC(O)C(C)Cl,-0.2122
C1OC1C1CO1,1.065
CCC(C)C(C)(C)C,-4.6776
CCC(C)C(C)C,-4.2808
CCC(C)C(C)O,-0.7216
CCC(C)C(C)=O,-0.6805
CCC(O)C(C)C,-0.7062
CCC(=O)C(C)C,-0.8106
[NH3+]CC(O)C([O-])=O,-0.8229
CC(C)C(C)C(C)C,-4.6961
CC(C)C(=O)C(C)C,-1.3018
CC([NH3+])C(O)C([O-])=O,-0.3535
COC1=CC(=CC(OC)=C1O)C1C2C(COC2=O)CC2=C(O)C3=C(OCO3)C=C12,-4.1254
COC1=CC=C2COC(=O)C2=C1OC,-1.8903
[O-]C(=O)C1=C(N=CN1)C([O-])=O,-2.4944
COCOC(=O)C1=CC=CC=C1O,-2.3
[O-]C(=O)C1CC[NH2+]CC1C([O-])=O,-0.5395
NC1=C2C=C3C=CC=CC3=NC2=CC=C1,-4.222
OC(C(O)C1=CC=CC=C1)C1=CC=CC=C1,-1.933
CCC1=CC=CC(CC)=C1N,-2.3478
OC1=CC2=CC=CC=C2N=C1,-2.3925
OC1=CC2=NC=CC=C2C=C1,-2.5038
CCN(CC)C1=NC(=NC(Cl)=N1)N(CC)CC,-4.4112
C1[NH2+]C(CC=C1)C1=CC=CN=C1,0.7953
C1=CC=C(N=C1)C1=CC=CN=C1,-0.5916
S=C1NC2=CN=CN=C2N1,-2.5243
[O-]C(=O)C([O-])=O,0.1773
CC(C)=CC1C(C(=O)OC2CC(=O)C(CC=C)=C2C)C1(C)C,-4.8179
CC(NC(N)=O)C([O-])=O,-0.7845
CC(C)(C)C1=CC=CC(O)=C1,-1.8614
[O-]C(=O)CC(=CC([O-])=O)C([O-])=O,0.3612
OCC(O)C(O)C(OC1OC(CO)C(O)C(O)C1O)C(O)CO,0.2872
OCC1OC(OCC2OC(O)C(O)C(O)C2O)C(O)C(O)C1O,0.4656
[O-]C1=CC(=CC(=C1)[N+]([O-])=O)[N+]([O-])=O,-1.663
OCC1=CC=NC=C1,0.9621
NC(=O)OC(CCl)CCl,-1.3605
CC1=CC=CC(CO)=C1,-0.388
[O-]C(=O)COC1=CC(Cl)=CC(Cl)=C1,-2.3617
[O-]C(=O)COC1=CC=CC(Cl)=C1,-2.1954
C(=CC1=CC=CC=C1)C1=CC=CC=C1,-5.7905
OCC1=CC=C(CO)C=C1,-0.3861
CCCC(C)CC,-4.3063
CCCC(=O)CC,-0.8334
CCCCC(C)CC,-5.1591
CC1CCC(C)CC1,-4.4657
CCCCOC(=O)CC,-1.9385
[O-]C=O,0.9288
CCCC(C)(C)C,-4.3575
CCCC(C)(C)O,-0.4988
CC(C[N+](C)(C)C)OC(N)=O,0.5021
CCCCC(C)(C)C,-5.7568
NC(N)=[NH+]C(N)=O,-0.7814
CC1CCCC(=O)C1,-1.8738
CC1=CCCCC1,-3.2671
CCCCC(C)C,-4.5961
CC(=O)OCC=C,-0.5534
CC=CCCl,-1.9569
CCCCC=CC,-3.816
CCCCOC=O,-1.1307
FCCl,-0.8202
NC(=O)C(Cl)(Cl)Cl,-1.0966
CC(Cl)(Cl)[N+]([O-])=O,-1.7603
CCC(C)(O)C(C)C,-0.8504
CCC(Cl)(Cl)[N+]([O-])=O,-1.4996
CCC(CO)(CO)[N+]([O-])=O,0.8264
CC(C)(CO)C=O,-0.3279
CC(O)(CCl)CCl,-0.1822
CC(=O)OCC(COC(C)=O)(COC(C)=O)COC(C)=O,-1.5686
CCCC(C)(O)CCC,-1.5867
CC1(CCl)CO1,-0.5504
COC(C)C,-0.057
CC(Cl)C(Cl)Cl,-1.8898
CC(Cl)C([O-])=O,0.9645
CC(Cl)[N+]([O-])=O,-1.4374
CC1=CC=C(C=C1)S(=O)(=O)OC1=CC=CC=C1C,-3.9417
CCOC(OCC)C(Cl)(Cl)Cl,-1.6464
CCC(Cl)[N+]([O-])=O,-1.1887
CC(C)C(O)C(C)C,-1.2201
CCC(C([O-])=O)C([O-])=O,0.7315
[O-][N+](=O)C1=CC=C2CCC3=C2C1=CC=C3,-5.3403
CC1=C(C=C(C([O-])=C1[N+]([O-])=O)[N+]([O-])=O)[N+]([O-])=O,-2.0434
CC(O)CN1C=NC2=C1C(=O)N(C)C(=O)N2C,0.623
[O-]C(=O)C1=CC=CC(=C1C([O-])=O)[N+]([O-])=O,-1.0214
OC1=CC=C(C=C1)C(C1=CC=C(O)C=C1)=C1C=CC(=O)C=C1,-2.3837
CCOC(=O)C1=CC=CC=C1C(=O)C1=CC=CC=C1,-3.4053
OC1=CC=C2C(=O)C3=CC=CC=C3C(=O)C2=C1,-5.3093
COC(=O)C1=CC=CC=C1C(=O)C1=CC=CC=C1,-3.4776
[O-][N+](=O)C1=CC2=C(NC(=O)NC2=O)C(=C1)[N+]([O-])=O,-3.2057
CN1C(=O)C=CC2=CC=CC=C12,-1.0466
CC1=CC(=O)C2=CC=CC=C2N1,-1.2019
OC(C(O)C(O)C([O-])=O)C(O)C([O-])=O,0.1999
CCOC(=O)C(=O)C(=O)OCC,0.5117
CCC(CO)[N+]([O-])=O,-0.3436
[O-]C1=C(Cl)C=C(Cl)C=C1[N+]([O-])=O,-4.0876
OC1=C(C=O)C=CC=C1C([O-])=O,-2.4423
[O-]C(=O)C1=CC=C(C=C1[N+]([O-])=O)[N+]([O-])=O,-1.0665
CC1=CC=CC2=CC3=CC=CC=C3C=C12,-5.8541
[O-][N+](=O)C1=CC=C2COC(=O)C2=C1,-2.6511
OCC1=CC=CC=C1CO,0.0569
OCC1=CC=CC=C1C([O-])=O,-1.5508
CCC1=CC=CC=C1[N+]([O-])=O,-2.7993
OCC1=CC=CC=C1[N+]([O-])=O,-1.4861
NC1=CC2=CC3=CC=CC=C3C=C2C=C1,-5.1722
CCOC(=O)C1=CC=CN=C1,-0.4313
CCOC(=O)N(C)N=O,-0.5528
CCCCC([NH3+])C([O-])=O,-1.0453
CCC(Cl)CC,-2.6307
CCC(O)C=C,0.0193
O=C1CCCN1,1.07
CCCC(C([O-])=O)C([O-])=O,0.6803
[O-]C1=CC([O-])=C(C=C1[N+]([O-])=O)[N+]([O-])=O,-3.4086
OC1=CC=C(C=O)C=C1C([O-])=O,-2.6354
CCCCCC(C([O-])=O)C([O-])=O,0.5921
CCCC(O)C(C)C,-1.3093
CN(C)C1=CC=CC(=C1)S([O-])(=O)=O,0.2983
[O-]C(=O)C1=CC=C(Cl)O1,-1.7188
OCC1OC(OC2=CC=CC=C2C=O)C(O)C(O)C1O,-1.1985
CC1=CC=C(C=C1C)C([O-])=O,-3.0653
OCC1=CC=CC(=C1)[N+]([O-])=O,-2.4142
[O-]C(=O)C1=CC=C(C=C1)C#N,-2.0885
OCC1=CC=C(C=C1)[N+]([O-])=O,-1.8841
CN(C)C1=CC=C(C=C1)C([O-])=O,-3.3979
OCC1=CC=CC(O)=C1,-0.2678
O=C(CC#N)NC1=CC=CC=C1,-2.7275
OC1=CC(CC([O-])=O)=CC=C1,0.8177
CCCCC[NH+](CCCCC)CCCCC,-4.0326
CC1=CC=C(C=C1)N=C=S,-4.7213
CC1=CC=C(C=C)C=C1,-3.1232
OCC1=CC=C(O)C=C1,-1.2678
O=CC1=CC=C(C=O)C=C1,-2.8265
CCCC(=O)OC,-0.8331
CC(COC(C)=O)OC(C)=O,-0.2046
CCOCCOC(=O)CCCCCCCCC(=O)OCCOCC,-3.1972
CCOC(=O)CCCCCCCC(=O)OCC,-2.99
CCCCC(=O)OC,-1.3606
CCCCCCC(O)CC,-2.6608
CC(C)(C)CCO,-1.1308
CC(C)CC(C)(C)O,-0.9307
CCC(C)(C)NC(N)=O,-1.0142
CCCCC(C)(C)O,-1.0784
CCCCCC(C)(C)O,-1.7168
COCC(C)C,-0.9007
COCC([O-])=O,1.0454
OCC[N+]([O-])=O,1.0406
CCOC(C)C,-0.5607
CC(C)OC=O,-0.6301
OC1=CC(=O)NC=C1,-1.2498
OCC1=CC(CO)=CC=C1,-0.2328
CC1=CC(=O)NC(=O)N1,-1.2557
O=C1C=CNC=C1,1.0218
CC(C)CCOCC(O)COCCC(C)C,-1.3662
CCOC(=O)CCCCC([O-])=O,-0.3602
CC(C)CCCO,-1.1286
CCC=CC([O-])=O,-0.2019
CCCOC(C)C,-1.3373
CCCO[N+]([O-])=O,-1.5044
OCCCCl,0.4223
COCCCl,-0.0725
CC(C)CCC(C)O,-1.375
CC(C)CCOCC(O)CO,-1.2101
COC(=O)CCCCC(=O)OC,-1.4629
CCCCOC,-0.9907
CCCOCC,-0.6806
CCCCCOC(C)=O,-1.8841
CC(=O)OCCCOC(C)=O,-0.2046
CCCCCC#C,-3.0099
CCCCCCC#C,-3.662
CCCCCCCCCCCCC,-7.5936
CCCCCCCCCCCCCCC,-9.4464
CCCCCCCCCCCCCCCO,-6.3476
CCCCCCCCCCCCCCCCCCCCCCCCCC,-8.3339
CCCCCCCCCCCCCCCCCCCCCCCCCCCCCCCCCCCC,-8.4746
ClCC(Cl)(Cl)Cl,-2.1955
CC1=NSC([N-]S(=O)(=O)C2=CC=C(N)C=C2)=C1,-1.0762
CN(C)C(=O)N(C)C,0.9349
[O-]C(=O)C1=C(Cl)C(Cl)=C(Cl)C(Cl)=C1C([O-])=O,-1.9264
CC1=C(C=C)C(NC1=O)=CC1=C(C)C(CCC([O-])=O)=C(CC2=C(CCC([O-])=O)C(C)=C(N2)C=C2NC(=O)C(C=C)=C2C)N1,-4.8127
[O-]C1=CC=C2N=C3C=CC(=O)C=C3OC2=C1,-1.0277
CC1=CNC(=S)NC1=O,-2.4461
[O-]C(=O)C1=CCCCC1,-1.2558
OC1=CC=C(C=C1)N=O,-1.5462
CCC(=O)OC(C)C,-1.2906
CCOC(C)(C)C,-0.9302
CC1NC(C)SC(C)S1,-1.3679
CC(=O)NC(=O)NC(C)=O,-0.3137
CCCCCCCCCCCCC([O-])=O,-3.8126
NC(=O)CF,1.1132
CC(CCC(=O)NCC([O-])=O)C1CCC2C3C(O)CC4CC(O)CCC4(C)C3CCC12C,-5.1546
CC(=O)OOC(=O)C1=CC=CC=C1,-2.4502
CCCC1=CC=C(O)C=C1,-2.0276
NC1=NC(N)=NC(=O)N1,-3.2291
C1COCO1,1.1303
[NH3+]CCCCC([O-])=O,0.9313
[NH3+]C(CCO)C([O-])=O,0.924
CCNC1=NC(OC)=NC(NCC)=N1,-1.7898
CCSS(=O)(=O)CC,-1.109
NC(=O)C(Cl)Cl,-0.2558
CN(N=O)C(N)=O,-0.8548
CCOC(=O)NC(C=O)C(O)C(O)C(O)CO,0.1139
C=CC#C,-1.4648
CC(C)CC=C,-3.2439
CN1C=CC=CC1=O,0.9621
CNC1=CC=CC(C)=C1,-2.05
CCC1=CC(C)=CC(O)=C1,-1.7696
CC1=CC=C(C([O-])=C1)[N+]([O-])=O,-2.7505
O=C1N=C[N-]C2=NC=CN=C12,-1.4716
NC1=NC2=NC=CN=C2C=N1,-2.2979
ClC1=C(Cl)C(Cl)(Cl)C(Cl)(Cl)C1(Cl)Cl,-6.5362
CN1C(=O)NC2=C(NC(=O)N2)C1=O,-1.5614
NC(=S)NC1=CC=CC(=C1)[N+]([O-])=O,-1.4499
CC1=NN(C(C)=C1N=O)C1=CC=CC=C1,-3.7355
[O-]C(=O)C1=C2C=CC=CC2=CC2=CC=CC=C12,-3.4174
CN(C)S(=O)(=O)N(SC(F)(Cl)Cl)C1=CC=C(C)C=C1,-5.5864
CC(C)(C)C1=CC(=C(O)C(=C1)C(C)(C)C)C(C)(C)C,-3.875
CCN(N=O)C(N)=O,-0.9547
CCCCCCCC(C(O)=O)C([O-])=O,-2.0411
CCCCCCCCC(C([O-])=O)C([O-])=O,-2.92
FCCCl,-0.5291
CCCC(C)=C,-3.033
CC(C)=CC=C(C)C,-3.537
O=CC1CO1,1.1423
COC1=CC=CC=C1Cl,-2.4639
CC1=CC(C)=NC(N)=N1,-0.4884
C1CCC2[NH2+]CCCC2C1,-1.0831
C1CC2=CC=CC=C2C2=CC=CC=C12,-4.6347
O=C(NNC(=O)C1=CC=CC=C1)C1=CC=CC=C1,-1.5883
CCOC(=O)CCCC(=O)OCC,-1.3297
OCCCC=C,-0.1793
CC(O)CCOCCC(C)O,0.7899
[O-]C(=O)CCCCCCCCCCCCC([O-])=O,-3.1112
CC(C)C1OCCO1,-0.0651
CSC1=NC=CC=N1,-0.402
CC1CC(OC(C)=O)OC(C)O1,0.759
CN1C2=C(NC(C)=N2)C(=O)N(C)C1=O,-0.7276
CN1C(C)=NC2=C1C(=O)N(C)C(=O)N2C,-1.4493
CCOC(=O)C(CC1=CC=C(O)C=C1)NC(C)=O,-1.8586
COCCCNC1=NC(NC(C)C)=NC(SC)=N1,-2.9284
COCCCNC1=NC(SC)=NC(NCCCOC)=N1,-3.4792
OC1N=C(C2=CC=CC=C2Cl)C2=CC(Cl)=CC=C2NC1=O,-3.6036
CC(=O)OC1CCC2(C)C3CCC4(C)C(CCC4=O)C3CC=C2C1,-4.4584
CC(=O)CC[C-]1C(=O)N(N(C1=O)C1=CC=CC=C1)C1=CC=CC=C1,-3.2676
CC(=O)OC(OC(C)=O)C=C,-1.2449
CC(=O)NCCNC(C)=O,0.6755
OCC1=CC=C(Cl)C=C1,-1.7561
CCOC1=NC(OCC)=NC(OCC)=N1,-1.4838
[O-][N+](=O)C1=CC=C2C3=CC=CC=C3C3=C2C1=CC=C3,-7.1031
CN(C)C1C2C(O)C3C(=C)C4=CC=CC(O)=C4C(=O)C3=C([O-])C2(O)C(=O)C(C(N)=O)C1=O,-1.768
CC(C([O-])=O)C(C)(C)CCC([O-])=O,-1.5265
OCNC(=O)C=C,0.8101
CCCC(=O)NCCNC(=O)CCC,-0.6222
CCCCCC(=O)CCCCC,-3.5322
CCCCO[N+]([O-])=O,-2.0268
CCC#CCC,-2.1675
O=NN1CCCC1,0.9995
O=NN1CCCCCC1,-1.0006
[O-]C1=C(Cl)C=CC(Cl)=C1Cl,-2.6422
O=C1CCCCCCCN1,0.6329
O=S1(=O)NCC2=CC=CC=C12,-1.5208
CN(CC1=CC=CC=C1)N=O,-1.5224
COC1=CC(Cl)=C(Cl)C(Cl)=C1Cl,-5.2605
CC1=CC=C(OCC([O-])=O)C=C1,-2.1414
COC1=C(Cl)C(Cl)=C(Cl)C(Cl)=C1OC,-5.2394
CC(=O)C1(C)CCC2C3C=C(C)C4=CC(=O)CCC4(C)C3CCC12C,-5.2721
CC(C)[NH+](C)C,1.0597
CCOC(=O)CO[N+]([O-])=O,-1.7111
CCOC(=O)CNC(=O)OCC,-0.2435
CC(O)COC(=O)C=C,0.8856
NC(=O)NCO,-0.3463
CCCCCO[N+]([O-])=O,-2.568
CC1CCC(C)O1,0.0723
CC1=CC=[N+]([O-])C=C1,0.9621
CCNC1=NC(N)=NC(Cl)=N1,-2.4135
O=C1CCCCCCCCCN1,-1.8862
CNC1=NC(NC(C)C)=NC(SC)=N1,-2.5656
CCCCN1C=NC2=C1C(=O)N(C)C(=O)N2C,-1.8069
O=C1OC(=NC2=CC=CC=C12)C1=CC=CC=C1,-4.6084
ClC1C2OC2C2C1C1(Cl)C(Cl)=C(Cl)C2(Cl)C1(Cl)Cl,-6.2893
[O-]C(=O)CNC1=C(C=C(C=C1[N+]([O-])=O)[N+]([O-])=O)[N+]([O-])=O,-2.3922
CCCCCCCCOC(=O)C1=CC(O)=C(O)C(O)=C1,-3.8945
S=C1N[N-]C(=S)S1,-0.7552
[O-]C1=CN(N=C1)C1=CC=CC=C1,-1.9616
CCCCCCCC1=CC=CC=C1,-5.5959
CCCCCCOC(=O)C1=CC=C(O)C=C1,-3.949
CCCCCCCOC(=O)C1=CC=C(O)C=C1,-4.0725
CN(C)S(=O)(=O)N(SC(F)(Cl)Cl)C1=CC=CC=C1,-5.4088
CC(C)(C)C(=O)OCC(=O)C1(O)CCC2C3CCC4=CC(=O)C=CC4(C)C3C(O)CC12C,-4.5835
CSCCC(NC(C)=O)C([O-])=O,-0.3216
CCCCCC([NH3+])C([O-])=O,-0.94
OCCN(CCO)N=O,0.8724
CCCCCCCC[NH+](CCCCCCCC)CCCCCCCC,-6.8496
CC(C)(C)NC(N)=O,-0.7306
COC(=O)CCCC(=O)OC,-0.4337
CCCCC#CC,-2.7695
CCCCCCCCCCC,-7.5505
CC1=CC(C)=C(C)C=N1,-0.7824
CN(C)C1=CC=[NH+]C=C1,-0.2062
CCC1=CC=CC(C)=N1,-0.8234
OC1(CCCCC1)C([O-])=O,-0.3328
CC1=CC(Cl)=CC(C)=C1O,-1.6763
ClC1=NC2=NC=NC=C2N=C1,-0.8749
OC1=CC=C(CC=C)C=C1O,-0.7787
CC1=NN(C(N)=C1)C1=CC=CC=C1,-0.9376
OC1=CC=C(C=C1)C1CCCCC1,-3.468
CCSC(=O)N(CC)C1CCCCC1,-3.4037
CCCCN1C(=O)N(C)C2=C(N(C)C=N2)C1=O,-1.6252
CC1=CC=C(C=C1)S(=O)(=O)[N-]C(=O)NN1CCCCCC1,-3.6778
COC1C(O)C(C)OC(OC2CCC3(C=O)C(CCC4C3CCC3(C)C(CCC43O)C3=CC(=O)OC3)C2)C1O,-3.1373
CCC(C(CC)C([O-])=O)C([O-])=O,-0.8608
[NH3+]C(C(O)C([O-])=O)C([O-])=O,-0.8271
CCN(CC)C(=O)N(CC)CC,-0.6341
CC(C)CC(NC(C)=O)C([O-])=O,-1.3301
OC1=CC=C(O)C(C=O)=C1,-1.0004
[NH3+]CC1CCC(CC1)C([O-])=O,0.0255
CC1=NC2=CC=CC=C2C(C)=C1,-1.9424
CC(NC(=O)C1=CC=CC=C1)C([O-])=O,-1.6839
COC(=O)CNC(=O)C1=CC=CC=C1,-1.0556
CN1C2=CC=CC=C2SC2=CC=CC=C12,-5.5934
CCCCCCCCOC(=O)C1=CC=C(O)C=C1,-4.2224
CC1C(C)(C)C2=CC3=C(C=C2C1(C)C)C(C)COC3,-5.1693
CC[N+]1=C(C2=CC=CC=C2)C2=C(C=CC(N)=C2)C2=C1C=C(N)C=C2,-1.2948
CN1N(C(=O)C(CC2=C(C)N(C)N(C2=O)C2=CC=CC=C2)=C1C)C1=CC=CC=C1,-2.9549
CC1=C(C([O-])=O)C(O)=CC2=C1C(=O)C1=C(O)C(C3OC(CO)C(O)C(O)C3O)=C(O)C(O)=C1C2=O,-2.5784
CC(C)C(C)C(C)C(O)C#CC(C)C(C)O,-2.2756
CC1=C(C([O-])=O)C(O)=CC2=C1C(=O)C1=C(O)C(C3OC(CO)C(O)C(O)C3O)=C(O)C(O)=C1C2=O,-2.5784
OCC1OC(C(O)C(O)C1O)C1=C2C=CC=C(O)C2=C(O)C2=C(O)C=C(CO)C=C12,-1.7025
[O-]C1=CC=C(Cl)C=C1C(=O)NC1=CC=C(C=C1Cl)[N+]([O-])=O,-3.5891
C1C[NH+](CCO1)C(C1=CC=CC=C1)(C1=CC=CC=C1)C1=CC=CC=C1,-7.2168
CC(C)(C)C1=CC(=CC(=C1[O-])[N+]([O-])=O)[N+]([O-])=O,-4.7274
OC1=CC=C(C=C1)N=NC1=CC=C(C=C1)[N+]([O-])=O,-4.796
NC(=O)C1=CC=CC=N1,0.1685
CCCCCCCCCCCCCCCCCO,-7.506
CC1CN(CC(C)O1)N=O,-0.0655
CC1=CC=C(C)C(C)=N1,-0.5893
OC1=CC=C2CCCC2=C1,-1.3285
ClCC=CCCl,-2.3333
CCC1CCCC[NH2+]1,-0.3463
O=C1CCCCC1C1=CCCCC1,-2.774
CCN(CC)C(=O)CCC([O-])=O,-0.7937
COC1=CC=C(NC(N)=O)C=C1,-1.5917
COC1=CC=C(O)C(=C1)[N+]([O-])=O,-2.8409
CCCOCC(C)O,0.9275
CC=CC(C)O,0.0152
CC1=CC(Cl)=CC=C1O,-1.552
CC1=CC(Cl)=CC(Cl)=C1O,-2.0439
NC(=O)C1=CC=CC(=C1)S(N)(=O)=O,-2.1554
CC(NC(N)=O)NC(N)=O,-0.5916
NC(=O)NN=C1CCCCC1,-1.4127
[O-]C(=O)CCC(=O)C1=CC2=CC=CC=C2C=C1,-3.8533
CN(C)NC(=O)CCC([O-])=O,-0.2046
OCC(CO[N+]([O-])=O)(CO[N+]([O-])=O)CO[N+]([O-])=O,-1.585
CCNC1=NC(NC(C)C)=NC(OC)=N1,-2.0696
C=CC=CC#N,-0.7221
C[NH+](C)C1CSSC1,-1.873
CCCCCCCS,-4.1549
CNC(=O)ON=CC(C)(C)S(C)=O,-0.8673
CNC(=O)ON=CC(C)(C)S(C)(=O)=O,-1.3469
FC(F)(Cl)CCl,-2.2007
CCCCCCCCCC(C)O,-2.9418
CC(C)CCCCCO,-2.3038
CC1=C(C)C2=C(N=C1)C1=C(C=C2)C(C)=C(C)C=N1,-5.1939
C[NH+](C)CCC=C1C2=CC=CC=C2COC2=CC=CC=C12,-3.9469
CCC1CCCCC1,-4.2507
CC12OC1CC1CC2C1(C)C,-2.5937
CC1(C)OC(=O)C2=CC=CC=C12,-1.8684
OC1=CC=C(C=C1)N=NC1=CC=CC=C1,-3.3429
ClC1=C(Cl)C(=O)N(N=C1)C1=CC=CC=C1,-3.3822
NC1=C(Cl)C(=O)N(N=C1)C1=CC=CC=C1,-2.7436
[O-]C(=O)C1=NC(Cl)=CC=C1Cl,-1.3884
CC1=CC2=C(C=CC3=C2C=CC=C3)C2=C1C=CC=C2,-6.5715
CC(C)O[N+]([O-])=O,-1.4593
CC(F)(Cl)Cl,-2.4448
COC1=CC=C2NC3=CC(Cl)=CC=C3SC2=C1,-4.9787
CC(C)C1=CC=C2C(CCC3C(C)(CCCC23C)C([O-])=O)=C1,-4.6582
C1NNCN2CNNCN12,-0.0128
O=C(NC1=CC=CC=C1)C1=CC=CN=C1,-3.093
NC1=CC=C2SN=NC2=C1,-1.3045
[S-]C#N,0.9178
OCC1=CC=C(Cl)C=C1Cl,-2.248
[O-][N+](=O)CCl,-0.281
CC(C=NO)=NO,-0.3462
OCC1=CC=C(Cl)C(Cl)=C1,-2.0439
ClC1=CC=C(Cl)C2=CC=CC=C12,-5.3576
CCN(CC)C(=O)CSC1=CC=C(Cl)N=N1,-1.7156
[O-][N+](=O)C1=CC=C(OC2=CC=C(Cl)C=C2Cl)C=C1,-5.4535
[O-][N+](=O)C1=CC=C(OC2=C(Cl)C=C(Cl)C=C2Cl)C=C1,-5.6201
CCCC(O)C(C)CC,-1.8406
FC1=CC=C(C=C1)C(CCC[NH+]1CCC2(CC1)N(CNC2=O)C1=CC=CC=C1)C1=CC=C(F)C=C1,-4.6772
[O-]C(=O)CCCCCCCCCC([O-])=O,-1.6274
COC(=O)C1=C(Cl)C(Cl)=C(C(=O)OC)C(Cl)=C1Cl,-5.8221
CC(O)COCC1=C(Cl)C=CC(Cl)=C1Cl,-3.5673
C[NH2+]C1(CCCCC1=O)C1=CC=CC=C1Cl,-0.137
CC1=CC(O)=C(CC2=CC=CC=C2)C(C)=C1Cl,-4.3009
OCCNC(=O)C(=O)NCCO,-0.1124
NC1=C2N=CN(C2=NC=N1)C1(CO)OC(CO)C(O)C1O,-1.5701
CC1=CC=CC=C1OCC([O-])=O,-2.4424
[O-]C(=O)COC1=CC=CC=C1[N+]([O-])=O,-2.016
CC(C)(C)S(=O)(=O)C(C)(C)C,-1.2177
ClC(Cl)=C(Cl)C(Cl)(Cl)Cl,-4.1651
CCN(CC)C1=NC(Cl)=NC(NC(C)C)=N1,-3.7849
CC1=CC=C(O1)C([O-])=O,-0.8243
COCC1=CC=C(O1)C=O,-0.4992
NC1=C(Cl)C(Cl)=NC(C([O-])=O)=C1Cl,-2.7494
CCCN(CCC)C1=C(C=C(C)C=C1[N+]([O-])=O)[N+]([O-])=O,-2.9663
CNC(=O)OC1=C(C=C(C)C=C1C(C)(C)C)C(C)(C)C,-4.598
OC1=CC=C2NC3=CC=CC=C3SC2=C1,-2.5748
COC(=O)COC1=CC=C(Cl)C=C1Cl,-2.9596
CCOC(=O)COC1=CC(Cl)=C(Cl)C=C1Cl,-4.8493
CCCCCCCCOC(=O)COC1=CC=C(Cl)C=C1Cl,-7.0217
CCCOC(=O)COC1=CC=C(Cl)C=C1Cl,-4.2502
COC1=CC=C(CCC([O-])=O)C=C1,-2.2144
CCCCOCCOC(=O)COC1=CC=C(Cl)C=C1Cl,-4.4276
CNC(=O)NC1=NC2=CC=CC=C2S1,-4.2373
[O-][N+](=O)C(Cl)([N+]([O-])=O)[N+]([O-])=O,-1.9259
CC(=C)C1CCC(C)(O)C(O)C1,-0.2311
CCCSS(=O)CCC,-0.9199
COC1=C(C=CC=C1C([O-])=O)C([O-])=O,-2.2926
CCC(=O)OC1=CC=C(C=C1)[N+]([O-])=O,-3.8925
CCCCC(=O)OC1=CC=C(C=C1)[N+]([O-])=O,-4.3945
CC(C)C(NC(=O)C[NH3+])C([O-])=O,0.4579
OCCNC(=O)CCCCC(=O)NCCO,0.4121
CNC(=O)OCC1=CC=C(Cl)C(Cl)=C1,-3.1389
CC(OC(=O)NC1=CC=CC(Cl)=C1)C#C,-2.6172
CN(C)C(=O)NC1=CC=C(OC2=CC=C(Cl)C=C2)C=C1,-4.8953
CC1CCCCC1NC(=O)NC1=CC=CC=C1,-4.1108
COC1=CC=CC(Cl)=C1Cl,-3.309
COC1=C(Cl)C=CC=C1Cl,-3.1019
NC(=O)C=CC1=CC=CC=C1[N+]([O-])=O,-1.2837
CC1=C2NC=NC2=NC=N1,0.1735
CCSC(=O)N(CC(C)C)CC(C)C,-3.684
O=C1CNC(=S)N1C1=CC=CC=C1,-3.2425
CCCCCCCCCC[NH3+],-2.4564
CCOC(=O)CCC1=CC=CC=C1,-2.9086
CNC(=O)OC1=CC=C(N(C)C)C(C)=C1,-2.3572
CNC(=O)OC1=CC(C)=C(SC)C(C)=C1,-3.9214
CCCC1CCCC1,-4.7404
CC(O)C(N)=O,0.9435
CCOC(=O)CCCCCC(=O)OCC,-2.0408
CCOC(=O)CCCCCCC(=O)OCC,-2.5304
ClC1=C(Cl)C2=CC=CC=C2C=C1,-6.1611
ClC1=CC=CC2=CC=CC(Cl)=C12,-5.7963
[O-]C1=CC(=O)C=CC1=NNC1=CC=CC=C1,-3.0299
COC(C)C([NH3+])C([O-])=O,0.4853
CC(C)CC(C1=CC=C(O)C=C1)C1=CC=C(O)C=C1,-3.3674
CC(CC(C)C([O-])=O)C([O-])=O,-0.4564
NS(=O)(=O)C1=CC2=C(CN(C3CCCCC3)C2=O)C=C1Cl,-4.3128
CC1CC2C3CC(F)C4=CC(=O)C=CC4(C)C3(F)C(O)CC2(C)C1(O)C(=O)CO,-5.6133
OC1=CC=C(C2CCCCC2)C(O)=C1,-2.5763
OCC1C(CO)C2(Cl)C(Cl)=C(Cl)C1(Cl)C2(Cl)Cl,-3.0802
CCNC1=NC(=O)NC(NC(C)C)=N1,-4.5241
O=C1NC2=C(CCC2)C(=O)N1C1CCCCC1,-4.5916
CC(=C)C(=O)NC1=CC=C(Cl)C(Cl)=C1,-4.4325
CCC(C)OC(=O)NC1=CC=CC(Cl)=C1,-3.1727
CC(C)COC1=CC2=CC=CC=C2C=C1,-5.2117
ClC1=CC2=CC(Cl)=CC=C2C=C1,-5.9217
CCOC(=O)C1=C(C)C=C(C)N1,-2.6212
COC1=CC=C(C=C1C([O-])=O)C([O-])=O,-3.1165
CC1CCCCC1C,-4.2719
CC(Cl)C(C)Cl,-2.3541
[O-]C(=O)C1=CC=CC2=CC=CC(=C12)[N+]([O-])=O,-2.7501
CCCCC(C)CCC,-6.0474
COC1=CC=CC2=CC=CC=C12,-4.1992
CC1(C)C2CCC(C)(C2)C1O,-2.2702
CCC(CC)(S(=O)(=O)CC)S(=O)(=O)CC,-2.0625
ClC1=CC=C(SC2=CC(Cl)=C(Cl)C=C2Cl)C=C1,-7.0335
ClC1=C(Cl)C(Cl)(C(Cl)=C1Cl)C1(Cl)C(Cl)=C(Cl)C(Cl)=C1Cl,-7.2784
ON=C1CCCC=C1,-0.9667
ClC1=C(Cl)C2=C(Cl)C(Cl)=C(Cl)C(Cl)=C2C(Cl)=C1Cl,-9.703
NC1=CC=CC(=C1)C#N,-1.1693
CCCCCCCCC#N,-3.2987
S=C=NCCC1=CC=CC=C1,-3.1714
[O-]C(=O)C(Cl)=C(Cl)Cl,-0.4659
FC(F)(F)C1=NC2=NC=NC=C2N1,-0.4505
[O-]C(=O)CCCCC1=CC=CC=C1,-2.4657
CN1C=NC2=NC(Cl)=NC(Cl)=C12,-1.1522
OC1=C(C([O-])=O)C2=CC=CC=C2C=C1,-3.1284
CC(C)N(C(C)C)C(=O)SCC(Cl)=CCl,-4.2856
CC(C)N(C(C)C)C(=O)SCC(Cl)=C(Cl)Cl,-4.8818
[O-]C(=O)C1CCCCC1C([O-])=O,-1.935
O=C1NC=C2[N-]C=NC2=N1,-1.7136
CN1C(=O)N(C)C2=C1N(C)C(=O)N(C)C2=O,-0.9527
CCCCOC(=O)C1(O)C2=CC=CC=C2C2=CC=CC=C12,-3.8885
CCN(CC)C(=O)CCl,-0.243
CCCOC(=O)C1=CC=CC=C1,-2.6701
CC(C)C(CC([O-])=O)C([O-])=O,-0.4073
CCOC(=O)C(CC1=CC=CC=C1)NC(C)=O,-1.7557
FC1=CC(F)=C(F)C(F)=C1,-2.3057
CCCC(C)(C)CO,-1.4391
[O-]C(=O)C=CC1=CC=C2OCOC2=C1,-3.8523
CC1=CC2=CC3=C(C=CC4=C3C=CC=C4)C=C2C=C1,-6.644
CC1=CC2=CC3=C(C=C2C=C1)C1=C(C=CC=C1)C=C3,-6.8162
CC1=C2C=CC3=CC=CC4=CC=C(C5=C1C=CC=C5)C2=C34,-8.5234
S=C1[N-]C2=CC=CC=C2O1,-2.1795
ClC12C3(Cl)C4(Cl)C5(Cl)C(Cl)(C1(Cl)C4(Cl)Cl)C2(Cl)C(Cl)(Cl)C35Cl,-6.8074
ClC1=CC=CC(=C1)N=C=S,-3.9507
C#CCCCCCC#C,-2.983
OC1=CC=CC=C1OC1=CC=CC=C1,-3.2286
CCC(O)C[NH+](CC(O)CC)CC(O)CC,-0.5229
CC1=C2C=CC=CC2=CC2=C1C1=C(C=CC=C1)C=C2,-6.5648
ClC(Cl)C(Cl)(Cl)SN1C(=O)C2CC=CCC2C1=O,-5.3968
CCCCOCC1CO1,-0.8135
CC1=CC(Cl)=C([O-])C(Cl)=C1,-1.4202
CC1=NC2=NC=CN=C2C=N1,-0.1191
CC1=NC=NC2=NC=CN=C12,-0.4658
CC1=CC2=NC3=C(SC(=O)S3)N=C2C=C1,-5.3698
CCCCCCCCCCCCNC(N)=[NH2+],-2.6592
COC1=CC=CC=C1C(N)=O,-1.7815
NC1=CC=C(CC(=O)C2=CC=CC=C2)C=C1,-1.805
ClC1=CC=C(OC2=CC=C(Cl)C=C2)C=C1,-4.7999
CC(C)(O)C1CCC(C)(O)CC1,-1.6774
NC1=CC=C(N)C2=C1C(=O)C1=C(N)C=CC(N)=C1C2=O,-6.9515
CC(=O)OC1=C(C=C(C(C)=C1C(C)(C)C)[N+]([O-])=O)[N+]([O-])=O,-4.4717
[O-]C(=O)CNC=O,0.2672
OC1=CC=C(C=C1)C(=O)CC1=CC=CC=C1,-1.5008
CC1=C2C=CC=CC2=CC2=C1C=C(F)C1=C2C=CC=C1,-7.31
CC1=CC=CC2=C1C1=C(C=C2)C=C2C=CC=CC2=C1,-6.644
[O-]C(=O)C1=CC(Cl)=CC=C1[N+]([O-])=O,-1.319
COC(=O)C1(O)C2=CC=CC=C2C2=CC=C(Cl)C=C12,-4.1836
CC1=C2C=CC=CC2=CC2=C1C(F)=CC1=C2C=CC=C1,-7.31
CC1=C2C=CC=CC2=CC2=C1C=CC1=C2C=CC=C1,-7.343
[O-]C(=O)CCCCCCCC=O,-0.9574
ClC(Cl)C(=O)NC1=CC=CC=C1,-3.3555
CCC1OCCO1,0.2919
NC(=NO)C(N)=NO,-0.7773
CC1=CC(O)=CC=C1[N+]([O-])=O,-2.1103
[O-][N+](=O)C1=CC=C(C=C1)N=NC1=CC=C(NC2=CC=CC=C2)C=C1,-7.5229
NC(=[NH2+])NC1=NC2=CC=CC=C2S1,-2.4412
[O-]C(=O)CCC=CC([O-])=O,-1.2045
CCOC1=NC(=NS1)C(Cl)(Cl)Cl,-3.3254
CC1=NC(C)=C(C=C1C([O-])=O)C([O-])=O,-2.809
[O-]S(=O)(=O)C1=CC2=C(C(=NNC3=CC=C(C4=CC=CC=C34)S([O-])(=O)=O)C(=O)C=C2)C(=C1)S([O-])(=O)=O,-0.8783
CC(=O)NC1=CC=C(OC(C)=O)C=C1,-1.9076
CN1C(=O)N(C)C2=NC(C)=C(C)N=C2C1=O,-1.3429
CCCC(=O)OC1=CC=C(C=C1)[N+]([O-])=O,-3.9404
OC1=C(N=O)C2=CC=CC=C2C=C1,-2.9374
CC(CCC([O-])=O)(N=NC(C)(CCC([O-])=O)C#N)C#N,-2.0083
NC1=CC2=C(C=CC3=C2C=CC=C3)C2=C1C=CC=C2,-6.1958
CNC(=O)OC1=CC(=CC(=C1)C(C)(C)C)C(C)(C)C,-4.2445
COC1=CC(Cl)=C(OC)C=C1Cl,-4.413
C[NH2+]CCC([O-])=O,-0.0543
ClC1=CC=CC=C1OC1=CC=CC=C1,-4.7796
CCOC(=O)C([NH3+])CC(C)C,-0.5606
[O-]C(=O)C(CSSCC(NC(=O)CC1=CC=CC=C1)C([O-])=O)NC(=O)CC1=CC=CC=C1,-1.833
C1C[N+]2=CC=CC=C2C2=CC=CC=[N+]12,-3.425
COC1=CC(Cl)=C(Cl)C=C1OC,-3.4588
CC1C[NH2+]C(C)CN1,0.4864
CC(=O)C=CC([O-])=O,-0.2332
CCC([NH3+])C([O-])=O,0.2868
FC(Cl)C(F)(F)F,-1.959
COC1=CC=CC(Cl)=C1,-2.783
O=C1CCCC1C#N,-0.3567
CCSC(=O)N(CC)CC,-1.6917
CC1=C(Cl)C(=O)C(Cl)=C(C)[N-]1,-4.2834
ClC1=CC=C(C=C1)C1=CC=CC(Cl)=C1,-6.4001
[O-]C(=O)COC1=CC=CC(Cl)=C1Cl,-2.8097
CCOC(=O)C(C)OC(C)=O,-0.6994
NC1=CC=C(SC#N)C=C1,-2.6015
NC1=NC(=C2NC=NC2=N1)C(F)(F)F,-3.1346
CCN(CC)C1=NC(NC(C)C)=NC(OC)=N1,-4.889
CNC1=NC(Cl)=NC(NC(C)C)=N1,-2.8896
[O-]C1=CC=C(C=O)C=C1[N+]([O-])=O,-2.9512
CNC1=NC(NC(C)C)=NC(OC)=N1,-1.7509
C[NH2+]C(CC(C)C)C([O-])=O,-0.5146
CC(C)C(NC(C)=O)C([O-])=O,-0.6325
C=CCCCC=C,-3.3396
CC1CCCC(C)(C)C1,-4.8532
[O-]C(=O)C[NH2+]CCC#N,0.3237
CCC(C)C([NH3+])C([O-])=O,-0.3895
OC1(CC[NH+](CCCC(=O)C2=CC=C(F)C=C2)CC1)C1=CC=CC=C1,-4.1183
CC(C)(C)CCCO,-1.5402
NC(=O)CC(NC(N)=O)C([O-])=O,-0.511
CN(C)C(=O)N(C(=O)C1=CC=CC=C1)C1=CC=C(Cl)C(Cl)=C1,-4.3238
NC(=O)NCl,0.3256
CC(C)CC([NH3+])C(=O)NCC(=O)NCC([O-])=O,0.2124
OCC(O)C(O)C(O)C(O)C(O)C=O,-0.3226
OC1=CC=C(C=C1C([O-])=O)N=NC1=CC=CC=C1,-3.0559
COC1=CC=C(C=C1)C(=O)CCC([O-])=O,-1.0632
CCC(NC=[NH+]N)C([O-])=O,-0.8608
CC(C)COC(=O)C(C)(C)O,-0.7276
OC1=CC=CC=C1C(=O)N1CCOCC1,-1.7037
[O-][N+](=O)C1=CC=CC(Cl)=C1Cl,-3.4881
CC1=CC=NC2=C1C=CC1=C2N=CC=C1C,-3.9686
CCC(=O)OOC(=O)CC,-0.9634
CC(OC1=CC=C(Cl)C=C1)C([O-])=O,-2.1351
CN(C)C(N)=[NH2+],-1.7306
[O-]C(=O)C1=CCCC2=CC=CC=C12,-2.7939
OCC(O)C(O)C(O)C(O)C(O)CO,0.3722
ON=C1CCCC=C1,-0.7034
C=CCCN=C=S,-2.391
[NH3+]C(CC1=CC(Cl)=C([O-])C(Cl)=C1)C([O-])=O,-0.796
NC1=NC(Cl)=NC(N)=N1,-2.3849
CCC(=O)NCCNC(=O)CC,0.3746
ClC(Cl)=C(C1=CC=C(Cl)C=C1)C1=CC=CC=C1Cl,-6.3563
CC1CCCC[NH+]1CCCOC(=O)C1=CC=C(Cl)C(Cl)=C1,-4.2178
ClC1=C(Cl)C2=NC=CN=C2C(Cl)=C1Cl,-5.428
CC(C)CCC(C)(C)C,-5.0474
CCOC(=O)N(CC)CC,-1.0651
OC1=CC(O)=C(C(=O)C2=CC=CC=C2)C([O-])=C1,-1.8708
OCC1OC2(COC3(CO2)OC(CO)C(O)C3O)C(O)C1O,-0.0058
CC(C)CC1=NN=C([N-]S(=O)(=O)C2=CC=C(N)C=C2)S1,-3.8226
OCCN(CC1=CC=C(OC2=CC=C(C=C2)[N+]([O-])=O)C=C1)C(=O)C(Cl)Cl,-5.1241
CCCCCCCCCC(C([O-])=O)C([O-])=O,-3.3016
FC(F)(F)C1=NC2=CC=C(Cl)C(Cl)=C2N1,-3.5677
CCC1(C(=O)NC(=O)NC1=O)C1=CC2CCC(C2)C1,-2.7696
CC(CC([O-])=O)C([O-])=O,0.6311
[NH3+]C(C(O)C(O)C(O)CO)C([O-])=O,-0.859
C(CC1=CC=CC=C1)[NH2+]CC1=CC=CC=C1,-2.7229
CCC1=CC=C(NC(C)=O)C=C1,-2.1453
OCCCCCCCCCCC([O-])=O,-2.7039
COC1=CC(OC)=C2C(OC3(C(C)CC(=O)C=C3OC)C2=O)=C1,-3.699
CCOC(C)C(=O)C=O,-0.1554
ClC1=CC=C(C=C1)C(C(=O)[C-]1C(=O)C2=CC=CC=C2C1=O)C1=CC=CC=C1,-3.5738
CC1=CC2=C(C=CC=C2)C2=C1C1=C(C=CC=C1)C=C2,-6.592
CC1=C(C)C2=C(C=CC3=C2C=CC=C3)C2=C1C=CC=C2,-7.0109
CCC1=C2C=CC=CC2=CC2=C1C=CC1=C2C=CC=C1,-6.796
NS(=O)(=O)C1=CC(=CC=C1)S(N)(=O)=O,-2.1693
CC1=C[N+]([O-])=CC(C)=C1,0.9095
[NH3+]CC1=CC=CC=N1,0.966
[NH3+]CC1=CC=NC=C1,0.966
ClC1=CC(Cl)=NC(=N1)C1=CC=CC=C1,-4.9544
CCCCCC1CCCC1,-6.0863
CC1=CC(=CC=C1N=NC1=CC=CC=C1)N(CCO)CCO,-4.1254
COC1=CC(NS(=O)(=O)C2=CC=C(N)C=C2)=NC(C)=N1,-2.543
[O-]C(=O)CN1C(=O)SC2=CC=CC(Cl)=C12,-2.6087
NNC(=O)CC(=O)NN,-0.121
CC([NH3+])C(C)(C)C,0.9861
NNC(=O)C(O)C(O)C(O)C(O)CO,-0.4985
N1C2=CC=CC=C2N=C1C1=CC=CO1,-3.414
ClCCS(=O)(=O)CCS(=O)(=O)CCCl,-1.4486
OC1=C([O-])C(CN(CC([O-])=O)CC([O-])=O)=CC2=C1C(=O)C1=CC=CC=C1C2=O,-1.8077
COC(=O)C1=CC=C(O)C(Cl)=C1,-2.873
CCC(O)C(C)(C)C,-1.1514
[O-]C(=O)CC(Cl)C([O-])=O,-0.7953
CCCCCCC(C(O)=O)C([O-])=O,-1.6566
[O-]C(=O)COC1=C(Cl)C=CC(Cl)=C1Cl,-2.6198
COCC(=O)C1=CC=CC=C1,-0.7616
ClC=CC[N+]12CN3CN(CN(C3)C1)C2,0.0829
CC=CCO,0.3621
[O-][N+](=O)C(CCl)([N+]([O-])=O)[N+]([O-])=O,-0.2586
CCC(CC)(C([O-])=O)C(CC)(CC)C([O-])=O,-2.9644
CCCCOCCC(=O)OC,-1.2909
CCSC1=NC(NC(C)C)=NC(NC(C)C)=N1,-4.2031
CC(C)C(=O)OC1=CC=C(C=C1)[N+]([O-])=O,-3.9588
CCCCOC(=O)CCOC,-1.2135
[O-][N+](=O)C1=CC2=C(N=CC=C2)C2=C1C=CC=N2,-3.9172
CCC1=CNC(=O)NC1=O,-1.9424
C[NH2+]C(CC([O-])=O)C([O-])=O,-0.7544
[O-]C(=O)C1=CC=CC=C1CC(=O)C1=CC=CC=C1C([O-])=O,-2.791
[O-]C(=O)C1=CC=C(C(=C1)C([O-])=O)[N+]([O-])=O,-1.3391
ClC1=CC=C(C=C1)N=NC1=CC=CC=C1,-5.7023
[O-][N+](=O)C1=CC=C(O1)C=NN1CCCOC1=O,-3.4757
O=C1CC2=C(O1)C=CC1=CC=CC=C21,-2.7078
CCC1C2CC3C4N(C)C5=CC=CC=C5C44CC(C2C4O)N3C1O,-2.8266
CCCCCCCCCCC(C([O-])=O)C([O-])=O,-3.99
CC1=CC=C(O)C(CO)=C1,-0.3143
CCOC(=O)C1=C(C)C(CC)=C(N1)C=O,-2.7186
[O-]C(=O)C1=CC=CN=C1NC1=CC=CC(=C1)C(F)(F)F,-4.1718
CC(=O)CC1CCCC[NH2+]1,-0.4509
CCC(=NO)C(CC)=NO,-2.5525
CC1=CN=C(NS(=O)(=O)C2=CC=C(N)C=C2)N=C1C,-3.1435
CC1CCC(C)(C)C1,-4.4784
CC1NC(=O)CNC1=O,0.2903
CN(C=C)N=O,-0.4579
O=C1NC=NC=C1,0.586
CC(=O)C1(C)CO1,0.3797
CCSC(=S)NCC([O-])=O,-1.0882
OCC1OC(O)(CO)C(O)C1OC1OC(CO)C(O)C(O)C1O,0.3487
CCN(CC)C(=O)OC,-0.2918
[O-]C(=O)CCC(=O)C1=CC=CC2=CC=CC=C12,-3.4833
CC1(C)C2CCC(C)(C2)C1=O,-1.8507
[NH3+]CCCNC1=CC=CC=C1,-1.6543
CCCN(CCC)C1=C(C=C(C=C1[N+]([O-])=O)S(C)(=O)=O)[N+]([O-])=O,-5.7601
[O-]C(=O)C1=CC=CC=C1C(=O)NC1=CC=CC=C1,-4.0814
[O-]C(=O)C1=CC=CC(Cl)=C1[N+]([O-])=O,-2.6323
CCOCC([NH3+])C([O-])=O,0.524
[O-]C(=O)CCSSCCC([O-])=O,-0.9301
CC=CC#N,-0.4287
CCCC(O)C=C,-0.5993
CC(C)C(O)C=C,-0.515
CCC(O)C=CC,-0.4198
OC(C([O-])=O)=C(C1=CC=CC=C1)C1=CC=CC=C1,-2.3354
CN(C)C(=O)NC1=CC=CC(OC(=O)NC(C)(C)C)=C1,-2.9342
CCCCOC(=O)CCO,-1.2899
[O-]C(=O)CC(SC(CC([O-])=O)C([O-])=O)C([O-])=O,-0.4908
CC1=CC=CC(O)=C1[N+]([O-])=O,-1.64
ClCC(=O)NC(=O)CCl,-2.2304
C1CCC(CC1)N(SC1=NC2=CC=CC=C2S1)C1CCCCC1,-6.7886
COC1=CC(C([O-])=O)=C(C=C1OC)[N+]([O-])=O,-0.7543
CC(=O)NC1=CC=C(OC(=O)C2=CC=CC=C2OC(C)=O)C=C1,-4.1949
O=S(=O)(N1CCCCC1)C1=CC=CC=C1,-2.5365
CCN(CC)C(C#N)C1=CC=CC=C1,-0.9738
[O-][N+](=O)CC1=NC2=CC=CC=C2C=C1,-2.0545
[O-]C(=O)C(S)CCC(S)C([O-])=O,-2.4758
CCSC(=S)NC(CC([O-])=O)C([O-])=O,-1.3863
ClCCS(=O)(=O)CCOCCS(=O)(=O)CCCl,-1.9408
COC1=CC(=CC=C1C([O-])=O)C([O-])=O,-1.9916
CC(=O)NC1=CC=C(Cl)C=C1C,-2.3097
CCCCC1=C(C)N=C(NC1=O)N(C)C,-2.2416
C[NH+]1C2CCC1CC(C2)OC(=O)C(COS([O-])(=O)=O)C1=CC=CC=C1,-1.5675
[O-]C(=O)CC1CCCCC1,-1.6935
CCCCCCCCCCCCCCCCNC(=O)C(C)O,-3.6512
CCCCCNC(=O)C(C)O,-0.3825
OCC(O)C1OC(OC2=CC=CC=C2)C(O)C(O)C1O,-1.5537
CCCCCCCCCCOC(=O)C1=CC=CN=C1,-3.1901
CC(C)CC(NC=O)C([O-])=O,-0.7328
CS(=O)(=O)[N-]S(C)(=O)=O,0.0402
CCCOC(=O)CCOC,-0.6598
COC(OC)C=CC(OC)OC,0.055
C[NH+]1CCC=C1C,0.1265
CC1=CC(OCC([O-])=O)=CC(C)=C1,-2.3527
ClC1=CC2=C(OC3=C2C=C(Cl)C=C3)C=C1,-7.2135
CCCCCCNC(=O)C(C)O,-0.9487
CCCCOC(=O)C(C)OC(C)=O,-0.7536
CCC1=NC2=C(N1C)C(=O)N(C)C(=O)N2C,-1.5687
NC(N)=[NH+]C(=[NH2+])NC1=CC2=CC=CC=C2C=C1,-2.5497
[O-]C(=O)CC1NC(=O)NC1=O,-1.1517
CC1=CC=C(C=C1O)[N+]([O-])=O,-2.1851
NC(=O)SCC(=O)NC1=CC=CC=C1,-1.3228
CCOC(=O)C(CC([O-])=O)=C(C1=CC=CC=C1)C1=CC=CC=C1,-2.1908
CN1C=NC2=NC(Cl)=NC(NN)=C12,-1.1427
CCOC(=O)C1=C(C)OC(C)=C(C(=O)OCC)C1=O,-1.5255
[O-]C(=O)CCC(N(CCC#N)CCC#N)C([O-])=O,-0.2275
CSCCC(N(CCC#N)CCC#N)C([O-])=O,-1.3279
CCCCCCCCOC(=O)C(C)O,-1.2726
O=C1COC2=CC=CC=C2N1,-2.5716
CCCC(=CC([O-])=O)C([O-])=O,-1.1538
CCOC(=O)N1CCN(CC1)C(=O)OCC,-0.7288
CCC(C)C1=CC=CC(C(C)CC)=C1O,-5.0593
[O-][N+](=O)C1=CC=C2C=CC3=C4C(C=CC1=C24)=CC=C3,-7.3213
CCN(N=CC1=CC=C(O1)[N+]([O-])=O)C(N)=O,-2.9395
[O-]C(=O)CCCCCC1=CC=CC=C1,-2.6026
CCCCC(C)(O)CC,-1.7356
CC1=C(CCC1(C)C)C([O-])=O,-2.8871
CC(C)(C)CC(=O)OCC(=O)C12OC(C)(C)OC1CC1C3CCC4=CC(=O)C=CC4(C)C3(F)C(O)CC21C,-5.1244
CCOC1CC1,-0.6407
CN1C=NC2=C1C(=O)N(CC([O-])=O)C(=O)N2C,-1.3769
CC1NC(=O)C(C)NC1=O,-0.1528
O=C(NC1=CC=CC=C1)C1CCC(=O)N1,-1.3278
OC1=CC=C(SC2=CC=CC=C2)C=C1,-2.7745
CCOCOCOCC,-0.1277
O=C1OCC2=C1C1=CC=CC=C1C=C2,-3.3062
[O-]C(=O)CNC(=O)C1=CC=CO1,-0.7272
NC1=CC=C(C=C1)S(=O)(=O)[N-]C1=NC=C(S1)C([O-])=O,-2.8741
CCC(CC)(CC([O-])=O)C([O-])=O,-0.7962
OC(C(O)C1=CC=CC=C1)C([O-])=O,-0.3063
CC=C(CC1=CC=CC=C1)C([O-])=O,-2.5648
[O-]C(=O)C1=CC=C(NC(=O)C2=CC=CN=C2)C=C1,-3.0832
CCOC(OCC)C(C)=O,-0.2059
O=C1CCCCCNC(=O)CCCCCNC(=O)CCCCCNC(=O)CCCCCN1,-2.8126
CC(C)OC(=O)C(O)(C1=CC=C(Cl)C=C1)C1=CC=C(Cl)C=C1,-5.3544
[O-]C1=C(C2CCCC3=CC=CC=C23)C(=O)OC2=CC=CC=C12,-4.8638
CC(=O)OCCS,-1.5
CC1=C(Cl)C(=O)N(C(=O)N1)C(C)(C)C,-2.4845
NC(=O)NN=CC(O)C(O)C(O)CO,-0.1288
OCC1OC(OC2C(O)C(O)C(O)OC2CO)C(O)C(O)C1O,-0.8167
CC[NH+](CC)CCSCC[NH+](CC)CC,-2.3663
CC(=O)CC(CC([O-])=O)C1=CC=CC=C1,-1.4463
CCN(C1=C(C=C(C=C1[N+]([O-])=O)[N+]([O-])=O)[N+]([O-])=O)[N+]([O-])=O,-3.7007
NC1=CC=C(C=C1)C#CC1=CC=C(N)C=C1,-2.4326
OC1=CC=CC=C1C(=O)C1=CC=CC=C1C([O-])=O,-2.3428
[O-][N+](=O)C(COC(=O)C1=CC=CC=C1C(=O)OCC([N+]([O-])=O)([N+]([O-])=O)[N+]([O-])=O)([N+]([O-])=O)[N+]([O-])=O,-3.5782
CCC(O)C(Cl)(Cl)Cl,-0.9481
CC(C)CC1OCCO1,-0.3695
O=C1CCCCCCCCN1,-1.0737
CNCl,0.2806
[O-]C(=O)C(S)CS,-0.2374
[O-]N=CC1=CC=C(O1)[N+]([O-])=O,-2.1934
O=C(N1CCCCCC1=O)C1=CC=CC=C1,-2.1667
OC1=CC=C(C=C1)N=NC1=CC=C(N=NC2=CC=CC=C2)C2=CC=CC=C12,-6.0092
CC1(C)C2CCC1(C)C([NH3+])(C2)C([O-])=O,-1.5961
CC1=CC=C(C=C1N)S(N)(=O)=O,-1.9169
CCCCCCCCNC(=O)C(C)O,-2.2827
CCCCCCCCCCNC(=O)C(C)O,-3.3605
CC(O)C(=O)OC(C)C(=O)OCC=C,-0.6826
C[NH2+]CC(O)C(O)C(O)C(O)CO,0.4084
COC(=O)C(C)OC(C)=O,-0.2617
[O-]C(=O)CN(CCC#N)CCC#N,0.4578
COC1=CC2=NC=CN=C2C(N)=C1OC,-1.7102
CN(C(N)=O)C1=CC=C(C)C=C1,-0.423
CC(C)CC(C)CO,-1.6007
NC(=O)C1=CC=C(C=C1)S(N)(=O)=O,-2.3015
CC1=CN(CC2=CC=CC=C2)C(=O)NC1=O,-2.2558
CC1=C(N=CN1)S([O-])(=O)=O,0.188
CC1=CC=C2NC(=O)C([O-])=[NH+]C2=C1,-3.0418
CN1C2=CC=CC=C2C(O)(C2=CC=CC=C2)C2=CC=CC=C12,-3.9031
CC1(CCCC=C1C([O-])=O)C([O-])=O,-1.9642
[O-]C(=O)CC(N(CCC#N)CCC#N)C([O-])=O,-1.5337
CN(C)C(=O)C1=CC=CC=C1C(=O)N(C)C,0.5083
COC1=CC(CC=C)=CC=C1OCC([O-])=O,-2.2786
CC=CC(=O)OC1CC2OC3C=C(C)C(=O)CC3(C)C1(C)C21CO1,-2.9196
CCCCCOC(=O)C(C)O,-1.2047
OCC1=CC(Cl)=CC=C1OCC([O-])=O,-2.0347
CNC(=O)OC1=CC(C)=C(N(CC=C)CC=C)C(C)=C1,-3.5932
ClC1=CC=CC(OC2=CC=CC=C2)=C1,-4.2107
CC(=C)C1CC=C(C)C(=O)C1,-2.0608
[O-]C1=CC=C(C=C1C(=O)NC1=CC=C(Cl)C=C1)[N+]([O-])=O,-5.122
[O-]C1=C(C=CC=C1[N+]([O-])=O)C(=O)NC1=CC=C(Cl)C=C1,-4.5452
CN1C=NC2=C1C(=O)N(CCCCC(C)=O)C(=O)N2C,-0.558
CCCCCOC(=O)C1=CC=C(O)C=C1,-3.8135
CCC12CCC3C(CCC4=CC(=O)CCC34)C1CCC2(O)C#C,-5.2567
O=CCC1=CC=C2OCOC2=C1,-1.96
[O-]C(=O)C1CC(=O)C2=CC=CC=C2C1,-2.1031
CCNC1=NC(Cl)=NC(NCC(=O)OCC)=N1,-2.9374
[NH3+]C(CO)C(=O)NC(CO)C([O-])=O,-0.5847
ON=C1CCCC1=NO,-1.9937
CC1CCC(=O)N1C1=CC=CC=C1,-0.8457
COC(=O)C1=C(C=CC=C1[N+]([O-])=O)C([O-])=O,-2.0853
CC(C)OC(=O)C1=CC=CC(=C1C([O-])=O)[N+]([O-])=O,-2.3466
CC(C)OC(=O)C1=C(C=CC=C1[N+]([O-])=O)C([O-])=O,-2.4897
CC(C)(C)OC(=O)C1=CC=CC(=C1C([O-])=O)[N+]([O-])=O,-3.0467
CC(C)CCOC(=O)C1=CC=CC(=C1C([O-])=O)[N+]([O-])=O,-3.0689
CCC(C)OC,-0.7306
OCC(CO)OCC=C,0.481
CN(C(N)=N[N+]([O-])=O)[N+]([O-])=O,-0.6104
CCC(C)OC(=O)C1=CC=CC(=C1C([O-])=O)[N+]([O-])=O,-2.7193
CC1CCCCC1C,-4.3341
[NH3+]C(CO)C([O-])=O,-0.3861
[NH3+]C(CCC([O-])=O)C([O-])=O,-0.9916
ClC1=CC=C(OC2=CC=CC=C2Cl)C=C1,-5.52
CC(=O)NC(NC(C)=O)C1=CC=CC=C1,-1.3144
COC1=C(Cl)C(Cl)=CC(Cl)=C1Cl,-5.1307
NC(=O)NN=CC(O)C(O)C(O)C(O)CO,-0.4257
CCCCOC(=O)C1=CC=CN=C1,-1.8367
OCCCOC(=O)C1=CC=CC=C1,-1.2558
CNC(=O)OC1=CC=CC=C1C1OCCO1,-1.5706
ClC1=CC=C(OC2=CC=CC=C2)C=C1,-4.7925
CC1=CC([O-])=C(C=C1Cl)[N+]([O-])=O,-4.3901
COC1=CC(=CC(Cl)=N1)C(Cl)(Cl)Cl,-4.3635
CCOC1=CC=C(C=C1)N(C(C)=O)C(C)=O,-1.947
[O-]C(=O)C1=CC=CC2=NC=CC=C12,-2.6774
COC(=O)C1=CC(Cl)=CC(N)=C1Cl,-3.2634
CCC(C)(O)C(C)(C)C,-1.2708
CN(C)C(=O)CCC(=O)N(C)C,0.5035
OCN1CC(=O)N(CO)CC1=O,-0.4168
CC(C)[C-]1C(=O)NC(=O)NC1=O,-1.4556
CN(N=O)C(C)=O,-0.7684
ClC12C3C4CC(C=O)C5C4C(Cl)(C13Cl)C(Cl)(Cl)C25Cl,-7.2006
O=S=O,0.2235
CCNC1=C(C=C(C=C1[N+]([O-])=O)[N+]([O-])=O)[N+]([O-])=O,-3.4085
NC1=NC2=C(O)C=CC=C2S1,-1.9196
CC1(CCOC1=O)C([O-])=O,0.8412
[O-]C(=O)C1=CC=C2C(=O)C3=CC=CC=C3C(=O)C2=C1C([O-])=O,-2.8141
NC1=NC(=O)N(C=C1)C1CCC(CO)O1,-0.4416
COC1(C)COC(C)(CO1)OC,-1.246
COC1=CC(C=CC)=CC=C1OCC([O-])=O,-1.5826
O=C1CCCCCCCCCCCCN1,-2.626
OCC1=CC(Cl)=C(Cl)C(Cl)=C1,-3.0948
OC1=CC=CC2=CN=CN=C12,-2.0361
CCCCSS(=O)CCCC,-2.2886
[NH3+]CC(O)C1=CC=CC=C1,-0.4764
CC(Cl)C(C)Cl,-2.3541
ON(C(=O)C1=CC=CO1)C1=CC=CC=C1,-3.194
[F-],1.6988
[O-]S([O-])(=O)=O,1.0084
CCCOC(=O)C1=CC=CN=C1,-1.2403
CN1C(COC(N)=O)=NC=C1[N+]([O-])=O,-1.8433
CCCCC(NC(C)=O)C([O-])=O,-0.6823
[O-]C(=O)C1=C(Cl)C=CC2=CC=CC=C12,-2.3152
CCCOCCN(C(=O)CCl)C1=C(CC)C=CC=C1CC,-3.795
N#N,-0.1901
O=O,0.0691
ClCl,-1.0513
CCC(Cl)(Cl)Cl,-1.8898
CCC(CC)C1=CC=CC(OC(=O)NC)=C1,-3.947
CCCCCCCCOCCO,-2.125
CC(C)C(O)C#N,0.3048
CCC(CC)COC(C)=O,-1.3528
ClCC=CCl,-1.598
CC1CC1(C([O-])=O)C([O-])=O,0.8412
[O-]C(=O)CC(C([O-])=O)(C1=CC=CC=C1)C1=CC=CC=C1,-2.4318
COC1=CC=C(Cl)C=C1C(=O)NCCC1=CC=C(C=C1)S(=O)(=O)[N-]C(=O)NC1CCCCC1,-5.0917
CC(C)C[NH+]1CCOCC1,-0.7089
[O-]C(=O)C1=CC2=CC=CN=C2C=C1,-0.0456
O=C(NC1CCCCC1)C1=CC=CN=C1,-2.319
CC1(C)C2CCC1(C)C(=O)C2O,-0.9249
CCCCCCCCOCC(O)CO,-1.9208
CCOC(=O)CCCOC1=CC=C(Cl)C=C1C,-4.4095
CC1=C(Cl)C([O-])=C(Cl)C(Cl)=C1Cl,-4.6021
CC(C)OC(=O)C1=CC(=CC(=C1)C(=O)OC(C)C)[N+]([O-])=O,-5.0389
COC(=O)C1(O)OCC23C4C(OCC4(C(CC2OC(=O)C(C)=CC)OC(C)=O)C(=O)OC)C(O)C(C)(C13)C12OC1(C)C1CC2OC2OC=CC12O,-3.4428
CC1=CCC=C1,-3.8762
CNC(=O)OC1=CC(C)=CC(C)=C1C,-1.9851
COC1=CC=C(C=C1)C(O)(C1CC1)C1=CN=CN=C1,-2.5959
CC(C)OCC(O)COC(C)C,0.0549
CC(=O)C1=CC=C(O)C(=C1)C([O-])=O,-2.2304
ClCC(Cl)(Cl)CCl,-2.5785
COC1C(O)C(COC2C(O)CC(O)OC2C)OC(OC2CCC3(C)C4CCC5(C)C(CCC5(O)C4CCC3(O)C2)C2=CC(=O)OC2)C1O,-1.94
CN(C)C(=O)C1=CC=C(C=C1)C(=O)N(C)C,0.2656
O=C(NC1=CC=CC=N1)C1=CC=CN=C1,-2.9771
O=C1NC2=CN=CN=C2[N-]1,-1.5141
CN(CC([O-])=O)N=O,0.9278
NC(N)=[NH+]C(=[NH2+])NC1=CC=CC2=CC=CC=C12,-2.3151
NC1=C(C=C(NC2=CC=C(C(NC3=NC(Cl)=NC(Cl)=N3)=C2)S([O-])(=O)=O)C2=C1C(=O)C1=CC=CC=C1C2=O)S([O-])(=O)=O,0.1956
CCCC[NH2+]CC,-0.4405
CN1C(=O)N(C)C2=NC=CN=C2C1=O,-1.4598
CC1(C)CC2=CC=CC(=C2O1)[N+]([O-])=O,-3.2068
CC(=O)NC(CSC1=CC=C(Cl)C(Cl)=C1)C([O-])=O,-2.8868
NC(=[NH2+])NCCCCCCCC[NH2+]CCCCCCCCNC(N)=[NH2+],0.3322
CCNC1=NC(OC)=NC(=N1)N(CC)CC,-2.9987
CCCCOC(=O)C(C)OC(=O)C(C)O,-1.3752
NC(=O)NCNC(N)=O,-0.6525
CCC(O)C[NH3+],1.0499
ClC1=C(Cl)C2(Cl)C3CCC4C(CCC3C1(Cl)C2(Cl)Cl)C1(Cl)C(Cl)=C(Cl)C4(Cl)C1(Cl)Cl,-13.1719
[O-]C(=O)C1=CC=[N+]([O-])C=C1,-1.102
CCCC1CCC[NH2+]C1,-1.011
CC(=O)OC1(CCC2C3C=C(Cl)C4=CC(=O)C=CC4(C)C3CCC12C)C(C)=O,-4.9453
OCC(NC(=O)C[N-][N+]#N)C(O)C1=CC=C(C=C1)[N+]([O-])=O,-1.1692
CCC(C)[NH3+],0.1851
CN1C2=CC=CC=C2SC2=CC=C(CC([O-])=O)C=C12,-3.9422
CC=CCC1(CC=CC)C(=O)NC(=O)NC1=O,-2.1973
CC1=C(C=C(O1)C(O)C(O)C(O)CO)C([O-])=O,-1.2774
CN(C)C1=NC=NC2=NC=CN=C12,-1.0216
CCOCCC(=O)OC,-0.0719
CCCCOC(=O)CCOCC,-1.6391
CCCCCOC(=O)CCOCC,-2.1956
CCCCCCOC(=O)CCOCC,-2.8289
CCCOCCC(=O)OC,-0.6334
CCCOCCC(=O)OCCC,-1.6848
CCCCOCCC(=O)OCCCC,-2.4029
C1COC2=CC=CC=C2OCCOCCOC2=CC=CC=C2OCCO1,-4.6935
COC1=CC=C(OC2=CC=C(NC(=O)N(C)C)C=C2)C=C1,-4.1558
FC(F)(F)C1=NC2=CC(Cl)=C(Cl)C=C2N1C(=O)OC1=CC=CC=C1,-4.4603
CC(C)C([NH3+])C(=O)NCC([O-])=O,0.4579
CN(C)C(=O)C1=CC(=CC=C1)C(=O)N(C)C,0.487
CCOC(=O)COC1=CC=C(Cl)C=C1,-2.4206
COC(=O)C(Cl)CC1=CC=C(Cl)C=C1,-3.7655
CC1=CC=CC=C1OC1=CC=CN=N1,-1.969
CN1C(=O)NN(C1=O)C1=CC=CC=C1,-2.9804
NC(=O)C1=CC=CC=C1OCC=C,-2.2273
CC(C)C1NC(=O)CNC1=O,-0.8926
CCCC(C)C(O)CC,-1.9636
CC1(C)CCC2(CCC(C)(C)O2)O1,-1.9644
[O-]C1=CC=CC=C1S(=O)(=O)C1=CC=CC=C1[O-],-3.3192
[O-]C(=O)C(CC1=CC=CC=C1)[NH2+]CCC#N,-1.4939
ClC(Cl)C(Cl)C(Cl)Cl,-2.7223
[NH3+]C(CC1=CC(Cl)=C([O-])C(Cl)=C1)C([O-])=O,-1.7546
OC(CC([O-])=O)(CC([O-])=O)C(=O)NC1=CC=CC=C1,-0.4874
CC(OC1=CC=C(Cl)C=C1Cl)C([O-])=O,-2.6003
CNC(=O)ON=C1C(Cl)C2CC(C#N)C1C2,-2.0822
CCN(CC)C(=O)C(C)OC1=CC=CC2=CC=CC=C12,-3.5702
OCC1=C2OCOC2=CC=C1[N+]([O-])=O,-3.0643
[O-][N+](=O)C1=CC=C(OC2=CC=C(C=C2[N+]([O-])=O)C(F)(F)F)C=C1,-5.2151
CN=SC=NCO,-0.0798
CC(OC(C)=O)C#N,0.2475
[O-]C1=[NH+]C2=CC=CC=C2NC1=O,-2.812
CCCCC(C)(C)CCC,-4.8108
[O-]C(=O)CSSSSCC([O-])=O,-1.452
CCCCOCCOC(N)=O,-0.5084
OCC1=C(Cl)C(Cl)=C(Cl)C(Cl)=C1Cl,-5.1467
[O-]C(=O)CC(Cl)C([O-])=O,0.0767
CCNC(=O)C(C)OC(=O)NC1=CC=CC=C1,-1.8293
[O-]C1=CC2=CC=CC=C2C=C1C1=[NH+]CCN1,-3.3015
CC(=O)OC1=CC=CC=C1C=CC([O-])=O,-3.1559
CCOC(=O)C1=CC=C(O)C(Cl)=C1,-3.2232
CC(C)CC([NH3+])C(=O)NC(CCC([O-])=O)C([O-])=O,-0.8969
CCCC(=O)N(C)N=O,-1.5347
CC(OC1=CC=C(Cl)C=C1C)C([O-])=O,-2.3972
NC(=O)C(Cl)=C,-0.2104
C=COC1CC1,-1.1001
CC1(CC[NH+]2CCCCC2)NC(=O)NC1=O,-0.8213
CC(=O)OC1C(OC2OC(C)(C)OC12)C1COC(C)(C)O1,-1.5229
NNC(=O)C1=NC=CS1,-0.6787
CNC(=O)ON=C(C)SC,-0.4466
COC1=CC(Cl)=C(Cl)C(Cl)=C1OC,-4.3701
COC1=CC(Cl)=CC=C1O,-1.5013
NC1=CC=C(C=C1)S(=O)(=O)[N-]C1=NN=CS1,-2.8684
CCOC(=O)CC1(C)CCC(=O)O1,-0.7472
CCC(C(C([O-])=O)C1=CC=CC=C1)C([O-])=O,-2.3256
ON(C(=O)C1=CC=C(Cl)C=C1Cl)C1=CC=CC=C1,-3.6723
CSC1=NC2=NC=CN=C2C=N1,-1.7561
NS(=O)(=O)C1=CC=C(C=C1)S(N)(=O)=O,-2.5283
CCCCC1(CCCC)C(=O)NC(=O)NC1=O,-2.8756
OC1=CC=CC2=CC=NN=C12,-2.4089
CC1=CN=NC2=C(O)C=CC=C12,-2.6783
OC1=CC=CC2=NC=CN=C12,-1.3468
OC1=CN=CC2=CC=CN=C12,-1.6576
NC(=O)NCC(=O)NCC(=O)NCC([O-])=O,-1.3505
CC[NH2+]C(CC)C([O-])=O,-0.4189
OC(C([O-])=O)C1=CC=CC=C1,0.1592
NC(=O)NCC(=O)NCC([O-])=O,-0.8996
CC(C)OC(C)(C)C,-2.3662
[NH3+]C(CC1=CC(=C([O-])C(=C1)[N+]([O-])=O)[N+]([O-])=O)C([O-])=O,-1.5125
CC(C)=NNC(=O)NC1=CC=C(C=C1)[N+]([O-])=O,-3.5952
COC1=C(C=C(C=C1C([O-])=O)C([O-])=O)C([O-])=O,-1.5354
CCC1OC(=O)C2=CC=CC=C12,-1.747
CC1NC2=CC(Cl)=C(C=C2C(=O)N1C1=CC=CC=C1C)S(N)(=O)=O,-3.783
CC1=NN=C(N)N=C1C,-1.0939
C[NH+](C)C(CSS(=O)(=O)C1=CC=CC=C1)CSS(=O)(=O)C1=CC=CC=C1,-5.76
CCC(CC#N)C#N,-0.6916
CC1OC(CCC1OC1OC(C)C(C(O)C1O)[NH+](C)C)N1C=CC(NC(=O)C2=CC=C(NC(=O)C(C)([NH3+])CO)C=C2)=NC1=O,-2.4904
OCCOC(=O)C1=CC=CC=C1C([O-])=O,-1.4825
NC1=CC(=C([O-])C(=C1)[N+]([O-])=O)[N+]([O-])=O,-2.3853
[O-]C(=O)CC1=C(N=C(S1)C1=CC=CC=C1)C1=CC=C(Cl)C=C1,-4.9644
C=CCCCN=C=S,-2.9004
[O-]C1=CC(=CC=C1[N+]([O-])=O)C1=CC=CC=C1,-3.8557
COC1=C(C)C(C=O)=CC=C1O,-1.3755
CC(C)OC(=O)C1=CC=C(N)C=C1,-2.6099
NN=C(N)N[N+]([O-])=O,-1.6458
CC1CCCC(=NO)C1=NO,-1.5916
CC1CCC(=NO)C(C1)=NO,-1.6622
CC(C)C1CCC(=NO)C(C1)=NO,-2.3903
CC(NC(N)=O)C([O-])=O,-0.9656
CC1=CC=CC2=C1C(C)=CC1=C2C=C2C=CC=CC2=C1,-7.9743
ON=C1CCCCCCCCC1=NO,-2.5813
COC(=O)C1=COC(OC2OC(CO)C(O)C(O)C2O)C2C(C)C(O)CC12,-0.5911
CCSS(=O)CC,-0.0993
CC(C)(C)[NH2+]CC(O)C1=CC=C(O)C(CO)=C1,-1.2298
COC1CCCC(C)O1,-0.5921
CC1(C)OC2(C)CCC1CC2=O,-0.9249
CNC(=O)N(C)C1=NC2=CC=CC=C2S1,-3.5741
CCCCC(O)C(C)C,-1.8122
CCC(C)CC(O)CC,-1.8602
CCC(O)CCC(C)C,-1.9272
CC(C)CC(=O)OC1=CC=C(C=C1)[N+]([O-])=O,-4.3945
CC(=O)NC1=CC=C(C=C1)S(=O)(=O)NC1=CC=CC=N1,-3.7162
CCC1=NC2=NC(N)=NC(N)=C2N=C1CC,-3.2671
CNC1=NC2=NC=CN=C2C=N1,-1.7124
COC1=CC2=CC=CN=C2C(NC(=O)C2=CC=CN=C2)=C1,-4.4461
NC(=O)OCC(O)C(O)C([NH3+])C(=O)NC(C1OC(C(O)C1O)N1C=C(CO)C(=O)NC1=O)C([O-])=O,0.2946
COC1=CC(C=O)=CC(Cl)=C1[O-],-2.8747
CCC(C)C(O)C(C)CC,-2.5108
OC1=C(Cl)C=C(Cl)C=C1CC1=CC=CC=C1,-4.6399
ClC1=CC=C2COC(=O)C2=C1,-2.4817
CCOC1=CC=C(C([O-])=O)C2=CC=CC=C12,-4.1122
CCC(C)(O)C(O)C1=CC=CC=C1,-1.7244
CC(C)CC(NC(C)=O)C([O-])=O,-1.3301
COCC([NH3+])C([O-])=O,0.6524
OC1=C(C#N)C(=O)[N-]C(Cl)=C1,-1.2319
CC(CO)C(=O)OC1CC(C)=CCCC(CO)=CC2OC(=O)C(=C)C12,-2.2436
CC[NH2+]C(C)C,1.0597
ClC1=C(Cl)C2=CC=CC=C2C(Cl)=C1Cl,-7.7954
CCCCCCCCCCCCOC(=O)C1=CC=C(N)C=C1,-7.8
CCCCCN(N=CC1=CC=C(O1)[N+]([O-])=O)C(N)=O,-2.8971
ClC(Cl)(Cl)CC(=C)C1=CC=CC=C1,-4.2822
COC1=CC=C2N(C(=O)C=CC3=CC=CC=C3)C(C)=C(CC([O-])=O)C2=C1,-5.5433
CC(O)C(C)(C)C,-0.6238
CCCCCC(O)CC,-2.0171
COCC(C)OCC(C)OCC(C)O,0.6855
CCCOC1=CC=C(NC(C)=O)C=C1,-3.0557
CC1(C)C2CCC1(C)C(=O)C2CO,-0.215
CN(C(N)=O)C1=CC=CC=C1C,-0.4032
CCCCCCO[N+]([O-])=O,-3.1265
CCN(C(N)=O)C1=CC=CC=C1C,-0.2096
[O-]C(=O)CC1=CNC(=O)NC1=O,-1.6287
CCCC(O)(CCC)C(O)C1=CC=CC=C1,-2.648
CCCCC(O)(CCCC)C(O)C1=CC=CC=C1,-3.2225
CC1=CC(C)=C(C)C(C)=[NH+]1,-1.3069
CC1OC(CC(O)C1O)OC1C(O)CC(OC2C(O)CC(OC3CCC4(C)C(CCC5C4CC(O)C4(C)C(CCC54O)C4=CC(=O)OC4)C3)OC2C)OC1C,-4.0811
ClC1=CC=C(NC(NC=O)C(Cl)(Cl)Cl)C=C1Cl,-3.3228
S=C1NSC(=S)N1,-1.7618
CC1CC(C)(C)C2=CC(C(C)=O)=C(C)C=C2C1(C)C,-5.3154
[O-]C(=O)C1=CC=CC(C([O-])=O)=C1[N+]([O-])=O,-1.9901
CC(C#C)N(C(=O)CCl)C1=CC=CC=C1,-2.6468
CC(Cl)C(C)(C)O,-0.2926
[O-]C1=CC(C2=CC=CC=C2)=C(C=C1[N+]([O-])=O)[N+]([O-])=O,-4.4611
N#CSCSC1=NC2=CC=CC=C2S1,-3.2803
CCCC(O)CC(C)C,-1.9079
CN1C(=O)COC2=CC=CC=C12,-2.1445
CC(=O)OC(C1=CC=C(Cl)C(Cl)=C1)C(Cl)(Cl)Cl,-3.8279
CCC(O)C[NH2+]CC(O)CC,0.7925
CCCC(C)O[N+]([O-])=O,-2.4809
C[NH+](C)C(CSC(N)=O)CSC(N)=O,-0.1364
CC1=C(N=NS1)C([O-])=O,-0.4598
CC(O)C(O)C1=CN=C2NC(N)=NC(=O)C2=N1,-2.5301
CCOC(=O)C(C)N(C(=O)C1=CC=CC=C1)C1=CC=C(Cl)C(Cl)=C1,-4.2627
CCOC1=CC=C(NC(=O)CO)C=C1,-2.1058
[O-]C(=O)C(C1=CC=CC=C1C([O-])=O)C1=CC=CC=C1C([O-])=O,-2.4998
CS(=O)(=O)N(SC(Cl)(Cl)C(F)(Cl)Cl)C1=CC=CC=C1,-5.1485
[O-]C(=O)CC(=O)C1=CC=CC=C1[N+]([O-])=O,-1.8434
CNC(=O)OC1=CC=CC2=C1OC(C)(C)O2,-2.9338
COC1=CC=C(CC2[NH2+]CC(O)C2OC(C)=O)C=C1,-1.6075
[O-]C(=O)C(F)(F)C(F)F,-0.8829
CCNC1=NC(NC(C)C(C)C)=NC(SC)=N1,-3.7082
CC(C)NC1=NC(Cl)=NC(NC2CC2)=N1,-3.5185
CC(C)=CC1C(C(=O)OC2CC(=O)C(CC#C)=C2C)C1(C)C,-4.5746
CCN1C=NC2=C1C(=O)N(C)C(=O)N2C,-0.7544
CN(C)C(=O)OC1=NC(=NC(C)=C1C)N(C)C,-1.9457
CNC(=O)ON=C(SC)C(=O)N(C)C,0.1062
CN1C2=C(N(CCCO)C=N2)C(=O)N(C)C1=O,-0.1551
CNC(=O)OC1=CC=CC(=C1)[NH+]=CN(C)C,0.5037
COC(=O)NC(=S)NC1=CC=CC=C1NC(=S)NC(=O)OC,-4.1097
CC(C)(CCC(C)(C)CC([O-])=O)CC([O-])=O,-3.1319
CCCCCCOC(=O)C1=CC=CN=C1,-2.6538
CN(C)C1=NC2=NC=NC=C2N1,-1.3885
CC1=NC2=NC(C)=C(C)N=C2C=N1,-1.1442
NC(=O)NN=CC(O)C(O)C(O)C(O)CO,-1.0041
[O-]C(=O)C1=CNC(=O)NC1=O,-1.9381
CC(C)(NC(=O)C1=CC(Cl)=CC(Cl)=C1)C#C,-4.2324
CC1(C)OC(=O)C2=CC3=CC=CC=C3C=C12,-2.9844
CC(C)COCN(C(=O)CCl)C1=C(C)C=CC=C1C,-3.6822
CC1=C(C=CO1)C(=O)NC1=CC=CC=C1,-3.3037
CCCCC(CCC([O-])=O)CC([O-])=O,-1.3974
CCCCCC1C(CC(=O)OC)CCC1=O,-2.9076
O=C1N=C[N-]C2=NC(C3=CC=CC=C3)=C(N=C12)C1=CC=CC=C1,-3.1766
ClC1=CC=C(Cl)C(OC2=CC=CC=C2)=C1,-4.9703
ClC1=CC=C(OC2=CC(Cl)=CC(Cl)=C2)C=C1,-5.5201
CCOC(=O)CN1C(=O)SC2=CC=CC(Cl)=C12,-3.762
[O-]C(=O)COC1=CC=C(C=C1[N+]([O-])=O)[N+]([O-])=O,-1.9369
CCCCC(CC)COC(=O)COC1=CC=C(Cl)C=C1Cl,-7.0122
CCCC=CC,-3.2262
CCC(O)OC(O)CC,0.8723
NS(=O)(=O)C1=CC=C(NC2OC(CO)C(O)C(O)C2O)C=C1,-0.9801
CCSC(=O)COC1=CC=C(Cl)C=C1C,-5.027
CC(=O)C(=NO)C1=CC=CC=C1,-2.3676
CNC(=O)N(C)C1=NN=C(S1)C(F)(F)F,-2.0584
OC1=CC(C=CC([O-])=O)=CC=C1,-2.099
COCC(C)OCC(C)OC(C)CO,0.6855
CSC1=CC(=O)C2=CC=CC=C2C1=O,-4.4651
CCCN(CC1CC1)C1=C(C=C(C=C1[N+]([O-])=O)C(F)(F)F)[N+]([O-])=O,-6.5407
CNC(=O)ON=CC1(C)SCC(C)S1,-2.3698
CCCCCCCCN1SC=CC1=O,-2.6301
ClC1=CC=CC=C1C1=C(Cl)C(Cl)=C(Cl)C(Cl)=C1Cl,-8.0133
CC(=O)C(CC([O-])=O)=CC1=CC=CC=C1,-1.6111
CCCC(=O)OCCOCCOCCOC(=O)CCC,-1.5598
O=C(NC(=O)C1=CC=CN=C1)NC1=CC=CC=C1,-3.3825
ClC1CC(Cl)(Cl)C(Cl)C(Cl)C1Cl,-4.9408
CCCCCCCCCCC(O)CCC,-5.837
CNC1=C(Cl)C(=O)N(N=C1)C1=CC=CC(=C1)C(F)(F)F,-3.9548
ClC1=C2COC(=O)C2=C(Cl)C(Cl)=C1Cl,-5.0365
CCOC(=O)CC1=NNC2=CC=C(Cl)C=C12,-3.0256
ClC(Cl)C(=O)NC1=C(Cl)C(=O)C2=CC=CC=C2C1=O,-5.0261
CC(C)CCCCCOC(=O)C1=CC=CC=C1C(=O)OCCCCCC(C)C,-6.6375
C=CCOC1=NS(=O)(=O)C2=CC=CC=C12,-3.1727
CCOC(C)C(=O)C(O)O,-0.1707
S=C1NC=C2NC=NC2=N1,-2.5803
[O-]C1=CC=C(C(C2=CC=CC=C2)=C1[N+]([O-])=O)[N+]([O-])=O,-3.7164
CN(C)C(=S)NC1=CC=C(Cl)C=C1C,-3.6604
ClC1=CC=CC(Cl)=C1OC1=CC=CC=C1,-5.0605
CC(C)=CC1C(C(=O)OCC2=COC(CC3=CC=CC=C3)=C2)C1(C)C,-6.0524
[O-]C(=O)C1CCC(SS1)C([O-])=O,-1.1709
CN1C=C(C(=O)[N-]C1=O)[N+]([O-])=O,-1.9977
CCN(CC)C1=C(C=C(C(N)=C1[N+]([O-])=O)C(F)(F)F)[N+]([O-])=O,-5.4668
CCN(OC(=O)C1=CC=CC=C1)C(=O)C1=C(OC)C=CC(Cl)=C1OC,-4.0837
CC(C)[NH2+]CC(O)COC1=CC=C(CC(N)=O)C=C1,-1.3016
CCC(CC)(C(N)=O)C(N)=O,-1.1992
CCCCCCCCCCCCC(O)CCC,-6.7708
ON(C(=O)C1=CC=CC2=CC=CC=C12)C1=CC=CC=C1,-3.9433
ON(C(=O)C1=CC=CC=C1)C1=CC=CC2=CC=CC=C12,-3.3065
ON(C(=O)C1=CC(=CC(=C1)[N+]([O-])=O)[N+]([O-])=O)C1=CC=CC=C1,-3.6367
NC(=S)SCC([O-])=O,-0.7482
[O-]C(=O)CNC(=S)SCC([O-])=O,-1.3011
O=C(NCCC1=CN=CN1)C1=CC=CC=C1,-0.634
CCSCC1=CC=CC=C1OC(=O)NC,-2.0927
C1OC1C1CO1,1.065
CCS(=O)(=O)C1=NN=C(S1)N(C)C(=O)NC,-1.945
CC(OC1=CC(Cl)=C(Cl)C=C1Cl)C([O-])=O,-3.1295
CCC1CCC(O)O1,-0.0651
C1OC1C1CO1,1.065
CC1CCC2(CCC(C)O2)O1,-0.4487
CC1=CN(C2CC([N-][N+]#N)C(CO)O2)C(=O)NC1=O,-1.1221
OCCOCCOC(=O)C1=CC=CC=C1NC1=CC=CC(=C1)C(F)(F)F,-5.3633
COC1=NC=NC2=NC=CN=C12,-1.113
C1C2=CC=CC=C2C2=C1C1=CC=CC=C1C=C2,-6.678
CN(CCO)C1=NC2=C(N1C)C(=O)N(C)C(=O)N2C,-0.6488
CC(C)CNC(=O)N1CCNC1=O,-2.1538
CC1=CSC(=S)N1CC([O-])=O,-1.9632
CCCCC(C)C(C)O,-2.0578
CC1=CC2=C3C(C=CC4=C5C=CC=CC5=CC1=C34)=CC=C2,-8.5224
CC(C)(O)CCCC1=CCC(CC1)C=O,-1.5376
ClC1=CC(Cl)=C(Cl)C2=C(Cl)C(Cl)=C(Cl)C(Cl)=C12,-8.775
NC1=NC(N)=C(O)C(=O)N1,-1.6978
[O-]C(=O)C1=C(Cl)C(Cl)=C(Cl)O1,-2.2193
CCCCCCC(CC=CCCCCCCCC([O-])=O)OS([O-])(=O)=O,-0.5781
COC1=CC=C2NC(=O)C=C(C([O-])=O)C2=C1,-3.1104
OC(C=O)C1OC(=O)C(O)C1O,0.1641
NC(=O)C([NH3+])C(O)C([O-])=O,-1.1494
CCC1=CNC(=O)N=C1N,-1.0197
ClC1=CC=C(C=C1Cl)C1=CC=C(Cl)C(Cl)=C1Cl,-7.9823
[O-]C(=O)C1CCC(SS1)C([O-])=O,-1.5241
ClC1=CC(=CC(Cl)=C1Cl)C1=CC(Cl)=C(Cl)C(Cl)=C1,-8.8498
CC12CC1(C)C(=O)N(C2=O)C1=CC(Cl)=CC(Cl)=C1,-4.8003
CN(C=[NH+]C1=CC=C(C)C=C1C)C=[NH+]C1=CC=C(C)C=C1C,-5.4675
ClC1=CC(Cl)=C(C(Cl)=C1Cl)C1=C(Cl)C=C(Cl)C(Cl)=C1Cl,-9.1
CCC1=CC=CC=C1NC(C)=O,-1.5906
ClC1=C(Cl)C2(Cl)C3COS(=O)OCC3C1(Cl)C2(Cl)Cl,-5.9563
CCCN(CCCl)C1=C(C=C(C=C1[N+]([O-])=O)C(F)(F)F)[N+]([O-])=O,-5.5968
ClC1=CC(=CC(Cl)=C1)C1=CC(Cl)=CC(Cl)=C1,-8.3748
ClC1=CC(Cl)=C(Cl)C(=C1Cl)C1=CC=CC=C1,-7.25
CCC(C)NC1=C(C=C(C=C1[N+]([O-])=O)C(C)(C)C)[N+]([O-])=O,-5.4703
CC(=O)C1=CC(O)=C(O)C(O)=C1,-1.4711
CCCN(CCC)C1=C(C=C(C=C1[N+]([O-])=O)C(C)C)[N+]([O-])=O,-6.4491
COC(=O)CS(=O)(=O)C1=CC=CC=C1,-1.1406
CCSC(=S)NC(C)C([O-])=O,-0.9613
COC1=CC=C(C=C1)C(C(C)[N+]([O-])=O)C1=CC=C(OC)C=C1,-4.5446
CN(C)C(=O)NC1=CC=C(N2N=C(OC2=O)C(C)(C)C)C(Cl)=C1,-4.3258
COC(C)COC(C)CO,0.8292
CCN(CC)C(=O)SCC1=CC=CC=C1Cl,-4.031
CNC(=O)ON=C(C)C(C)SC,-0.7353
CNC(=O)ON=C(C)C(C)S(C)(=O)=O,-0.0267
[O-]C(=O)CSC(SCC([O-])=O)SCC([O-])=O,-1.4243
ClC1=CC(Cl)=C(C=C1Cl)C1=CC(Cl)=C(Cl)C(Cl)=C1Cl,-8.0115
ClC1=CC=C(C(Cl)=C1Cl)C1=CC(Cl)=C(Cl)C(Cl)=C1Cl,-8.0566
CC(NC1=CC=CC=C1Cl)C([O-])=O,-2.3271
CC(C)N(CC1=CC=CC=C1)C(=O)C(C)(C)C,-2.4704
[O-]C(=O)CCCNC(=O)C1=CC=CC=C1,-1.2025
CC1=CC(O)=C(C=C1Cl)C([O-])=O,-3.1248
ClC1=CC=C(C(CN2C=CN=C2)OCC=C)C(Cl)=C1,-3.2178
CN1C(C(=O)NC2=CC=CC=N2)=C([O-])C2=CC=CC=C2S1(=O)=O,-4.1586
[O-]C(=O)CCC(=O)C1=CC=C(C=C1)C1=CC=CC=C1,-5.0609
ClC1=CC=C(C(Cl)=C1)C1=CC=CC(Cl)=C1Cl,-6.6813
CCC#CC(C)C,-2.7448
CCCCCCC(CC=CCCCCCCCC([O-])=O)OS([O-])(=O)=O,-0.5781
CCCCCCCCCCCCCCCCO,-6.7697
CC(C)NC(=O)N1CC(=O)N(C1=O)C1=CC(Cl)=CC(Cl)=C1,-4.3757
CCC(C)N(C(C)CC)C(=O)SCC1=CC=CC=C1,-5.0484
NC(=O)C1=CC(Cl)=CC(Cl)=C1N,-2.0814
NC(=O)C1=NN(C=N1)C1OC(CO)C(O)C1O,-0.2355
CC(CCC1=CC=CC=C1)[NH2+]CC(O)C1=CC=C(O)C(=C1)C(N)=O,-3.4482
CCCCCCCCCOC(=O)C1=CC=C(N)C=C1,-6.0
OCC1CC([NH2+]C2C=C(CO)C(O)C(O)C2O)C(O)C(O)C1OC1OC(CO)C(O)C(O)C1O,0.3032
COCCC1=CC=C(OCC(O)C[NH2+]C(C)C)C=C1,-1.1992
[NH3+]CCC(O)C(=O)NC1CC([NH3+])C(OC2OC(C[NH3+])C(O)C(O)C2O)C(O)C1OC1OC(CO)C(O)C([NH3+])C1O,-0.5004
NC(=O)NC(CC1=CC=CC=C1)C([O-])=O,-2.0958
O=C1N=CNC2=CC=CN=C12,-2.0656
ClC1=CC(=CC(Cl)=C1)C1=CC=CC=C1Cl,-6.2999
ClC(Cl)C(=O)N(CC=C)CC=C,-1.6193
CC(CCl)[N+]([O-])=O,-1.1887
ClC1=CC2=C(OC3=C(Cl)C(Cl)=C(Cl)C(Cl)=C3O2)C(Cl)=C1Cl,-11.4795
CC1=CC(=CC=C1[N-]S(=O)(=O)C(F)(F)F)S(=O)(=O)C1=CC=CC=C1,-3.8009
CCOC(=O)C1=CNC(=S)NC1=O,-2.0985
CC(C)CC([NH3+])C(=O)NC(CCC(N)=O)C([O-])=O,-1.5687
CC(O)(CO)C(O)C12NC(=O)C(O)(NC1=O)C(=C)CCO2,-0.1971
NC1=CC(=NC(=[NH2+])N1O)N1CCCCC1,-1.9782
CC(C)(C)[NH2+]CC(O)COC1=CC=CC=C1C1CCCC1,-1.6195
ClC1=CC(Cl)=C(C=C1Cl)C1=C(Cl)C=CC(Cl)=C1Cl,-7.93
ClC1=CC=C(C(Cl)=C1Cl)C1=C(Cl)C=CC(Cl)=C1Cl,-7.65
ClC1=CC=C(C=C1Cl)C1=CC(Cl)=C(Cl)C(Cl)=C1Cl,-7.8306
ClC1=CC=C(Cl)C(=C1Cl)C1=CC(Cl)=C(Cl)C(Cl)=C1Cl,-8.5901
ClC1=CC=CC(=C1)C1=C(Cl)C=CC=C1Cl,-6.8245
CC1=NC2=C([O-])C=CC(=C2C=C1)[N+]([O-])=O,-3.9598
CC(S(C)(=O)=O)S(C)(=O)=O,-1.4188
CC(C)(NC(N)=O)C([O-])=O,-1.1648
CCOC1=CC=CC=C1C=CC([O-])=O,-2.5234
CCOC(=O)CN(C(=O)CCl)C1=C(CC)C=CC=C1CC,-3.4727
CC(C)SS(=O)C(C)C,-0.823
CC(C)(O)CC(C)(O)C1=CC=CC2=CC=CC=C12,-3.2419
ClC1=CC=C2OC3=CC=C(Cl)C=C3OC2=C1,-7.1806
ClC1=C(Cl)C(Cl)=C(Cl)C2=C1OC1=C2C(Cl)=C(Cl)C(Cl)=C1Cl,-11.5827
CNC(=O)ON=C(CSC)C(C)(C)C,-1.6231
CC=CC(=O)OC1=C(C=C(C=C1C(C)(C)CC(C)(C)C)[N+]([O-])=O)[N+]([O-])=O,-4.9595
ClC1=CC=C(C(Cl)=C1)C1=C(Cl)C=C(Cl)C=C1Cl,-7.66
CC(C)=CC1C(C(=O)OC(C#N)C2=CC=CC(OC3=CC=CC=C3)=C2)C1(C)C,-7.5746
CC1(C)C(C(=O)OC(C#N)C2=CC=CC(OC3=CC=CC=C3)=C2)C1(C)C,-6.0248
CCC(CCC([O-])=O)C(C)=O,-0.451
CNC(=O)N(C)C(=O)CC#N,0.1709
ClC1=CC(=CC(Cl)=C1Cl)C1=CC(Cl)=C(Cl)C(Cl)=C1Cl,-8.7202
CC(=O)NCC(=O)NC1=CC=CC=C1,-1.5678
CC(C)(C)C1=NN(C(=O)O1)C1=CC(OCC#C)=C(Cl)C=C1Cl,-5.9648
CCN1C(=O)N(C)C2=C(N(C)C=N2)C1=O,-0.719
CCOC(=O)C(NC=O)=CC=CC1=CC=CC=C1,-3.3483
ClC1=CC(Cl)=C(Cl)C(=C1)C1=C(Cl)C=C(Cl)C(Cl)=C1Cl,-8.68
ClC1=CC(Cl)=C(C(Cl)=C1Cl)C1=C(Cl)C(Cl)=CC(Cl)=C1Cl,-9.1999
CCC(CC)NC1=C(C=C(C)C(C)=C1[N+]([O-])=O)[N+]([O-])=O,-5.9721
COC(C)(C)CCCC(C)CC=CC(C)=CC(=O)OC(C)C,-5.3459
CN(C)C1=NC2=NC=CN=C2C=N1,0.3586
FC1=CC=C(C=C1)N1C(=O)C(Cl)=C(Cl)C1=O,-4.6442
COC1=CC=C(C=C1C)C(=O)C1=CC=CC(C)=C1,-5.0797
NC(=O)NN=CC(O)C(O)C(O)C(O)CO,-0.53
CC1=NN=C(C(=O)N1N)C1=CC=CC=C1,-2.0506
ClC1=CC=C(C=C1Cl)C1=C(Cl)C=CC=C1Cl,-7.0199
ClC1=CC=C(Cl)C(=C1Cl)C1=CC=CC=C1Cl,-6.3001
CCCCC1=C(C)N=C(NCC)N=C1OS(=O)(=O)N(C)C,-4.1579
CCOC1=CC=C(NC(C)=O)C(C)=C1,-1.839
CC1=C2N3C=NN=C3SC2=CC=C1,-2.0729
COC1=CC(C=O)=C(C)C=C1O,-2.7435
CC(C)(C)[NH2+]CC(O)COC1=CC=CC2=C1CC(O)C(O)C2,-1.5699
COC(=O)C1=CC(OC2=CC=C(Cl)C=C2Cl)=CC=C1[N+]([O-])=O,-5.9343
CC(C)CCCC(C)CC=CC(C)=CC(=O)OCC#C,-4.7239
CC1=CC=C(NC(=O)NC(C)(C)C2=CC=CC=C2)C=C1,-5.3495
CN(C(=O)NC(C)(C)C1=CC=CC=C1)C1=CC=CC=C1,-3.3495
ClC1=CC(Cl)=C(C(Cl)=C1Cl)C1=CC(Cl)=C(Cl)C(Cl)=C1Cl,-9.42
CCOC1=CC(OC2=CC=C(C=C2Cl)C(F)(F)F)=CC=C1[N+]([O-])=O,-6.4939
CCCOCC(O)COCCC,-0.3431
CC(C)(C)C(=O)C(OC1=CC=C(Cl)C=C1)N1C=NC=N1,-3.6137
[O-]C(=C)C(=O)NC1=CC=CC=C1,-1.3676
CN(CCCCC([O-])=O)S(=O)(=O)C1=CC=CC=C1,-1.5585
CCCCCOC(=O)C1=CC=CN=C1,-2.3776
[NH3+]CCC1=CC=C(O)C(=C1)[N+]([O-])=O,-1.3399
CN1C(=O)NC(=O)C2=NC(C)=C(C)N=C12,-2.1129
CC(C)OC(=O)C(C(=O)OC(C)C)=C1SCCS1,-3.7306
[O-]C(=O)C1=CC(OC2=CC=C(C=C2Cl)C(F)(F)F)=CC=C1[N+]([O-])=O,-3.4791
CC(C)(C)C1=CC=C(C=C1)C(O)CCC[NH+]1CCC(CC1)C(O)(C1=CC=CC=C1)C1=CC=CC=C1,-6.69
O=C1CCCCCCCCCCCCCCN1,-2.874
CCCCCC(=O)NCCNC(=O)CCCCC,-3.1079
CC(=O)OC(C([O-])=O)C1=CC=CC=C1,-1.2313
CC1OC1C1OC1C,-0.0575
CN1C2=CC=CC=C2C(C(N)=O)=C1C(N)=O,-1.8184
[O-]C(=O)C1=CC=C(C(=C1)C([O-])=O)S([O-])(=O)=O,0.6087
CC1=NN(C(N)=C1C)C1=CC=CC=C1,-1.6704
CCC1=CC=CC(C)=C1N(C(C)COC)C(=O)CCl,-2.7287
CN(C)C1=NC(=O)N(C2CCCCC2)C(=O)N1C,-0.8834
CCCCSC(SCC1=CC=C(C=C1)C(C)(C)C)=NC1=CC=CN=C1,-5.5712
COC(CN(C)C(=O)[N-]C1=NN=C(S1)C(C)(C)C)OC,-1.8678
CN=C(NCCSCC1=C(C)N=CN1)NC#N,-1.4298
CNC(=O)OC1=CC=CC=C1OC(CCl)OC,-2.3005
CC1CCC2(CC3CC(CC=C(C)CC(C)C=CC=C4COC5C(O)C(C)=CC(C(=O)O3)C45O)O2)OC1C,-5.7787
CCC1OC2(CCC1C)CC1CC(CC=C(C)CC(C)C=CC=C3COC4C(O)C(C)=CC(C(=O)O1)C34O)O2,-4.8772
ClC1=CC=C(OC2=CC=CC=C2)C(Cl)=C1,-4.6304
ClC1=CC(Cl)=C(Cl)C(=C1)C1=CC(Cl)=C(Cl)C=C1Cl,-8.5801
CCN1C=C(C([O-])=O)C(=O)C2=CN=C(N=C12)N1CC[NH2+]CC1,-2.974
O=C1NC=NC=C1,0.586
NC(=O)C1(CCCCC1)N1C(=O)C2=CC=CC(Cl)=C2C1=O,-4.0097
[O-]C(=O)CSC1CCCCC1,-1.3381
CCC1(C)OC(=O)[N-]C1=O,0.0203
CC(OC1=CC2=CC=CC=C2C=C1)C(=O)NC1=CC=CC=C1,-5.5894
ClC1=CC=C(C(Cl)=C1Cl)C1=CC=CC(Cl)=C1Cl,-7.0502
ClC1=CC=C(Cl)C(=C1)C1=C(Cl)C(Cl)=CC(Cl)=C1Cl,-7.4254
ClC1=CC=C(Cl)C(=C1Cl)C1=C(Cl)C(Cl)=CC(Cl)=C1Cl,-7.94
ClC1=CC=C(Cl)C(=C1Cl)C1=C(Cl)C=C(Cl)C(Cl)=C1Cl,-8.1501
ClC1=CC(Cl)=C(Cl)C(=C1)C1=C(Cl)C(Cl)=CC(Cl)=C1Cl,-8.5901
ClC1=CC=C(C(Cl)=C1Cl)C1=C(Cl)C(Cl)=CC(Cl)=C1Cl,-8.42
ClC1=CC=C(C(Cl)=C1Cl)C1=C(Cl)C=C(Cl)C(Cl)=C1Cl,-8.2605
ClC1=CC(Cl)=C(C=C1Cl)C1=CC(Cl)=C(Cl)C(Cl)=C1,-8.21
ClC1=CC=C(Cl)C(=C1Cl)C1=C(Cl)C(Cl)=C(Cl)C(Cl)=C1Cl,-9.1
ClC1=CC(Cl)=C(Cl)C(=C1)C1=CC(Cl)=C(Cl)C(Cl)=C1Cl,-9.1
ClC1=CC(Cl)=C(Cl)C(=C1Cl)C1=CC(Cl)=C(Cl)C(Cl)=C1Cl,-9.29
ClC1=CC(Cl)=C(C=C1Cl)C1=C(Cl)C(Cl)=C(Cl)C(Cl)=C1Cl,-9.5
ClC1=CC(Cl)=C(Cl)C(=C1Cl)C1=C(Cl)C(Cl)=C(Cl)C(Cl)=C1Cl,-10.4115
ClC1=CC=C(C(Cl)=C1Cl)C1=C(Cl)C(Cl)=C(Cl)C(Cl)=C1Cl,-9.29
ClC1=CC(Cl)=C(C(Cl)=C1Cl)C1=C(Cl)C(Cl)=C(Cl)C(Cl)=C1Cl,-10.1035
ClC1=CC=CC(=C1Cl)C1=C(Cl)C(Cl)=CC(Cl)=C1Cl,-8.6036
ClC1=CC=C(Cl)C(=C1)C1=CC(Cl)=C(Cl)C(Cl)=C1Cl,-7.6794
CC(C)OC(=O)C(C)N(C(=O)C1=CC=CC=C1)C1=CC=C(F)C(Cl)=C1,-4.3056
COC(=O)C(C)N(C(=O)C1=CC=CC=C1)C1=CC=C(F)C(Cl)=C1,-3.982
CCCN(CCC)C(=O)SCC1=CC=CC=C1,-4.2798
CCCCC(O)CN(N=CC1=CC=C(O1)[N+]([O-])=O)C(N)=O,-3.5716
CC1=CC(C)=NC(NC2=CC=CC=C2)=N1,-3.2166
ClC1=CC2=C(Cl)C=CC=C2C(Cl)=C1Cl,-7.8566
ClC1=CC(Cl)=C2C=C(Cl)C=C(Cl)C2=C1,-7.8228
CC(C)CC1=CC=C(C=C1)C(C)C(=O)NO,-3.044
CC(=O)NC1=CC([N-]S(=O)(=O)C(F)(F)F)=C(C)C=C1C,-3.2365
COCCOC1=C(OC)C=C(CC2=C[NH+]=C(N)N=C2N)C=C1OC,-2.101
CC=C(Cl)C([O-])=O,0.9189
[NH3+]C(C(=O)NC1C2SCC(Cl)=C(N2C1=O)C([O-])=O)C1=CC=CC=C1,-1.5656
CC(C)(NC(=O)C1=CC=CC=C1)C(N)=O,-1.6154
COC1=CC=C(Cl)C(Cl)=C1Cl,-4.2918
CCC=C(C)C(OC(=O)C1C(C=C(C)C)C1(C)C)C#C,-6.3931
CCCCC(=O)NCCNC(=O)CCCC,-1.8145
O=NN1CCCC1=O,0.0523
CCC(C)C(NC(C)=O)C([O-])=O,-0.5912
CSC1=CC(O)=CC(O)=C1,-1.7957
CCCCSC1=CC(O)=CC(O)=C1,-2.5191
CC(C)(C)C(O)C(OC1=CC=C(C=C1)C1=CC=CC=C1)N1C=NC=N1,-4.8292
ClC1=CC=CC=C1C1=C(Cl)C=C(Cl)C(Cl)=C1Cl,-7.4346
CC(C)(C)C(O)C(OC1=CC=C(Cl)C=C1)N1C=NC=N1,-3.3918
CCCN1C=NC2=C1C(=O)N(CCCCC(C)=O)C(=O)N2C,-0.9811
O=C(C1CCCCC1)N1CC2N(CCC3=CC=CC=C23)C(=O)C1,-2.8927
CC1=C(C)S(=O)(=O)CCS1(=O)=O,-1.66
ClC1=CC=CC=C1C1=CC(Cl)=C(Cl)C(Cl)=C1Cl,-7.5226
[O-]C(=O)COC1=NC(Cl)=C(Cl)C=C1Cl,-2.7656
CN1CC(O)N(C1=O)C1=NN=C(S1)C(C)(C)C,-1.8773
CCCCCCCCSC(=O)OC1=CC(Cl)=NN=C1C1=CC=CC=C1,-5.4025
ClC1=CC=C(OC2=CC=CC=C2)C=C1Cl,-4.7206
ClC1=CC=C(C(Cl)=C1Cl)C1=CC=CC=C1,-6.1799
ClC1=CC2=C(Cl)C=C(Cl)C=C2C=C1,-6.5557
ClC1=CC2=CC(Cl)=C(Cl)C=C2C=C1,-7.1419
ClC1=CC2=C(Cl)C=CC(Cl)=C2C=C1Cl,-7.5163
CC(C)OC1=CC=CC(NC(=O)C2=CC=CC=C2C)=C1,-4.3265
CN(C)C(=O)NC1=NOC(=C1)C(C)(C)C,-2.4272
CCC(=O)N(C1=CC=CC=C1)C1(COC)CC[NH+](CCC2=CC=CS2)CC1,-3.7064
ClC1=CC=C(C(Cl)=C1)C1=C(Cl)C=C(Cl)C(Cl)=C1Cl,-7.4721
CCCC(C)CC(C)O,-1.8779
CC(C)C(O)(C1=CC=C(OC(F)(F)F)C=C1)C1=CN=CN=C1,-3.4377
OC(C=O)=CC1=CC=CC=C1,-2.1707
ClC1=CC(Cl)=C(C(Cl)=C1)C1=C(Cl)C=CC=C1Cl,-7.316
ClC1=CC(Cl)=C(C(Cl)=C1)C1=CC=C(Cl)C(Cl)=C1,-7.91
ClC1=CC(Cl)=C(C(Cl)=C1)C1=CC(Cl)=CC(Cl)=C1,-7.92
FC1=CN(C(=O)NC2=CC=CC=C2)C(=O)NC1=O,-1.6184
CSC1=NN=C(C(=O)N1N=CC(C)C)C(C)(C)C,-4.4288
COC1=C(O)C=C(Cl)C(Cl)=C1Cl,-2.8712
ClC1=CC2=C(C=C1Cl)C1=C(O2)C(Cl)=C(Cl)C(Cl)=C1,-9.1609
NC1=CC=C2COC(=O)C2=C1,-2.0414
O=C1CCC2=CC=CC3=C2N1CC3,-1.6365
CCN(C(=O)OC1=CC=CC(NC(=O)OC(C)C)=C1)C1=CC=CC=C1,-5.0574
FC(F)(F)C1=CC=CC(=C1)C(N1C=NC=N1)(C1=CC=CC=C1)C1=CC=CC=C1,-8.403
CN(CCOC(=O)C1=CC=CC=C1)C(C)=O,-0.8494
COC(=O)C(C)N(C(=O)C1=CC=CO1)C1=C(C)C=CC=C1C,-3.1173
CC1=CC=C(C=C1)N=NC1=CC(C)=CC=C1N,-3.9031
CCC1(CC)C(=N)NC(=O)NC1=O,-1.3967
CC1OC(=O)C2=CC(=CC=C12)[N+]([O-])=O,-2.6157
CC1=CC(=CC=C1N=NC1=C(Cl)C=C(C=C1Cl)[N+]([O-])=O)N(CCO)CCO,-5.9592
CC(N(C(=O)C1=CC=CC=C1)C1=CC=C(F)C(Cl)=C1)C([O-])=O,-4.2474
CC1=CC=CC(C)=C1N(C1CCOC1=O)C(=O)CCl,-3.2855
COC1OC(CNC(=O)N(CCCl)N=O)C(O)C(O)C1O,-1.5613
ClC1=CC=C(OC2=CC=C(Cl)C=C2Cl)C=C1,-6.2196
ClC1=CC(Cl)=C(C(Cl)=C1)C1=CC=C(Cl)C(Cl)=C1Cl,-8.2399
CC(C)C=CCC([O-])=O,-1.1487
CSC(C)=NOC(=O)N(C)SN(C)C(=O)ON=C(C)SC,-4.0055
CN1C=C(C(=O)C(=C1)C1=CC=CC(=C1)C(F)(F)F)C1=CC=CC=C1,-4.4384
CCOC1=CC=CC=C1C=CC([O-])=O,-3.3248
ClC1=CC=C(Cl)C(=C1)C1=C(Cl)C=C(Cl)C=C1Cl,-7.47
ClC1=CC(Cl)=C(C(Cl)=C1)C1=CC(Cl)=C(Cl)C=C1Cl,-8.1199
ClC1=CC(Cl)=C(C(Cl)=C1)C1=CC(Cl)=C(Cl)C(Cl)=C1Cl,-8.68
CC(C)(S(C)(=O)=O)S(C)(=O)=O,-1.4504
OC(C1=CC=C(Cl)C=C1)(C1=CN=CN=C1)C1=CC=CC=C1Cl,-4.374
ClC1=CC=C(C(Cl)=C1)C1(CN2C=NC=N2)OCCO1,-3.0031
CCCC1COC(CN2C=NC=N2)(O1)C1=CC=C(Cl)C=C1Cl,-3.4929
CCC1COC(CN2C=NC=N2)(O1)C1=CC=C(Cl)C=C1Cl,-3.613
ClC1=CC=CC(=C1)C1=C(Cl)C=C(Cl)C=C1Cl,-7.1547
ClC1=CC(Cl)=C(C(Cl)=C1)C1=CC=CC(Cl)=C1Cl,-7.3999
CCSC(C([O-])=O)C1=CC=CC=C1,-1.5686
[O-]S(=O)(=O)C1=CNC=N1,0.1304
NC(=S)[N-]C#N,-0.0049
ClC1=CC=C(OC2=CC=CC=C2Cl)C=C1Cl,-5.199
CCC(=O)OC(C)C(=O)OC,-0.8622
CC(C)(SC(=O)N1CCCCC1)C1=CC=CC=C1,-4.1196
CC(C)CC1=[NH+]C=CN1,-1.0488
CN1C=CSC1=NC1=CC=C(C)C=C1C,-3.163
CSC(=[NH+]C)N(C)C,-0.4401
ClC1=CC=CC(=C1Cl)C1=C(Cl)C=C(Cl)C(Cl)=C1Cl,-8.48
OCCNC(=O)C1=CC(O)=CC=C1O,-0.5436
NC1=C(C=C(C2=CC=C(C=C12)S([O-])(=O)=O)S([O-])(=O)=O)S([O-])(=O)=O,-0.3188
CNC(=O)OCC1=CC=CC(Cl)=C1Cl,-3.1389
CCCCN(C(N)=O)C1=CC=CC=C1,-1.2971
ClC1=CC(Cl)=C(C(Cl)=C1)C1=CC=CC=C1Cl,-6.65
CN(C)C(=O)SCCCCOC1=CC=CC=C1,-3.9266
CC1=C(Cl)C=C(C=C1Cl)C1=NNC(=O)C=C1,-5.5375
N#CCON=C(C#N)C1=CC=CC=C1,-3.2899
OC(C1=CC=C(F)C=C1)(C1=CN=CN=C1)C1=CC=CC=C1Cl,-4.083
ClC1=CC=C(OC2=CC=C(Cl)C(Cl)=C2)C=C1,-5.6603
COC(=O)C(C)N(C(=O)C1=CC=CC=C1)C1=CC=C(F)C(Cl)=C1,-4.3219
CC(C)OC(=O)C(C)N(C(=O)C1=CC=CC=C1)C1=CC=C(F)C(Cl)=C1,-4.4817
CCC1OCC(COC2=CC=C(OC3=CC=CC=C3)C=C2)O1,-4.7874
CCCN1C(=O)N(C)C2=C(N(C)C=N2)C1=O,-1.2082
ClCCN(Cl)CCCl,-1.9203
CCOC1=CC=C(C=C1)C1(CC1(Cl)Cl)C(=O)OC(C#N)C1=CC=CC(OC2=CC=CC=C2)=C1,-6.7243
CCOC(=O)N1CCN(CN2CCN(CC2)C(=O)OCC)CC1,-0.8443
CCCCNC(=O)N1C=C(F)C(=O)[N-]C1=O,-2.4464
CC(CCC(=O)NCC([O-])=O)C1CCC2C3C(O)CC4CC(O)CCC4(C)C3CCC12C,-5.5225
CCSC1=NN=C(C(=O)N1N)C(C)(C)C,-2.7353
FC(F)(F)OC1=CC=C(NC(=O)NC(=O)C2=CC=CC=C2Cl)C=C1,-7.1568
NC(=O)COC(=O)C1=CC=CC=C1,-1.6405
CCNC(=O)COC(=O)C1=CC=CC=C1,-2.2373
CCN(CC)C(=O)COC(=O)C1=CC=CC=C1,-2.0706
CC[NH2+]C(C)C([O-])=O,0.6522
CN1C(O)=C(N)C(=S)N(C)C1=O,-1.117
ClC1=CC=C(C(Cl)=C1)C1=CC=C(Cl)C(Cl)=C1Cl,-7.62
S=C1N=C[N-]C2=NC=CN=C12,-2.6471
CC(=O)OCC(C(OC(C)=O)C1=CC=CC=C1)[N+]([O-])=O,-3.972
CC(=O)OCC(C(OC(C)=O)C1=CC=CC=C1)[N+]([O-])=O,-3.972
CC(C)C(C(=O)OC(C#N)C1=CC=CC(OC2=CC=CC=C2)=C1)C1=CC=C(Cl)C=C1,-8.3221
CCCC(CN1C=NC=N1)C1=CC=C(Cl)C=C1Cl,-3.5903
CC(C)OC1=CC=CC(NC(=O)C2=CC=CC=C2C(F)(F)F)=C1,-4.6947
CCOC(=O)C(C)OC1=CC=C(OC2=NC3=CC=C(Cl)C=C3O2)C=C1,-5.6042
ClC1=CC=CC(OC2=CC=C(Cl)C(Cl)=C2)=C1,-5.437
C[NH+](C)C1CCCC=CCC1,-1.6004
CNC(=O)SC1=CC=C(OS(C)(=O)=O)C=C1,-2.7359
CC1(CCCC1=O)C#N,0.9095
CC1=CC=CC(C)=C1N(CN1C=CC=N1)C(=O)CCl,-2.8102
CCC(CC)(CC)NC(N)=O,-1.8191
CC(C[NH+]1CC(C)OC(C)C1)CC1=CC=C(C=C1)C(C)(C)C,-2.4821
CC1(C)C(C=C(Cl)Cl)C1C(=O)OC(C#N)C1=CC=CC(OC2=CC=CC=C2)=C1,-7.6194
CC1(C)CNC(NN=C(C=CC2=CC=C(C=C2)C(F)(F)F)C=CC2=CC=C(C=C2)C(F)(F)F)=NC1,-7.916
ClC1=CC2=C(OC3=C2C(Cl)=C(Cl)C(Cl)=C3Cl)C(Cl)=C1Cl,-11.4817
CC(C[NH+]1CC(C)OC(C)C1)CC1=CC=C(C=C1)C(C)(C)C,-4.8487
CCCN(CCOC1=C(Cl)C=C(Cl)C=C1Cl)C(=O)N1C=CN=C1,-4.0445
CCOC(=O)CN(N=O)C(N)=O,0.7566
O=C1NC=CC2=CC=CN=C12,-1.1428
ClC1=CC(Cl)=C(C=C1OCC#C)N1N=C2CCCCN2C1=O,-4.3251
CC1(C)C(C=C(Cl)C(F)(F)F)C1C(=O)OC(C#N)C1=CC=CC(OC2=CC=CC=C2)=C1,-7.9541
ClC1=CC(NC(=O)NC2=CC=CC=C2)=CC=N1,-3.8028
ClC1=CC=C(C(Cl)=C1)C1=C(Cl)C=CC=C1Cl,-6.65
ClC1=CC=C(C(Cl)=C1)C1=CC(Cl)=CC(Cl)=C1Cl,-7.82
ClC1=CC(=CC(Cl)=C1)C1=C(Cl)C=CC(Cl)=C1Cl,-7.95
ClC1=CC=C(C=C1)C1=C(Cl)C(Cl)=CC(Cl)=C1Cl,-7.88
ClC1=CC(=CC(Cl)=C1)C1=CC(Cl)=C(Cl)C=C1Cl,-7.47
ClC1=CC=C(Cl)C(=C1)C1=C(Cl)C=C(Cl)C(Cl)=C1Cl,-8.01
ClC1=CC(=C(Cl)C(Cl)=C1Cl)C1=C(Cl)C=CC=C1Cl,-8.13
ClC1=CC(Cl)=C(Cl)C(=C1)C1=C(Cl)C(Cl)=C(Cl)C(Cl)=C1Cl,-9.42
CCOC(=O)CNC1=NC(Cl)=NC(NC(C)C)=N1,-2.5622
COC1=CC=C(NC(=[NH2+])NC2=CC=C(OC)C=C2)C=C1,-2.7345
CCS(=O)(=O)OC1=CC=C2OCC(C)(C)C2=C1,-2.9921
CC(=O)NC(=O)COC(=O)C1=CC=CC=C1,-2.4003
ClC1=CC=C(OC2=CC=CC=C2Cl)C(Cl)=C1,-4.9499
CC(C)N1C(SCN(C1=O)C1=CC=CC=C1)=NC(C)(C)C,-5.5307
NC1=C(Cl)C(F)=NC(OCC([O-])=O)=C1Cl,-3.4475
CC(C)C(NC1=CC=C(C=C1Cl)C(F)(F)F)C(=O)OC(C#N)C1=CC=CC(OC2=CC=CC=C2)=C1,-8.0025
ClC1=CC=CC(=C1)N(C1CCOC1=O)C(=O)C1CC1,-2.6878
CC(CC(C)(C([O-])=O)C([O-])=O)C([O-])=O,-0.1086
[O-]C(=O)C1=C(Cl)C(Cl)=CO1,-1.8263
ClC1=CC(=CC(Cl)=C1)C1=C(Cl)C(Cl)=C(Cl)C(Cl)=C1Cl,-9.1
COC(=O)C(C)OC1=CC=C(OC2=NC=C(C=C2Cl)C(F)(F)F)C=C1,-4.6064
CCCCOC(=O)C(C)OC1=CC=C(OC2=CC=C(C=N2)C(F)(F)F)C=C1,-5.5836
COC(=O)C1=CC(C)=CC=C1C1=NC(C)(C(C)C)C(=O)N1,-2.3262
CC(C)C(C(=O)OC(C#N)C1=CC=CC(OC2=CC=CC=C2)=C1)C1=CC=C(OC(F)F)C=C1,-6.8765
CCCCCCCCOC(=O)C1=CC=CN=C1,-3.0929
ClC1=CC=CC=C1C1=CC(Cl)=C(Cl)C=C1Cl,-7.2505
ClC1=CC(=CC(Cl)=C1Cl)C1=CC=CC=C1Cl,-6.9069
ClC1=CC=C(Cl)C(=C1)C1=CC(Cl)=C(Cl)C(Cl)=C1,-7.3149
OCC[NH2+]CCNC1=CC=C(NCC[NH2+]CCO)C2=C1C(=O)C1=C(O)C=CC(O)=C1C2=O,-1.8388
CCSC(=S)NC(C)C([O-])=O,-1.2343
CCCC1=NN=C([N-]S(=O)(=O)C2=CC=C(N)C=C2)S1,-3.3075
CCOC(=O)C(C)OC1=CC=C(OC2=NC3=CC=C(Cl)C=C3O2)C=C1,-5.6042
CN1N=C(C)C(C(=O)C2=CC=C(Cl)C=C2Cl)=C1OCC(=O)C1=CC=CC=C1,-2.6514
COC(=O)C(C)N(C(=O)CC1=CC=CC=C1)C1=C(C)C=CC=C1C,-3.9442
CC1(C)C(C=C(Cl)Cl)C1C(=O)OC(C#N)C1=CC=CC(OC2=CC=CC=C2)=C1,-6.5587
NC(=O)C(=NO)C(N)=O,-0.0384
CCS(=O)(=O)[N-]S(=O)(=O)CC,0.5413
CCOC(=O)NCCOC1=CC=C(OC2=CC=CC=C2)C=C1,-4.7009
CCCCN(CCOC(C)=O)C1=CC=C(N=NC2=C(C=C(C=C2C#N)[N+]([O-])=O)C#N)C(C)=C1,-8.8809
FC(F)(F)C1=C(SC(Cl)=N1)C(=O)OCC1=CC=CC=C1,-5.8085
CC=CC1=CC=C(O)C(O)=C1,-1.3505
CC(C)=CC1C(C(=O)OCN2C(=O)CN(CC#C)C2=O)C1(C)C,-3.5321
CN(C(=O)COC1=NC2=CC=CC=C2S1)C1=CC=CC=C1,-4.8727
ClC1=CC=CC(=C1)C1=CC(Cl)=C(Cl)C=C1Cl,-7.1299
ClC1=CC=CC=C1C1=C(Cl)C(Cl)=CC(Cl)=C1Cl,-7.3999
ClC1=CC=C(C(Cl)=C1Cl)C1=C(Cl)C=CC=C1Cl,-6.7798
CCCCCCOC(=O)C(C)OC(=O)C(C)O,-2.4884
CC1=CC(C)=NC(=N1)C(N)=O,0.1216
FC1=CC=C(C=C1)C(=O)C1CC[NH+](CCN2C(=O)NC3=CC=CC=C3C2=O)CC1,-4.5971
NC1=C(Cl)C(OC2=CC=CC=C2)=CC=C1[N+]([O-])=O,-5.0248
CCOC1=CC=C(NC(=O)NN)C=C1,-1.6471
ClC1=CC=CC=C1C1=NN=C(N=N1)C1=CC=CC=C1Cl,-5.4817
COC(=O)C1=CC=CC=C1S(=O)(=O)[N-]C(=O)NC1=NC(C)=CC(C)=N1,-3.1742
ClC1=CC=CC(=C1)C1=CC=C(Cl)C(Cl)=C1Cl,-6.77
ClC1=CC=C(C=C1)C1=CC(Cl)=CC(Cl)=C1Cl,-6.77
ClC1=CC=CC(=C1)C1=C(Cl)C(Cl)=CC(Cl)=C1Cl,-7.76
ClC1=CC=C(C=C1)C1=CC(Cl)=C(Cl)C(Cl)=C1Cl,-7.3102
ClC1=CC=C(C=C1)C1=C(Cl)C=C(Cl)C(Cl)=C1Cl,-7.95
ClC1=CC=C(C=C1Cl)C1=C(Cl)C=C(Cl)C(Cl)=C1Cl,-7.6505
ClC1=CC=C(C=C1Cl)C1=C(Cl)C(Cl)=CC(Cl)=C1Cl,-8.48
ClC1=CC=C(Cl)C(=C1Cl)C1=CC(Cl)=C(Cl)C(Cl)=C1,-8.27
ClC1=CC(=CC(Cl)=C1)C1=C(Cl)C(Cl)=CC(Cl)=C1Cl,-8.2696
ClC1=CC=C(C(Cl)=C1)C1=C(Cl)C(Cl)=C(Cl)C(Cl)=C1Cl,-8.9706
ClC1=CC(Cl)=C(C(Cl)=C1Cl)C1=CC(Cl)=C(Cl)C(Cl)=C1,-9.1
ClC1=CC(Cl)=C(C(Cl)=C1)C1=C(Cl)C(Cl)=C(Cl)C(Cl)=C1Cl,-9.48
ClC1=CC(=CC(Cl)=C1Cl)C1=C(Cl)C(Cl)=C(Cl)C(Cl)=C1Cl,-9.6997
ClC1=CC(Cl)=C(C(Cl)=C1)C1=C(Cl)C(Cl)=CC(Cl)=C1Cl,-8.4901
[O-]S(=O)(=O)C(Cl)S([O-])(=O)=O,0.6765
ClC1=CC=CC(C2=CNC=C2C#N)=C1Cl,-4.6937
N#CC(=NOCC1OCCO1)C1=CC=CC=C1,-4.0649
CC(C)(C)C(O)C(CC1=CC=C(Cl)C=C1Cl)N1C=NC=N1,-4.5619
CCOC(=O)C(CCC1=CC=CC=C1)NC(C)C(=O)N1CCCC1C([O-])=O,-1.3609
CCN1CC(=O)NC1=N,-0.165
[O-]C(=O)C1=C(Cl)C(Cl)=C(Cl)C(Cl)=C1C(=O)NC1=CC=CC(Cl)=C1Cl,-4.5051
[O-]S(=O)(=O)C(Cl)(S([O-])(=O)=O)S([O-])(=O)=O,0.5366
CCOC(=O)C(C)NC(=O)CCl,-0.4628
CSCOC(=O)C1=CC=CC=C1OC(C)=O,-2.6404
CC(=O)OC1=CC=CC=C1C(=O)OCS(C)=O,-1.7824
CC(=O)OC1=CC=CC=C1C(=O)OCS(C)(=O)=O,-3.3936
CC(OC1=CC=CC=C1Cl)C([O-])=O,-2.2232
CC(OC1=CC=C(OC2=NC3=CC=C(Cl)C=C3N=C2)C=C1)C([O-])=O,-6.0604
OC(CN1C=NC=N1)(C1=CC=C(F)C=C1)C1=CC=CC=C1F,-3.3651
ClC1=CC=CC(=C1Cl)C1=CC(Cl)=C(Cl)C(Cl)=C1,-7.4052
CC(C)CC([NH3+])C(=O)NC(C)C(=O)NCC([O-])=O,-0.8953
CCOC(=O)N(C)CC,-0.4189
CCOC(=O)COC(=O)C1=CC(OC2=CC=C(C=C2Cl)C(F)(F)F)=CC=C1[N+]([O-])=O,-5.8729
CCOC(CC(C)O)OCC,0.0909
NNC1=NC=NC2=NC=CN=C12,-1.8632
COCC(=O)N(N1CCOC1=O)C1=C(C)C=CC=C1C,-1.913
CCCCCCNC(=O)C1=CC=CN=C1,-2.5221
CCC1(C(=O)NC(=O)N(CC(O)CO)C1=O)C1=CC=CC=C1,-1.7872
CC1C(SC(=O)N1C(=O)NC1CCCCC1)C1=CC=C(Cl)C=C1,-5.8487
CCCCOC(=O)C(C)OC1=CC=C(OC2=CC=C(C=N2)C(F)(F)F)C=C1,-5.2826
COC(=O)C1=C(C=CS1)S(=O)(=O)[N-]C(=O)NC1=NC(C)=NC(OC)=N1,-2.2379
CC1=C(F)C(F)=C(COC(=O)C2C(C=C(Cl)C(F)(F)F)C2(C)C)C(F)=C1F,-7.3209
CCC(CC)C(=O)N(CC)CC,-1.0876
CCC(C)(C)C(=O)OC1CC(C)C=C2C=CC(C)C(CCC3CC(O)CC(=O)O3)C12,-7.1447
CCCCC(O)(CN1C=NC=N1)C1=CC=C(Cl)C=C1Cl,-4.2668
CC(C)C1=CC(OC2=CC=CC=C2)=CC(C(C)C)=C1NC(=S)NC(C)(C)C,-6.8068
CCOC1=CC=C(C=C1)C(C)(C)COCC1=CC=CC(OC2=CC=CC=C2)=C1,-8.5758
CCC1=CN=C(C2=NC(C)(C(C)C)C(=O)N2)C(=C1)C([O-])=O,-2.3153
COC(=O)C1=CC=C(C)C=C1C1=NC(C)(C(C)C)C(=O)N1,-2.4599
CCCCCCCCNC(=O)C1=CC=CN=C1,-3.0081
CCCCCCCCCNC(=O)C1=CC=CN=C1,-3.1398
CCCCCCCCCCNC(=O)C1=CC=CN=C1,-3.0765
CCCCCCCCCCCNC(=O)C1=CC=CN=C1,-3.0266
CCCCCCCCCCCCNC(=O)C1=CC=CN=C1,-3.2078
CC1(C)CON(CC2=CC=CC=C2Cl)C1=O,-2.3383
COC1=NC(C)=NC(NC(=O)[N-]S(=O)(=O)C2=CC=CC=C2OCCCl)=N1,-4.0989
ON=C1C=CC(=NO)C2=NC=CC=C12,-3.7998
CC(C)(C)C(O)C(OC1=CC=C(Cl)C=C1)N1C=NC=N1,-3.9524
OC(C1=CC=CC=C1)C1=CC(Cl)=CC=C1NC(=O)C1=CC=NC=C1,-5.5299
CCC(C)(CC)C1=NOC(NC(=O)C2=C(OC)C=CC=C2OC)=C1,-5.3694
CCOC(C)CCO,-0.3736
CC1=C(COC(=O)C2C(C=C(Cl)C(F)(F)F)C2(C)C)C=CC=C1C1=CC=CC=C1,-6.6262
CN1N=C(C)C(C(=O)C2=CC=C(Cl)C(C)=C2Cl)=C1OCC(=O)C1=CC=C(C)C=C1,-6.5209
COC(=O)C1=CC=CC=C1CS(=O)(=O)[N-]C(=O)NC1=NC(OC)=CC(OC)=N1,-3.534
FC1=CC=CC(F)=C1C(=O)NC(=O)NC1=CC(Cl)=C(F)C(Cl)=C1F,-7.3023
CCOC(=O)CCN(CC1=CC=CC=C1)SN(C)C(=O)ON=C(C)SC,-4.3005
FC1=CC=C(NC(=O)C2=CC=CN=C2OC2=CC=CC(=C2)C(F)(F)F)C(F)=C1,-6.8969
CC(C)(C)C(O)C(=CC1=CC=C(Cl)C=C1)N1C=NC=N1,-4.5403
CC(C)(C)C(O)C(=CC1=CC=C(Cl)C=C1)N1C=NC=N1,-4.5403
CC(C)(C)C(O)C(=CC1=CC=C(Cl)C=C1Cl)N1C=NC=N1,-4.9115
[O-]C(=O)C1=CC=C(C2=CC=CN=C12)[N+]([O-])=O,-3.1656
CCOC(=O)C1(C)OC(=O)N(C1=O)C1=CC(Cl)=CC(Cl)=C1,-5.2203
NC1=NC=C2N=CN(COCCO)C2=N1,-1.0775
CC(OC1=CC=C(Cl)C(C)=C1Cl)C(=O)NC1=CC=CC=C1,-7.0057
CCCCCSS(=O)CCCCC,-3.1711
COCCCCC=O,0.4574
CCC(=O)OCC1=CC=C(Cl)C=C1Cl,-3.0665
CCN(C(C)C(C)C)C(=O)SCC1=CC=CC=C1,-4.7337
COC(=O)C1=CC=CC=C1S(=O)(=O)[N-]C(=O)NC1=NC(OC(F)F)=CC(OC(F)F)=N1,-5.152
ClC1=CC=C(CSC(CN2C=NC=N2)=NC2=CC=C(Cl)C=C2Cl)C=C1,-5.3842
CCC1=CC=CC(C)=C1N(COC(C)C)C(=O)CCl,-3.1882
FC1=CC=CC(F)=C1C(=O)NC(=O)NC1=CC=C(Cl)C(OC2=NC=C(C=C2Cl)C(F)(F)F)=C1,-7.4033
CCOC1=CC=C(NC(=O)OC(C)C)C=C1OCC,-4.0022
CCOCCOC(=O)C(C)OC1=CC=C(OC2=NC=C(C=C2Cl)C(F)(F)F)C=C1,-5.8739
CCC1=CC=CC(CC)=C1N(COCC=CC)C(=O)CCl,-4.0287
CCCCCOC(=O)COC1=CC(N2C(=O)C3=C(CCCC3)C2=O)=C(F)C=C1Cl,-6.3508
COCC(C)N(C(=O)CCl)C1=C(C)SC=C1C,-2.3614
CC(OC1=CC=C(OC2=NC=C(Cl)C=C2Cl)C=C1)C(=O)N1CCCO1,-4.5922
CC(C)C12CCC(C)(O1)C(C2)OCC1=CC=CC=C1C,-3.6391
FC(F)(F)C(=NOCC1OCCO1)C1=CC=C(Cl)C=C1,-4.0138
CC(O)[C-]([N+]([O-])=O)[N+]([O-])=O,0.0789
CC(=NNC1=NC(C)=CC(C)=N1)C1=CC=CC=C1C,-3.1959
CN1C2=C(NC(=O)N2)C=NC1=O,-0.794
CC(C)(C)C(O)C(OC1=CC=C(Cl)C=C1)N1C=NC=N1,-3.6786
CC(CCO)CCC=O,-1.0732
CN1C=C2N=CC=NC2=NC1=O,-0.9089
O=C1OCC2=CC=C(C=C12)C#N,-2.7021
CCS(=O)(=O)C(C)(CO)S(=O)(=O)CC,-0.1653
COC1=C(O)C=CC(C=O)=C1N,-0.2232
COC(=O)C1=CC=C(C=C1C([O-])=O)[N+]([O-])=O,-2.0558
[O-]C(=O)CCC([NH2+]CCC#N)C([O-])=O,-1.3015
CCC1(CC(C)=O)C(=O)NC(=O)NC1=O,-0.7661
CCCCCCC(O)C(O)C([O-])=O,-1.5469
CC1=CC2=CC=C(Cl)C(C([O-])=O)=C2N=C1,-2.9973
CCC(C)C([NH2+]CCC#N)C([O-])=O,-0.9818
CCC1=NC2=CNC(=O)N=C2N=C1CC,-2.2644
CC(C)(OC1CCCCC1)C([O-])=O,-1.0798
COC(CC([O-])=O)C1=CC=CC=C1,-1.6952
[O-][N+](=O)[C-]1C(=O)CC(CC1=O)C1=CC=CC=C1,-1.6688
OC(O)(C(=O)NC1=CC=CC=C1)C(=O)NC1=CC=CC=C1,-2.4568
CC=CCC1(C)C(=O)NC(=O)N(C)C1=O,-1.5445
CCOC(=O)C(O)C=C,0.3627
CC1CCCC(OC2CCCC(C)O2)O1,-1.1083
CN1C=NC2=C(N(C)C(=O)N(C)C2=O)C1=O,-1.985
[O-]C(=O)CNS(=O)(=O)C1=CC2=CC=CC=C2C=C1,-2.8497
CCCCC1=C2C=CC=CC2=CC2=C1C1=C(C=CC=C1)C=C2,-7.5245
CCOC(=O)C1=C(N(C)N=C1)S(=O)(=O)[N-]C(=O)NC1=NC(OC)=CC(OC)=N1,-4.4561
[O-]C(=O)CNC(=O)CNS(=O)(=O)C1=CC2=CC=CC=C2C=C1,-2.6954
CC(C1CC1)C(O)(CN1C=NC=N1)C1=CC=C(Cl)C=C1,-3.3189
COCCOC1=CC=CC=C1S(=O)(=O)[N-]C(=O)NC1=NC(OC)=NC(OC)=N1,-3.5372
[O-]C(=O)COC1CCCC1,-0.8471
CC(C)(C)N1N=CC(SCC2=CC=C(C=C2)C(C)(C)C)=C(Cl)C1=O,-7.483
COC1=C(CN(C(=O)CCl)C2=C(C)C=CC=C2C)SC=C1,-4.4689
CN=C1OC(C(=O)C1C1=CC=CC(=C1)C(F)(F)F)C1=CC=CC=C1,-3.9788
CCCCCCCCCCCCCCNC(=O)C(C)O,-3.9784
COC(=O)C1(CC1)S(=O)(=O)C1=CC=CC=C1,-2.2601
ClC(Cl)C(=O)N(CC=C)CC(=O)NCC=C,-1.0397
CSC(=O)C1=C(N=C(C(C(=O)SC)=C1CC(C)C)C(F)(F)F)C(F)F,-5.4575
COC1=NSC(N)=N1,-1.2427
CCOC1=NSC(N)=N1,-0.6514
CC(=O)OCC(S)CS,-1.2208
CCCCC(=CC)C(N)=O,-1.3717
O=C(NC1=NC=CC=N1)C1=CN=CC=N1,-0.3036
CCCCCCCCCOC(=O)C1=CC=CN=C1,-3.0958
CC1=NC2=NC(=NN2C=C1)S(=O)(=O)NC1=C(F)C=CC=C1F,-3.8248
CC1=CC=NC(NC(=O)C2=CN=CC=N2)=N1,-0.7308
CS(=O)(=O)C1=CC=C(C(=O)C2=C([O-])CCCC2=O)C(Cl)=C1,-3.2994
CC1(C)OC(=O)C2=CC(=CC=C12)[N+]([O-])=O,-3.0516
CCC1OC(=O)C2=CC(=CC=C12)[N+]([O-])=O,-2.55
CC(O)C(C)C=O,-0.4906
CC1=NC=NC2=C(O)C=CC=C12,-2.6025
CN1C(=O)C(C)=NC2=CN=CN=C12,-1.489
NC(=O)C1CCCC([NH2+]1)C(N)=O,0.2893
CCC(C)(C)C1CCC(=NO)C(C1)=NO,-3.9652
CCCC1=NC=NC2=C(O)C=CC=C12,-2.9206
[NH3+]C(CC([O-])=O)C1=CC=CC2=CC=CC=C12,-1.5902
CCCCCCCOC(=O)C1=CC=CN=C1,-2.7429
CCOC(=O)C(C)OC1=CC=C(OC2=NC3=CC=C(Cl)C=C3N=C2)C=C1,-5.9694
COC(=O)C1=C(N(C)N=C1Cl)S(=O)(=O)[N-]C(=O)NC1=NC(OC)=CC(OC)=N1,-4.4642
CCOC1=CC=C(NC(C)=O)C2=CC=CN=C12,-1.5171
CC1(C)C(C=CC(=O)OC(C(F)(F)F)C(F)(F)F)C1C(=O)OC(C#N)C1=CC=CC(OC2=CC=CC=C2)=C1,-7.4325
COC(=O)C1=CC=CC=C1S(=O)(=O)[N-]C(=O)N(C)C1=NC(C)=NC(OC)=N1,-3.8981
[O-]C(=O)C(Cl)(Cl)CCCl,-0.5831
COC(=O)C1=CC(=CC=C1C([O-])=O)[N+]([O-])=O,-1.721
[NH3+]CCCCCC[NH2+]CCCCCCCCCCC([O-])=O,-2.3017
CCC(N(CC1=CC=CO1)C(=O)N1C=CN=C1)C(=O)OCCCC=C,-2.8919
COC1=NC2=NC=CN=C2C=N1,-1.113
CN1C(=O)N=CC2=NC=CN=C12,-1.3713
CCCCC(=CC)C(=O)NC(N)=O,-2.7883
COC(C)C(C)Cl,-1.9986
CCC1=NC2=C(N=C1CC)C(=O)N=C[N-]2,-1.9122
CCOC(=O)C1=NN(C(=N1)C(Cl)(Cl)Cl)C1=CC=C(Cl)C=C1Cl,-5.6516
FC1=CC2=C(C=C1N1C(=O)C3=C(CCCC3)C1=O)N(CC#C)C(=O)CO2,-5.2966
[O-]C(=O)CCCC(C([O-])=O)(C1=CC=CC=C1)C1=CC=CC=C1,-3.1737
CC(C)C1(C)N=C(NC1=O)C1=NC=C(C)C=C1C([O-])=O,-2.0911
COC1=C(OC2=CC=CC=C12)C([O-])=O,-2.8857
COCC(=NOCC(=O)OC)C1=CC(OC2=CC=C(C=C2Cl)C(F)(F)F)=CC=C1[N+]([O-])=O,-5.6783
CC(OC1=CC=C(OC2=NC=C(Cl)C=C2F)C=C1)C(=O)OCC#C,-4.9417
CCOCCC1=CC=C(OCCNC2=NC=NC(CC)=C2Cl)C(C)=C1C,-5.2409
CC(CCC([O-])=O)NC(=O)C1=CC=CC=C1,-1.6917
CNC(=O)COC(=O)C1=CC=CC=C1,-1.7178
CCCNC(=O)COC(=O)C1=CC=CC=C1,-2.5387
CC(C)(C)NC(=O)COC(=O)C1=CC=CC=C1,-2.8665
NC(=O)CNC(=O)COC(=O)C1=CC=CC=C1,-1.4983
CN(C)C(=O)COC(=O)C1=CC=CC=C1,-1.372
CCCN(CCC)C(=O)COC(=O)C1=CC=CC=C1,-2.3791
CCCCN(CCCC)C(=O)COC(=O)C1=CC=CC=C1,-3.5614
C=CCN(CC=C)C(=O)COC(=O)C1=CC=CC=C1,-2.5626
CN(CC([O-])=O)C(=O)COC(=O)C1=CC=CC=C1,-2.254
O=C(COC(=O)C1=CC=CC=C1)N1CCCCC1,-2.5011
O=C(COC(=O)C1=CC=CC=C1)N1CCOCC1,-1.7734
CCC(NC=O)C([O-])=O,-0.5918
CC(C)(C)C(O)(CCC1=CC=C(Cl)C=C1)CN1C=NC=N1,-3.932
NS(=O)(=O)C1=CC=C(SCCO)C=C1,-1.8239
NS(=O)(=O)C1=CC=C(SCCCO)C=C1,-2.2472
NS(=O)(=O)C1=CC=C(SCCCCCO)C=C1,-2.6618
CC(O)(CCC(C)(O)C([O-])=O)C([O-])=O,-0.8372
CCCC1=NC(N)=C(CC)C(CCC)=[NH+]1,-2.5132
CC(=NNC(=O)NC1=CC(F)=CC(F)=C1)C1=NC=CC=C1C([O-])=O,-3.7248
[O-]C(=O)C1=CC=CC=C1C1OC(=O)C2=CC=CC=C12,-3.1042
O=C1CCCCCCCCCCCCCCCCCN1,-2.8474
CC(OC1=CC=C(OC2=NC3=CC=C(Cl)C=C3N=C2)C=C1)C(=O)OCCON=C(C)C,-5.8479
CN1N=C(C)C(C=NOCC2=CC=C(C=C2)C(=O)OC(C)(C)C)=C1OC1=CC=CC=C1,-7.4604
CCOC(=O)CSC1=NC(=NN1C(=O)N(C)C)C(C)(C)C,-2.861
CC(C)(C)N(NC(=O)C1=CC=C(Cl)C=C1)C(=O)C1=CC=CC=C1,-4.4404
CCC1=CC=C(C=C1)C(=O)NN(C(=O)C1=CC(C)=CC(C)=C1)C(C)(C)C,-5.6281
[O-]C(=O)C1CC1C(=O)NC1=CC=C(Cl)C=C1Cl,-3.8697
CC(OC1=CC=C(OC2=NC3=CC=C(Cl)C=C3O2)C=C1)C([O-])=O,-3.092
COCC1=CN=C(C2=NC(C)(C(C)C)C(=O)N2)C(=C1)C([O-])=O,-1.84
ClC1=CC=C(CCC(CN2C=NC=N2)(C#N)C2=CC=CC=C2)C=C1,-6.2264
CCC1C(C)OC1=O,-0.6665
O=C(COC(=O)C1=CC=CC=C1)N1CCC1,-1.6085
O=C(COC(=O)C1=CC=CC=C1)N1CCCCCC1,-2.5421
OC1CCN(CC1)C(=O)COC(=O)C1=CC=CC=C1,-1.3486
[O-]C(=O)C1CCCN1C(=O)COC(=O)C1=CC=CC=C1,-1.5917
COC(=O)C1CCCN1C(=O)COC(=O)C1=CC=CC=C1,-2.0841
CN(C)C(=O)CCOC(=O)C1=CC=CC=C1,-1.0994
CN(C)C(=O)CCCOC(=O)C1=CC=CC=C1,-1.2286
CN(C(C)=O)C(=O)COC(=O)C1=CC=CC=C1,-2.8664
CC(C)NC(=O)COC(=O)C1=CC=CC=C1,-2.7321
CCCCNC(=O)COC(=O)C1=CC=CC=C1,-2.7588
CCCCCCNC(=O)COC(=O)C1=CC=CC=C1,-3.902
CC(NC(=O)COC(=O)C1=CC=CC=C1)C(N)=O,-2.7172
FC(OC(F)(F)F)C(F)(F)OC1=CC=C(NC(=O)NC(=O)C2=C(F)C=CC=C2F)C=C1Cl,-6.9675
CC[NH2+]C(C)CC,-0.21
[NH3+]CCCCC(NC(=O)C1=CC=CC=C1)C([O-])=O,-2.2845
COC(=O)CSC1=CC(N=C2SC(=O)N3CCCCN23)=C(F)C=C1Cl,-5.6768
OC(C(O)C(O)C([O-])=O)C(O)C([O-])=O,0.1999
COC(=O)C1=C(CC(C)C)C(C2=NCCS2)=C(N=C1C(F)F)C(F)(F)F,-5.2002
CCC[NH+](CC)CC1COC2(CCC(CC2)C(C)(C)C)O1,-2.8014
OCCC1=CC=C(O)C(=C1)[N+]([O-])=O,-1.1556
CC1OC(=O)C2=CC(N)=CC=C12,-1.7891
CC1(C)C(C=C(Cl)Cl)C1C(=O)OCC1=C(F)C(F)=CC(F)=C1F,-6.8137
COC1=CC=C(C=C1)C(=O)C1=CSC(=C1)S(N)(=O)=O,-4.4733
NS(=O)(=O)C1=CC(=CS1)C(=O)C1=CC=C(O)C=C1,-2.8612
COC1=CC=C(C=C1)C(=O)C1=COC(=C1)S(N)(=O)=O,-4.1481
CC1=CC=C(C=C1)C(=O)C1=CSC(=C1)S(N)(=O)=O,-4.4492
NC(=O)C1=NN(C(=N1)C1=CC=CC=C1)C1=CC=C(Cl)C(COCC(F)(F)C(F)(F)F)=C1,-5.6635
CCC1=NN(C)C(C(=O)NCC2=CC=C(C=C2)C(C)(C)C)=C1Cl,-5.1086
CC(OC1=CC=C(OC2=NC3=CC=C(Cl)C=C3N=C2)C=C1)C(=O)OCC1CCCO1,-5.0303
NC1=C(C(=NN1C1=C(Cl)C=C(C=C1Cl)C(F)(F)F)C#N)S(=O)C(F)(F)F,-5.3619
COC1=CC(OC)=NC(NC(=O)[N-]S(=O)(=O)C2=C(C=NN2C)C2=NN(C)N=N2)=N1,-2.6066
CCN(CC1=CC=C(Cl)N=C1)C([CH-][N+]([O-])=O)=[NH+]C,0.4918
CC(C)(C)C1=CC=C(CCOC2=NC=NC3=CC=CC=C23)C=C1,-6.1439
COC1=CC=C(NCC(O)CO)C=C1,-0.295
CC1(C)OC(CN1C(=O)C(Cl)Cl)C1=CC=CO1,-3.1498
CCCCOC(=O)C(C)OC1=CC=C(OC2=CC=C(C=C2F)C#N)C=C1,-5.708
COC1=CC(OC)=NC(NC(=O)[N-]S(=O)(=O)C2=C(Cl)N=C3C=CC=CN23)=N1,-4.7886
NC(=O)CC(NC(=O)CCl)C([O-])=O,-0.3193
CCS(=O)(=O)C1=CC=CN=C1S(=O)(=O)[N-]C(=O)NC1=NC(OC)=CC(OC)=N1,-4.6349
C=C1CN(N=CC2=CC=CN=C2)C(=O)NN1,-2.8745
CC(O)CCCC=O,-0.463
CCOC(=O)C1=CC=C(OC)C(OC)=C1C([O-])=O,-2.253
FC1=CC=C(OC2=CC=NC3=CC(Cl)=CC(Cl)=C23)C=C1,-6.4243
CC1(C)CCC(CC2=CC=C(Cl)C=C2)C1(O)CN1C=NC=N1,-4.3288
CC(C)C1CCC(CC2=CC=C(Cl)C=C2)C1(O)CN1C=NC=N1,-4.6828
CCN(CC)C(=O)N1C=NC(=N1)S(=O)(=O)C1=C(C)C=C(C)C=C1C,-5.1467
CC=CC(=O)NC1=CC=C(O)C=C1,-2.6464
CCC(CC)(C#N)C(=O)NC(N)=O,-1.564
CCOC1=CC=CC=C1OS(=O)(=O)[N-]C(=O)NC1=NC(OC)=CC(OC)=N1,-4.1853
CCOC(=O)C(Cl)CC1=CC(N2N=C(C)N(C(F)F)C2=O)=C(F)C=C1Cl,-4.2727
CCC1=C(C([O-])=O)C(=O)C=NN1C1=CC=C(Cl)C=C1,0.4
OC1(CCCCCC1N1C=NC=N1)C1=CC=C(Cl)C=C1,-3.3681
CCOC(=O)COC1=CC(C2=NN(C)C(OC(F)F)=C2Cl)=C(F)C=C1Cl,-5.6161
FC1(F)OC2=CC=CC(=C2O1)C1=CNC=C1C#N,-5.1395
CC1(OC(=O)N(NC2=CC=CC=C2)C1=O)C1=CC=C(OC2=CC=CC=C2)C=C1,-6.8573
COC=C(C(=O)OC)C1=CC=CC=C1OC1=CC(OC2=CC=CC=C2C#N)=NC=N1,-4.8276
CNC(=O)C(=NOC)C1=CC=CC=C1OC1=CC=CC=C1,-3.3466
CSC(=O)C1=C2SN=NC2=CC=C1,-4.4363
CN(CC1=CC=C(Cl)N=C1)C(C)=NC#N,-1.7244
CCOC(=O)C1=NN(C2=CC=C(Cl)C=C2Cl)C(C)(C1)C(=O)OCC,-4.271
NS(=O)(=O)C1=CC=C(SCCCCO)C=C1,-2.5141
NS(=O)(=O)C1=CC=C(CCCO)C=C1,-1.032
NS(=O)(=O)C1=CC=C(CCCCO)C=C1,-1.1931
NS(=O)(=O)C1=CC=C(CCCCCO)C=C1,-1.9712
CN(C)C1=NC(NC(=O)[N-]S(=O)(=O)C2=C(C)C=CC=C2C([O-])=O)=NC(OCC(F)(F)F)=N1,-5.6798
CON=C(C)C1=CC=CC(OC2=NC(OC)=CC(OC)=N2)=C1C(=O)OC,-3.6037
FC1=CC=C2N=C(N3C=NC=N3)N(C(=O)C2=C1)C1=CC=C(Cl)C=C1Cl,-5.5754
COC1=CC(OC)=NC(NC(=O)[N-]S(=O)(=O)NC2=CC=CC=C2C(=O)C2CC2)=N1,-6.3943
[O-][N+](=O)N=C1NCCN1CC1=CC=C(Cl)N=C1,-2.6223
COC1=NC2=NC(=NN2C(OC)=C1)S(=O)(=O)NC1=C(Cl)C=CC(C)=C1Cl,-3.3204
CS(=O)(=O)C1=CC(=CC=C1C(=O)C1=C(ON=C1)C1CC1)C(F)(F)F,-4.7631
CCS(=O)(=O)C1=C(N2C=CC=CC2=N1)S(=O)(=O)[N-]C(=O)NC1=NC(OC)=CC(OC)=N1,-4.4191
CC(C)N(C(=O)COC1=NN=C(S1)C(F)(F)F)C1=CC=C(F)C=C1,-3.8121
CON=C(C(=O)OC)C1=CC=CC=C1COC1=CC=CC=C1C,-5.195
CC1=CC(C)=NC(NC(=O)[N-]S(=O)(=O)C2=CC=CC=C2C(=O)OC2COC2)=N1,-3.893
COC(=O)C1(CC1)S(=O)(=O)C1=CC=C(C)C=C1,-2.8803
CCOC(=O)C1(CC1)S(=O)(=O)C1=CC=C(C)C=C1,-3.0104
CC(C)OC(=O)C1(CC1)S(=O)(=O)C1=CC=C(C)C=C1,-3.2307
COC(=O)C1(CC1)S(=O)(=O)C1=CC=C(Cl)C=C1,-3.3086
CC(C)OC(=O)C1(CC1)S(=O)(=O)C1=CC=C(Cl)C=C1,-3.5401
CC(C)(C)OC(=O)C1(CC1)S(=O)(=O)C1=CC=C(Cl)C=C1,-4.1206
COC(=O)C1(CC1)S(=O)(=O)C1=CC=C(C=C1)[N+]([O-])=O,-3.3797
CC(C)OC(=O)C1(CC1)S(=O)(=O)C1=CC=C(C=C1)[N+]([O-])=O,-4.2605
[NH3+]C1C2CN(CC12)C1=NC2=C(C=C1F)C(=O)C(=CN2C1=CC=C(F)C=C1F)C([O-])=O,-4.5296
CCOC1=NC(F)=CC2=NC(=NN12)S(=O)(=O)NC1=C(Cl)C=CC=C1C(=O)OC,-4.4292
COC1=CC=C(C=C1NNC(=O)OC(C)C)C1=CC=CC=C1,-4.9025
CCOC1=CC(=CC=C1C1COC(=N1)C1=C(F)C=CC=C1F)C(C)(C)C,-6.6782
CCN(C1CCCCC1)C(=O)N1N=NN(C1=O)C1=CC=CC=C1Cl,-5.1821
CC(C)OC(=O)C1(CCC1)S(=O)(=O)C1=CC=C(C=C1)[N+]([O-])=O,-3.7599
CC(C)OC(=O)C1(CCCCC1)S(=O)(=O)C1=CC=C(C=C1)[N+]([O-])=O,-4.8796
CC(C)OC(=O)C1(CCCCCC1)S(=O)(=O)C1=CC=C(C=C1)[N+]([O-])=O,-5.0706
COC(=O)C1(CCC1)S(=O)(=O)C1=CC=C(Cl)C=C1,-2.9996
CC(C)OC(=O)C1(CCCC1)S(=O)(=O)C1=CC=C(Cl)C=C1,-4.6498
CCOC(=O)C1(CCC1)S(=O)(=O)C1=CC=C(C)C=C1,-2.9594
COC(=O)C1(CCC1)S(=O)(=O)C1=CC=CC=C1,-3.0005
COC(=O)C1(CCCC1)S(=O)(=O)C1=CC=CC=C1,-2.5501
COC1=CC=CC(C(=O)NN(C(=O)C2=CC(C)=CC(C)=C2)C(C)(C)C)=C1C,-5.5664
CCOC(=O)C(NC=O)=CC1=COC=C1,-2.7477
CC(C)C(C)C,-3.5832
CCC(C)CC,-3.6826
CC1CCCC1,-3.3019
CCCCCCCC,-5.2382
CCCCCCC,-4.4694
C1CCCCCCC1,-4.1524
CC(C)(C)C,-3.3371
C1=CC2=C(C=C1)C1=C3C(C=CC4=C3C(C=C1)=CC=C4)=C2,-8.1924
C1=CC2=C(C=C1)C1=CC3=C(C=C1C=C2)C1=C(C=CC=C1)C=C3,-8.6679
CC1=C2CCC3=C2C(C=C1)=CC1=C3C=CC2=C1C=CC=C2,-7.9663
C1=CC2=CC3=C(C=C2C=C1)C1=C(C=CC=C1)C=C3,-7.3854
C1=CC2=C(C=C1)C1=C(C=CC=C1)C=C2,-5.1903
S1C2=C(C=CC=C2)C2=C1C=CC=C2,-5.0981
C1=CC2=C3C(=C1)C1=CC=CC4=C1C1=C(C=C4)C=CC(C=C2)=C31,-9.0265
C1=CC2=C3C1=CC=CC3=CC=C2,-3.9756
C1=CC2=CC3=C4C=CC=CC4=C4C=CC=CC4=C3C=C2C=C1,-8.2405
C1=CC2=C(C=C1)C1=C(C=CC=C1)C1=C2C=CC=C1,-6.7447
C1=CC2=C(C=C1)C1=C(C=C2)C2=C(C=CC=C2)C=C1,-8.0575
C1=CC2=C(C=C1)C1=CC3=C(C=CC4=C3C=CC=C4)C=C1C=C2,-8.4318
C1C2=CC=CC=C2C2=CC3=CC=CC=C3C=C12,-7.733
[O-][N+](=O)C1=C2C=CC=CC2=CC2=CC=CC=C12,-6.2918
CC1=CC2=CC3=CC=CC=C3C=C2C=C1,-6.9555
CC1=C2C=CC=CC2=C(C)C2=CC=CC=C12,-6.5663
CC1=CC=CC2=C1C=CC1=C2C=CC=C1,-5.8541
CC1=CC=CC2=C1CC1=CC=CC=C21,-5.2184
CC1=CC2=C(C=C1)C1=C(C=CC=C1)C=C2,-5.8367
CCC1=CC2=CC3=CC=CC=C3C=C2C=C1,-6.8863
CC(C)(C)C1=CC=CC=C1,-3.658
CC(C)C1=CC=CC=C1,-3.2924
C(CC1=CC=CC=C1)C1=CC=CC=C1,-4.6272
CCCC1=CC=CC=C1,-3.3622
CCCCC1=CC=CC=C1,-4.0559
CCC1=CC=CC=C1CC,-3.2759
CCC1=CC(CC)=CC=C1,-3.7476
CC1=CC=CC(C)=C1C,-3.2037
C#CC1=CC=CC=C1,-2.3502
CCCCCC1=CC=CC=C1,-4.6434
CC(C)CC1=CC=CC=C1,-4.1235
CCC1=CC=CC=C1C,-3.2072
CC1=CC=C(C=C1)C1=CC=C(C)C=C1,-6.0177
CCC1=CC=C(C)C=C1,-3.1026
CC1=CC(C)=C(C)C(C)=C1C,-3.9807
CCCCCCC1=CC=CC=C1,-5.2551
CCCCCCCCC1=CC=CC=C1,-6.46
[O-][N+](=O)C1=C(Cl)C(Cl)=C(Cl)C(Cl)=C1Cl,-5.8269
[O-][N+](=O)C1=CC(Cl)=C(Cl)C=C1Cl,-3.8866
CC1=CC=CC=C1Cl,-2.5295
[O-][N+](=O)C1=C(Cl)C(Cl)=CC(Cl)=C1Cl,-5.0963
FC1=CC=C(CCl)C=C1,-2.5442
FC1=CC=C(F)C=C1,-1.9709
FC1=CC=CC(Cl)=C1,-2.3457
ClC1=CC=C(Cl)C(Cl)=C1Cl,-4.5619
[O-][N+](=O)C1=CC(Cl)=C(Cl)C(Cl)=C1Cl,-4.5531
[O-][N+](=O)C1=CC=C(Cl)C(Cl)=C1Cl,-3.94
[O-][N+](=O)C1=C(Cl)C=C(Cl)C=C1Cl,-4.5591
C[NH+](C)C,1.1777
CCN(CC)C1=CC=CC=C1,-3.0278
CNC1=CC=CC=C1,-1.2803
N(C1=CC=CC=C1)C1=CC=CC=C1,-3.5042
COC1=CC=C(C=O)C=C1,-1.5016
NC1=CC(Cl)=CC(Cl)=C1,-2.3153
[O-]C1=C(Cl)C(Cl)=C(Cl)C(Cl)=C1Cl,-4.2793
CCC1=CC=CC=C1O,-1.3594
COC1=CC=CC=C1O,-0.8221
COC1=CC=CC(OC)=C1O,-0.9525
OC1=CC=C(C=C1)C1=CC=CC=C1,-3.4812
[O-]C1=CC(Cl)=C(Cl)C=C1Cl,-2.2163
CC1=CC=C(O)C(C)=C1,-1.191
COC1=CC=C(O)C=C1,-0.4919
CC1=CC(C)=C(O)C(C)=C1,-2.055
OC1=CC=CC(Cl)=C1Cl,-1.6559
OC1=CC(Cl)=CC(Cl)=C1,-1.559
OC(C([O-])=O)(C1=CC=CC=C1)C1=CC=CC=C1,-2.2092
CC12C3C(C([O-])=O)C45CC(=C)C(O)(C4)CCC5C3(OC1=O)C=CC2O,-1.8406
[O-]C(=O)CCl,0.9277
CC(C)C([O-])=O,0.2777
[O-]C(=O)CC1=CC=CC2=CC=CC=C12,-2.6468
[O-]C(=O)CC1=CNC2=CC=CC=C12,-2.0674
CCC(CC)C([O-])=O,-0.8098
CC1=CC(Cl)=CC=C1OCC([O-])=O,-2.503
[O-]C(=O)CCCCCC([O-])=O,-0.5056
CCCCCCCCCCC([O-])=O,-3.5525
[O-]C(=O)COC1=CC=CC=C1,-1.1031
[O-]C(=O)COC1=CC=C(Cl)C=C1,-2.29
[O-]C(=O)C=CC1=CC=CC=C1,-2.4335
CCCCC(CC)C([O-])=O,-1.858
CCCCCCCCCCCCCC([O-])=O,-5.3293
[O-]C(=O)COC1=CC=C(Cl)C(Cl)=C1,-2.6846
[O-]C(=O)COC1=CC=CC=C1Cl,-2.1637
COC1=CC=C(C=CC([O-])=O)C=C1,-2.3984
[O-]C(=O)C1=CC(Cl)=CC(Cl)=C1,-3.1137
[O-]C(=O)C1=CC=C(Cl)C(Cl)=C1,-3.495
[O-]C(=O)C1=CC=CC2=CC=CC=C12,-3.3015
[O-]C(=O)C1=CSC=C1,-1.4743
[O-]C(=O)C1=CC=CO1,-0.4802
[O-]C(=O)C1=CC2=CC=CC=C2C=C1,-3.5639
CC1=CC=CC(=C1)C([O-])=O,-2.1428
COC1=CC=C(C=C1)C([O-])=O,-2.458
CC1=CC=CC=C1C([O-])=O,-2.0621
[O-]C(=O)C1=CC=CC(F)=C1,-1.9704
[O-]C(=O)C1=CC=C(F)C=C1,-2.0673
[O-]C(=O)C1=CC=CC(Cl)=C1,-2.5415
CC(C)C1=CC=C(C=C1)C([O-])=O,-3.0364
CC(C)(C)CO,-0.4012
CCC(C)O,0.3877
OC(C1=CC=CC=C1)C1=CC=CC=C1,-2.5494
OCC1=CC=CC=C1,-0.4319
OC1CCCCC1,-0.3774
CCCCCCCO,-1.8425
OCCCC1=CC=CC=C1,-1.3798
CCCCCCC(C)O,-2.0655
CCCCCC(C)O,-1.5507
CCC(O)CC,-0.2334
CC1=CC=C(CO)C=C1,-1.1999
CCCC(O)CCC,-1.3931
CCCCC(O)CC,-1.4631
CC1CCC(O)CC1,-0.8815
CCCC(O)CC,-0.8025
CCCCC(C)O,-0.8726
OCC1=C(Cl)C=CC=C1Cl,-2.1019
CC(C)Cl,-1.4037
CC(Cl)Cl,-1.2913
FC(Cl)Cl,-0.7383
FC(F)F,-1.2334
FC(Cl)(Cl)Cl,-2.0965
ClC(Cl)C(Cl)(Cl)Cl,-2.6248
FC(F)(Cl)C(F)(Cl)Cl,-3.0423
ClC(Cl)C(Cl)Cl,-1.7536
ClCCCCl,-1.6137
CCCCCCCCl,-3.9957
O=CC1=CC=CO1,-0.0962
O=CC1=CC=C2OCOC2=C1,-1.6324
[O-][N+](=O)C1=CC=CC=C1C=O,-1.8138
[O-][N+](=O)C1=CC=C(C=O)C=C1,-1.8101
CCOC(=O)C(C)=C,-1.3251
CC(C)COC(=O)C(C)=C,-2.039
CCOC(=O)NC,0.8255
CCOC(=O)CCC(=O)OCC,-0.96
CCCCOC(=O)C1=CC=CC=C1,-3.4801
CC(=O)OCC1=CC=CC=C1,-1.6853
CCOC(=O)CC(C)=O,-0.073
CCC(=O)OC,-0.1498
CC(C)OC(=O)C1=CC=CC=C1C(=O)OC(C)C,-2.8773
CCC(=O)CC,-0.253
CC(C)CCC(C)=O,-1.3252
CC(C)C(C)=O,-0.1513
CCCCCCCCC(C)=O,-3.3085
CC(C)(O)C(Cl)(Cl)Cl,-1.346
OCC(Cl)(Cl)Cl,-0.2537
N#CC1=CC=CC=C1,-1.7123
CCC#N,0.2718
C=CC#N,0.1474
CCCC#N,-0.321
ClC1=CC=CC(Cl)=C1C#N,-3.9803
CCCCCCC=C,-4.4373
CCCCCCCC=C,-5.052
C1C=CC=CC=C1,-2.1721
CC=CC,-1.9302
C=CCC=C,-2.0866
CCCCC=C,-3.2261
C=CCCC=C,-2.6867
CCCCCC=C,-3.732
C1C=CCC=C1,-2.0587
CC1=CNC2=CC=CC=C12,-2.4206
N1N=NC2=CC=CC=C12,-0.7794
S1C=CC2=CC=CC=C12,-3.0138
N1C=CC=C1,-0.1734
N1N=CC2=CC=CC=C12,-2.1554
O1C=NC2=CC=CC=C12,-1.1548
C1CC2=CC=CC=C2C1,-3.0351
CC1=CC=CO1,-1.4372
COCC1=CC=C(O1)[N+]([O-])=O,-1.1548
CC1=NC2=CC=CC=C2N1,-1.9598
CSC1=NC2=CC=CC=C2S1,-3.1614
CC1=CSC=C1,-2.3899
CCC1=CC=CS1,-2.5846
S=C1NCCN1,-0.7083
FC(F)=C,-0.7061
ClC1=C(Cl)C(Cl)(Cl)C(Cl)=C1Cl,-5.1805
ClC(Cl)=C(Cl)C(Cl)=C(Cl)Cl,-4.9111
CC1=CC=CC2=CC=CC=C12,-3.7413
ClC1=CC=CC2=CC=CC=C12,-3.9706
CC1=CC2=CC=CC=C2C=C1,-3.762
ClC1=CC2=CC=CC=C2C=C1,-4.143
NC1=CC=CC2=CC=CC=C12,-1.9255
OC1=CC2=CC=CC=C2C=C1,-2.2809
S=C=NC1=CC=CC2=CC=CC=C12,-4.6022
CC1=CC=C(C)C2=CC=CC=C12,-4.1369
CC1=CC2=CC=CC=C2C(C)=C1,-4.2907
CC1=CC2=CC=C(C)C=C2C=C1,-4.8927
CC1=CC2=CC(C)=C(C)C=C2C=C1,-5.0007
CCC1=CC2=CC=CC=C2C=C1,-4.2901
CCC1=CC=CC2=CC=CC=C12,-4.1644
OCC1=CC=CC2=CC=CC=C12,-1.7444
O1C2=CC=CC=C2OC2=CC=CC=C12,-5.3106
ClC1=CC=CC2=C1OC1=CC=CC=C1O2,-5.7196
ClC1=CC=C2OC3=CC=CC=C3OC2=C1,-5.8359
CC1=CC=CC=C1[N+]([O-])=O,-2.3243
COC1=CC=CC=C1[N+]([O-])=O,-1.9572
[O-][N+](=O)C1=CC(=CC(=C1)[N+]([O-])=O)[N+]([O-])=O,-2.8846
[O-][N+](=O)C1=CC(=CC=C1)[N+]([O-])=O,-2.4989
COC1=CC=C(C=C1)[N+]([O-])=O,-2.4142
[O-][N+](=O)C1=CC=C(C=C1)[N+]([O-])=O,-3.3867
CC1=C(C=C(C=C1[N+]([O-])=O)[N+]([O-])=O)[N+]([O-])=O,-3.2423
[O-][N+](=O)C1=CC=CC=C1[N+]([O-])=O,-3.1017
COC1=CC=CC(=C1)[N+]([O-])=O,-2.4861
CC1=C(C=CC=C1[N+]([O-])=O)[N+]([O-])=O,-3.0003
CC1=CC=C(C(=C1)[N+]([O-])=O)[N+]([O-])=O,-3.2604
CCOC(N)=O,0.7314
NC(=O)C=C,0.9544
CCCC(N)=O,0.2721
OC(CO[N+]([O-])=O)CO[N+]([O-])=O,-0.366
CCCC[N+]([O-])=O,-1.3506
CCCCC[N+]([O-])=O,-1.9548
[O-][N+](=O)OCCO[N+]([O-])=O,-1.3495
CCCC#C,-1.6374
CCOCC,-0.0889
CCCOCCC,-1.3192
CCCCCCOCCO,-1.1694
CCCCOCCOCCCC,-1.9402
C1CCOCC1,-0.031
CCCCOCCCC,-2.6376
FC(F)OC(F)(F)C(F)Cl,-1.5162
FC(F)OC(Cl)C(F)(F)F,-1.6157
CCN(CC)N=O,0.0161
O=NN(C1=CC=CC=C1)C1=CC=CC=C1,-3.7531
OC1=C(C=CC2=CC=CC=C12)N=O,-2.5395
CC(C)N(N=O)C(C)C,-1.0006
CCCN(CCC)N=O,-1.0006
CCCCN(CCCC)N=O,-2.0955
CCCCN(CC)N=O,-1.0354
CCCCN(C)N=O,-0.6996
CCN(C)N=O,0.5321
CC1=CC=C(C=C1)C1=CC=CC=C1,-4.6185
ClC1=CC(=CC=C1)C1=CC(Cl)=CC=C1,-5.7983
ClC1=CC=C(C=C1)C1=CC=C(Cl)C=C1,-6.5561
ClC1=CC=CC=C1C1=CC=CC=C1,-4.5917
ClC1=CC=C(C=C1Cl)C1=CC=CC=C1,-6.3899
ClC1=CC=CC=C1C1=CC=CC=C1Cl,-5.0813
ClC1=CC=CC(Cl)=C1C1=C(Cl)C=CC=C1Cl,-7.3898
ClC1=CC=CC(=C1Cl)C1=CC=CC=C1,-5.3498
ClC1=C(Cl)C(Cl)=C(C(Cl)=C1Cl)C1=CC=CC=C1,-7.9107
ClC1=CC=CC(=C1)C1=CC=CC=C1Cl,-5.5851
ClC1=CC=C(C=C1Cl)C1=CC(Cl)=C(Cl)C=C1Cl,-7.3867
ClC1=CC=C(C(Cl)=C1)C1=CC=C(Cl)C(Cl)=C1,-6.8995
ClC1=CC=C(Cl)C(=C1)C1=CC=C(Cl)C(Cl)=C1,-6.8526
ClC1=CC=C(C=C1)C1=CC(Cl)=C(Cl)C=C1Cl,-7.7699
ClC1=CC=C(C=C1)C1=CC=C(Cl)C(Cl)=C1Cl,-6.8754
ClC1=CC=C(C(Cl)=C1)C1=CC=CC=C1,-5.2878
ClC1=CC=C(Cl)C(=C1)C1=CC=CC=C1,-5.2993
ClC1=CC=C(C=C1)C1=CC=CC=C1Cl,-5.2803
ClC1=CC(Cl)=C(C=C1Cl)C1=CC=C(Cl)C(Cl)=C1Cl,-8.3813
ClC1=CC=C(C(Cl)=C1)C1=CC=CC=C1Cl,-6.4902
ClC1=CC=C(Cl)C(=C1)C1=CC(Cl)=C(Cl)C=C1Cl,-7.3263
ClC1=CC=C(Cl)C(=C1)C1=C(Cl)C=CC(Cl)=C1Cl,-7.1895
ClC1=CC=C(C(Cl)=C1)C1=CC(Cl)=C(Cl)C=C1Cl,-7.9503
ClC1=CC=C(C=C1Cl)C1=C(Cl)C=CC(Cl)=C1Cl,-7.6499
ClC1=CC=C(Cl)C(=C1Cl)C1=C(Cl)C=CC(Cl)=C1Cl,-7.9032
ClC1=CC=CC=C1C1=C(Cl)C=CC=C1Cl,-5.9003
ClC1=CC=C(C=C1)C1=C(Cl)C=CC=C1Cl,-6.2095
ClC1=CC=CC(=C1Cl)C1=CC=CC=C1Cl,-5.944
ClC1=CC=CC(=C1)C1=CC(Cl)=CC=C1Cl,-6.0077
ClC1=CC=C(C=C1Cl)C1=CC=CC=C1Cl,-6.287
ClC1=CC=C(C=C1)C1=CC=C(Cl)C(Cl)=C1,-6.5541
ClC1=CC=CC(=C1Cl)C1=CC=CC(Cl)=C1Cl,-7.2722
ClC1=CC=C(Cl)C(=C1)C1=CC=CC(Cl)=C1Cl,-6.4654
ClC1=CC=C(C(Cl)=C1Cl)C1=CC=CC=C1Cl,-6.8299
ClC1=CC=C(Cl)C(=C1)C1=CC(Cl)=CC(Cl)=C1Cl,-7.8201
ClC1=CC(Cl)=C(Cl)C(=C1)C1=C(Cl)C=CC(Cl)=C1Cl,-7.8218
ClC1=CC=CC(=C1Cl)C1=CC(Cl)=C(Cl)C(Cl)=C1Cl,-8.4206
NC(=O)C1=CC=CC=C1,-0.953
CC1=CC(=O)C2=CC=CC=C2C1=O,-3.0319
ClCC1=CC=CC=C1,-2.3822
CSC1=CC=CC=C1,-2.39
O=CNC1=CC=CC=C1,-0.6785
S=C=NC1=CC=CC=C1,-3.1772
CC(=O)NC1=CC=CC=C1Cl,-1.4001
CC(=O)NC1=CC=CC(C)=C1,-2.091
CC(=O)NC1=CC=CC=C1[N+]([O-])=O,-1.9093
S=C=NCC1=CC=CC=C1,-3.1364
OC1=CC=C2CCCCC2=C1,-1.9948
NC(=O)C1=C(Cl)C=CC=C1Cl,-1.8427
CC1=CC=CC(OC2=CC=C(C=C2)[N+]([O-])=O)=C1,-4.6613
CC[NH2+]CNC(=O)C1=CC=CC=C1,-0.0749
C[NH2+]CC(C)C1=CC=CC=C1,-1.0947
O=NN1CCCCC1,-0.1738
C1=CC=C(C=C1)N=NC1=CC=CC=C1,-4.4544
COC(=O)C1C2CCC(CC1OC(=O)C1=CC=CC=C1)[NH+]2C,-2.2267
C[NH+](C)CCCN1C2=CC=CC=C2CCC2=CC=CC=C12,-4.187
NC(=O)NCC1=CC=CC=C1,-0.9462
NS(=O)(=O)C1=CC=CC=C1,-1.563
CC1=CC=CC(=C1)S(N)(=O)=O,-1.3409
ClC1=CC=C(C=C1)C(C1=CC=C(Cl)C=C1)C(Cl)(Cl)Cl,-7.8092
ClC(Cl)=C(C1=CC=C(Cl)C=C1)C1=CC=C(Cl)C=C1,-6.9004
[O-]C(=O)COC1=CC=C(Cl)C=C1Cl,-2.5139
CC(C)OC(=O)NC1=CC=CC(Cl)=C1,-3.3804
CN(C)C(=O)NC1=CC=CC=C1,-1.6101
CC(CCl)OC(C)CCl,-2.0027
OC(C1=CC=C(Cl)C=C1)(C1=CC=C(Cl)C=C1)C(Cl)(Cl)Cl,-5.6657
CC(OC1=CC=C(Cl)C=C1Cl)C([O-])=O,-2.8271
CC(C)OC(=O)NC1=CC=CC=C1,-3.0005
CN(C)C(=O)NC1=CC=C(Cl)C(Cl)=C1,-3.7443
CON(C)C(=O)NC1=CC=C(Cl)C(Cl)=C1,-3.5213
CCCCN(C)C(=O)NC1=CC=C(Cl)C(Cl)=C1,-4.7584
CCCCOC(N)=O,-0.6571
COC(N)=O,0.964
CCCOC(N)=O,-0.1302
CCC(=O)NC1=CC=C(Cl)C(Cl)=C1,-2.9864
CNC(=O)OC1=CC=CC(C)=C1,-1.803
ClC1=C(Cl)C(C#N)=C(Cl)C(C#N)=C1Cl,-5.6466
CN(C)C(=O)NC1=CC=CC(=C1)C(F)(F)F,-3.4365
CCSC(=O)N1CCCCCC1,-2.2858
CCCC(C)C(=O)NC1=CC=C(C)C(Cl)=C1,-4.4503
CNC(=O)OC1=CC(C)=CC(=C1)C(C)C,-3.3575
CNC(=O)OC1=CC=CC=C1C(C)C,-2.6841
CNC(=O)OC1=CC(C)=CC(C)=C1,-2.5813
CC(C#C)N(C)C(=O)NC1=CC=C(Cl)C=C1,-3.8971
CCCC(C)(C)C(=O)NC1=CC=C(Cl)C=C1,-4.0218
CN(C)C(=O)NC1=CC=C(C)C(Cl)=C1,-3.4826
CCN(CC)C(=O)SCC1=CC=C(Cl)C=C1,-3.9641
CC(C)C(C(=O)OC(C#N)C1=CC=CC(OC2=CC=CC=C2)=C1)C1=CC=C(Cl)C=C1,-7.2429
CCC[NH3+],1.2283
CC=O,1.3561
CN(C)N=O,1.1303
[O-][N+]1=CC=CC=C1,1.0218
CSSC,-1.4969
CC1=CC=CN=C1C,0.0938
CC1=CC=NC(C)=C1,0.4471
CC1=CC=C(C)N=C1,-0.03
CC1=CC=NC=C1C,-0.314
CC1=CC(C)=CN=C1,-0.5115
C=CC1=CC=CC=N1,-0.5824
C=CC1=CC=NC=C1,-0.5579
C1=CC=C(N=C1)C1=CC=CC=N1,-1.4206
C1=CC(=CC=N1)C1=CC=NC=C1,-1.5376
C1=CC2=C(N=C1)C1=C(C=C2)N=CC=C1,-2.6806
C1=CC2=CC3=CC=CC=C3N=C2C=C1,-3.6691
C1=CC2=C(C=C1)C1=C(C=C2)N=CC=C1,-3.3574
C1=CC2=CC=NC=C2C=C1,-1.456
C1=CC2=CC=C(N=C2C=C1)C1=NC2=CC=CC=C2C=C1,-5.4002
C1=CC2=CN=NC=C2C=C1,-0.4155
OC1=CC=C(Cl)C=C1CC1=CC(Cl)=CC=C1O,-3.9528
CCCCCCC1=CC=C(O)C=C1O,-2.5895
CCC(=C(CC)C1=CC=C(O)C=C1)C1=CC=C(O)C=C1,-4.3495
NC1=CC=C(C=C1Cl)C1=CC=C(N)C(Cl)=C1,-4.912
NC1=CC=C(N)C=C1,-0.4658
COC1=CC(=CC=C1N)C1=CC=C(N)C(OC)=C1,-3.6098
CC1=CC=C(C=C1)S(C)(=O)=O,-1.9873
CCN(CC)C=O,0.995
CCOC(=O)C(CC1=CNC2=CC=CC=C12)N(C)C=O,-2.2709
C=CS(=O)(=O)NC1=CC=CC=C1,-1.4996
CC1=CC=C(NO)C=C1,-0.7894
ONC1=CC=CC=C1,-0.4359
ClCCS(=O)CCCl,-1.1641
CCS(=O)(=O)CC,0.0433
CCOS(=O)(=O)C1=CC=CC=C1,-2.1308
COS(=O)(=O)C1=CC=CC=C1,-1.7419
CN1N=C(C)C(C(=O)C2=CC=C(Cl)C=C2Cl)=C1OS(=O)(=O)C1=CC=C(C)C=C1,-6.8946
NC1=CC=C(C=C1)S(=O)(=O)C1=CC=C(Cl)C=C1,-4.1267
NC1=CC=C(N)C(=C1)S(=O)(=O)C1=CC=CC=C1C([O-])=O,-1.8395
CC(=O)NC1=CC=C(C=C1)S(=O)(=O)C1=CC=C(N)C=C1,-3.6116
CCC(CC)COC(=O)[N-]S(N)(=O)=O,-1.7487
CCCCOC(=O)[N-]S(N)(=O)=O,-1.0375
CCCCC(CC)COC(=O)[N-]S(N)(=O)=O,-2.402
CC(C)N1C(=O)C2=CC=CC=C2[N-]S1(=O)=O,-2.6817
[O-]C(=O)C(=O)C1=CC=C2OCOC2=C1,-1.1912
O=C1C(=O)C2=CC=CC=C2C2=CC=CC=C12,-4.4435
[O-]C(=O)C(=O)C1=C(C=CC=C1C([O-])=O)C([O-])=O,-0.4541
CN1N(C(C)=CC1=S)C1=CC=CC=C1,-1.6668
[NH3+]C(CSC(Cl)=CCl)C([O-])=O,-1.4895
CC(=O)CC1=NCCS1,-1.156
C[N+]1=CC=C(C=C1)C1=CC=[N+](C)C=C1,0.4349
C1C[N+]2=CC=CC=C2C2=CC=CC=[N+]12,0.3133
CCCCOC(=O)N(C)SN(C)C(=O)OC1=CC=CC2=C1OC(C)(C)C2,-4.5412
CCOC(=O)CCN(SN(C)C(=O)OC1=CC=CC2=C1OC(C)(C)C2)C(C)C,-4.7103
CCCCN(CCCC)SN(C)C(=O)OC1=CC=CC2=C1OC(C)(C)C2,-6.1033
CC([O-])=O,-0.1054
C=O,1.1206
C#CC#C,-0.7241
O=C1CC=CS1,-0.2225
COS(=O)(=O)OC,-0.6537
OC(=C)C(=O)C1=CC=CC=C1,-1.7558
CC(=O)C(O)=C,0.3661
CCC(=O)C(O)=C,-0.1764
[S-]C(=O)CCCCC([S-])=O,-1.7326
COC(=O)OC(C)C(=O)OC,-0.6003
NC(=S)C1=C(Cl)C=CC=C1Cl,-2.3363
CC(=O)CSC#N,-0.2162
N#CSCC(CSC#N)SC#N,-1.9351
[O-]S(=O)(=O)C1=CC2=C(OC3=C2C=CC=C3)C=C1,-0.4655
O=C=O,-1.4748
COC1=CC=CC(=N1)N(C)C(=S)OC1=CC=CC(=C1)C(C)(C)C,-6.014
ClC1=C(Cl)C2(Cl)C3COS(=O)(=O)OCC3C1(Cl)C2(Cl)Cl,-5.945
CC(C)(C)C1=CC=C(OC2CCCCC2OS(=O)OCC#C)C=C1,-5.8457
ClC1=C(Cl)C2(Cl)C3COS(=O)OCC3C1(Cl)C2(Cl)Cl,-5.9019
O=S1OCCO1,0.2214
OC(=S)C1=CC=CN=C1,-1.3801
CCOC(=S)SC(C)C([O-])=O,-1.4489
NC1=C(Cl)C=C(Cl)C=C1Cl,-3.6912
OCC(C([O-])=O)C1=CC=CC=C1,-0.9305
[O-]C(=O)C1=CC=CC=C1C1=CC=CC=C1C([O-])=O,-2.2839
OCC1=CC=CC=C1O,-0.2946
FC(F)(F)Cl,-3.0647
CC(=O)OCC(OC(C)=O)C(OC(C)=O)C(OC(C)=O)C(OC(C)=O)C=O,-2.4154
CC(=O)C1=CC=C(N)C=C1,-1.6058
CN(C)C1=NC(=[NH+]C(=N1)N(C)C)N(C)C,-3.3638
CC1=CC(=O)[N-]O1,-0.0666
NC(=S)NC1=CC=CC2=CC=CC=C12,-2.5278
NC(=S)NC1=CC=CC=C1,-1.7898
ClC1=CC2=C(OC3=CC(Cl)=C(Cl)C=C3O2)C=C1Cl,-9.2068
ClC1=C(Cl)C(Cl)=C2OC3=C(Cl)C(Cl)=C(Cl)C(Cl)=C3OC2=C1Cl,-12.0605
ClC1=CC(Cl)=C2OC3=CC(Cl)=CC(Cl)=C3OC2=C1,-9.0027
ClC1=CC=C2OC3=CC(Cl)=CC=C3OC2=C1,-7.8292
ClC1=CC2=C(OC3=C(Cl)C(Cl)=C(Cl)C(Cl)=C3O2)C=C1Cl,-10.9486
ClC1=CC=C2OC3=C(Cl)C(Cl)=C(Cl)C(Cl)=C3OC2=C1,-9.4728
ClC1=CC2=C(C=C1Cl)C1=C(O2)C=C(Cl)C(Cl)=C1,-8.6456
ClC1=CC=C2OC3=C(Cl)C(Cl)=C(Cl)C=C3OC2=C1,-8.8744
ClC1=CC=CC(=C1Cl)C1=C(Cl)C=CC(Cl)=C1Cl,-6.7798
OC1=CC=CC=C1C(=O)NC1=CC=CC=C1,-3.5885
O=C(OOC(=O)C1=CC=CC=C1)C1=CC=CC=C1,-4.4252
CC(=O)NC1=CC=C(C=C1)S(N)(=O)=O,-1.6066
CCC1(C(=O)NCNC1=O)C1=CC=CC=C1,-2.64
CN1CC(=O)NC1=N,-0.1499
CC1CC(C)C(=O)C(C1)C(O)CC1CC(=O)NC(=O)C1,-1.127
[O-][N+](=O)C(Cl)(Cl)Cl,-2.0063
CCC1(CCC(=O)NC1=O)C1=CC=CC=C1,-2.3374
[O-][N+](=O)OC1COC2C(COC12)O[N+]([O-])=O,-2.6328
O=C1N[N-]C(=O)C=C1,-1.2714
CC1=CC(N)=NC(C)=[NH+]1,-1.2843
CCCC[C-]1C(=O)N(N(C1=O)C1=CC=CC=C1)C1=CC=CC=C1,-3.8124
CC(C)(S)C([NH3+])C([O-])=O,-0.1285
OC1(CC[NH+](CCCC(=O)C2=CC=C(F)C=C2)CC1)C1=CC=C(Cl)C=C1,-4.4289
OCC(NC(=O)C(Cl)Cl)C(O)C1=CC=C(C=C1)[N+]([O-])=O,-2.1114
O=C1CC2OCC=C3C[NH+]4CCC56C4CC3C2C5N1C1=CC=CC=C61,-3.3202
CN(C)C1=C(C)N(C)N(C1=O)C1=CC=CC=C1,-0.6286
OCC[NH+]1CCN(CCCN2C3=CC=CC=C3SC3=CC=C(Cl)C=C23)CC1,-4.1546
C[NH+](C)CCCN1C2=CC=CC=C2SC2=CC=CC=C12,-4.3017
CN1N(C(=O)C=C1C)C1=CC=CC=C1,-0.5642
CC(CN1C2=CC=CC=C2SC2=CC=CC=C12)[NH+](C)C,-4.2597
[O-][N+](=O)C1=CN=C(S1)N1CCNC1=O,-3.2169
OCC[NH+]1CCN(CCCN2C3=CC=CC=C3SC3=CC=C(C=C23)C(F)(F)F)CC1,-4.1488
NC1=C2C=CN(C3OC(CO)C(O)C3O)C2=NC=[NH+]1,-1.9515
NC1=CC=C(C=C1)S(=O)(=O)[N-]C1=NC=CS1,-2.4248
CCCC(C)C1(CC=C)C(=O)NC(=S)NC1=O,-3.4585
CN1C=NC2=C1C(=O)NC(=O)N2C,-2.7372
O=C1NC(=O)C2=CC=CC=C12,-2.6114
C[NH+]1CCN(CCCN2C3=CC=CC=C3SC3=CC=C(C=C23)C(F)(F)F)CC1,-4.5238
COC1=CC([N-]S(=O)(=O)C2=CC=C(N)C=C2)=NC(OC)=N1,-2.9565
COC1CC(=O)CC(C)C11OC2=C(C1=O)C(OC)=CC(OC)=C2Cl,-4.611
CCCC[C-]1C(=O)N(N(C1=O)C1=CC=C(O)C=C1)C1=CC=CC=C1,-3.7329
CC1=NN=C([N-]S(=O)(=O)C2=CC=C(N)C=C2)S1,-2.4107
OCC(O)C(O)CO,0.6985
C[NH2+]C(C)C(O)C1=CC=CC=C1,-0.4147
O=C1N=CNC2=C1C=NN2,-2.3788
CCCCNC(=O)[N-]S(=O)(=O)C1=CC=C(N)C=C1,-2.1782
COC1=CC2=C(C=C1OC)C13CC[NH+]4CC5=CCOC6CC(=O)N2C1C6C5CC34,-2.0909
NC1=CC=C(C=C1)S(=O)(=O)[N-]C1=CC=NN1C1=CC=CC=C1,-2.3213
OC1=CC(O)=C2C(=O)CC(OC2=C1)C1=CC=C(O)C(O)=C1,-3.6147
CC1=CN=C(NS(=O)(=O)C2=CC=C(N)C=C2)N=C1,-2.82
COC1=CN=C(NS(=O)(=O)C2=CC=C(N)C=C2)N=C1,-2.5843
CC1=CC=C(C=C1)S(=O)(=O)[N-]C(=O)NC1CCCCC1,-4.207
CC1=CC([N-]S(=O)(=O)C2=CC=C(N)C=C2)=NO1,-2.6183
COC1=CC(CC2=C[NH+]=C(N)N=C2N)=CC(OC)=C1OC,-2.8608
CC(=O)OCC(=O)C1CCC2C3CCC4=CC(=O)CCC4(C)C3CCC12C,-4.6301
CC12CC(O)C3(F)C(CCC4=CC(=O)C=CC34C)C1CC(O)C2(O)C(=O)CO,-3.6929
CCCCC(=O)OC1(C(C)CC2C3CCC4=CC(=O)C=CC4(C)C3(F)C(O)CC12C)C(=O)CO,-4.7101
NC1=CC=CC=C1O,-0.7369
NC1=CC(=CC(=C1[O-])[N+]([O-])=O)[N+]([O-])=O,-2.4862
NC1=CC=CC(=C1)[N+]([O-])=O,-2.0611
NC1=CC=C(C=C1)[N+]([O-])=O,-2.2782
[O-]C1=CC=C(C=C1[N+]([O-])=O)[N+]([O-])=O,-2.5976
CC1=CC=C(O)C(=C1)[N+]([O-])=O,-2.3837
OC1=CC=C(C=O)C=C1,-0.9762
[O-]C1=CC(=CC=C1[N+]([O-])=O)[N+]([O-])=O,-2.6796
[O-]C1=CC(F)=CC=C1[N+]([O-])=O,-2.05
CC1=CC(=CC(=C1[O-])[N+]([O-])=O)[N+]([O-])=O,-3.0003
[O-]C1=C(C=CC=C1[N+]([O-])=O)[N+]([O-])=O,-2.7668
OC1=CC=CC([O-])=C1[N+]([O-])=O,-2.0734
[O-]C1=CC=C(C=C1[N+]([O-])=O)C1=CC=CC=C1,-4.4101
CCC(C)C1=CC=C(O)C(=C1)[N+]([O-])=O,-3.8403
NC1=CC=C(C([O-])=O)C(O)=C1,-1.9572
NC1=CC=CC(=C1)C([O-])=O,-1.3663
OC1=CC=C(C=C1O)C([O-])=O,-0.9278
COC1=CC(=CC=C1O)C([O-])=O,-2.0496
NC1=CC(Cl)=CC(C([O-])=O)=C1Cl,-2.4688
NC1=CC=C(C=C1)C([O-])=O,-1.3511
OC1=CC=CC(O)=C1C([O-])=O,-1.2074
CCCCOC(=O)C1=CC=C(O)C=C1,-2.9723
COC(=O)C1=CC=CC=C1O,-1.313
NC1=CC=C(C(=O)OC2=CC=CC=C2)C(O)=C1,-4.5152
COC(=O)C1=CC=C(N)C=C1,-1.5974
CCCCCOC(=O)C1=CC=C(N)C=C1,-3.3499
CCCCCCCOC(=O)C1=CC=C(N)C=C1,-4.6001
CCCCCCCCOC(=O)C1=CC=C(N)C=C1,-5.3999
CCOC(C)OCC,-0.4291
COCOC,0.506
CC1OC(C)OC(C)O1,-0.0719
CCOCOCC,-0.1726
CC1CC2C3CCC4=CC(=O)C=CC4(C)C3(F)C(O)CC2(C)C1(O)C(=O)CO,-3.6444
CC(=O)OCC(=O)C1(O)CCC2C3CCC4=CC(=O)CCC4(C)C3C(O)CC12C,-4.4577
CC(=O)OCC(=O)C1(O)CCC2C3CCC4=CC(=O)CCC4(C)C3C(=O)CC12C,-4.3037
CC12CC(O)C3C(CCC4=CC(=O)CCC34C)C1CCC2C(=O)CO,-3.2408
CC(=O)OCC(=O)C1(O)CCC2C3CCC4=CC(=O)C=CC4(C)C3C(O)CC12C,-4.3692
CC12CC(=O)C3C(CCC4=CC(=O)CCC34C)C1CCC2(O)C(=O)CO,-3.1097
CC(=O)C1CCC2C3CCC4=CC(=O)CCC4(C)C3CCC12C,-4.5526
CC1(O)CCC2C3CCC4=CC(=O)CCC4(C)C3CCC12C,-3.9505
CC12CCC3C(CCC4=CC(=O)CCC34C)C1CCC2O,-4.0908
CC12CCC3C(CCC4=CC(=O)CCC34C)C1CCC2=O,-3.6949
CC12CCC3C(CCC4=CC(=O)CCC34C)C1CCC2C(=O)CO,-3.7446
CC(=O)OCC(=O)C1(O)C(CC2C3CCC4=CC(=O)C=CC4(C)C3(F)C(O)CC12C)OC(C)=O,-4.1297
CC(=O)C1(O)CCC2C3CCC4=CC(=O)CCC4(C)C3CCC12C,-4.7076
CC12CC(O)C3(F)C(CCC4=CC(=O)CCC34C)C1CCC2(O)C(=O)CO,-3.4342
CC1CC2C3CCC(O)(C(C)=O)C3(C)CC(O)C2(F)C2(C)C=CC(=O)C=C12,-4.0986
CC1CC2C3CCC4=CC(=O)C=CC4(C)C3(F)C(O)CC2(C)C1(O)C(=O)COC(C)=O,-4.9
FC1=CNC(=O)[N-]C1=O,-1.0689
CC1=CNC(=O)NC1=O,-1.5187
O=C1CNC(=O)N1,-0.4016
CN1C=CC(=O)NC1=O,-0.7998
CCC1(C(=O)NC(=O)NC1=O)C1=CCCCC1,-2.1693
C=CCC1(CC=C)C(=O)NC(=O)NC1=O,-2.0608
CCC1(CCC(C)C)C(=O)NC(=O)NC1=O,-2.5743
CC(C)C1(CC=C)C(=O)NC(=O)NC1=O,-1.712
OC1=CC=CN=C1,-0.4557
O=C1C=CC=C2NC=CC=C12,-2.5417
OC1=CC2=CC=CN=C2C=C1,-2.1618
ClC1=CC=CC=C1NC1=NC(Cl)=NC(Cl)=N1,-4.5371
CCNC1=NC(NC(C)(C)C)=NC(SC)=N1,-3.9847
CCNC1=NC(Cl)=NC(=N1)N(CC)CC,-4.0601
CC(C)NC1=NC(N)=NC(Cl)=N1,-2.7063
CSC1=NC(NC(C)C)=NC(NC(C)C)=N1,-3.8642
CCNC1=NC(Cl)=NC(NC(C)(C)C#N)=N1,-3.151
CCNC1=NC(NC(C)(C)C)=NC(OC)=N1,-3.2388
[NH3+]C1(CCCC1)C([O-])=O,-0.4122
[NH3+]C(CC1=CC=CC=C1)C([O-])=O,-1.0657
[O-]C(=O)C1=CC(=CC=C1)C([O-])=O,-3.2204
[O-]C(=O)C1=CC=NC(=C1)C([O-])=O,-1.8268
[O-]C(=O)C1=CC=C(N=C1)C([O-])=O,-2.1296
[O-]C(=O)C1=CC=CC(=N1)C([O-])=O,-1.5241
[O-]C(=O)C1=CC=NC=C1C([O-])=O,-1.8538
[O-]C(=O)C1=CC(=CN=C1)C([O-])=O,-2.223
[O-]C(=O)C1=CC=CN=C1,-0.835
CCCCCCCCS(=O)(=O)[N-]S(=O)(=O)CCCCCCCC,-3.9145
NC(=O)CCl,-0.0166
CCC(Cl)(CC)C(N)=O,-1.0289
NC(=O)C(Cl)CCl,-0.5138
CN(C(C)=O)C1=CC=CC=C1,-0.951
CC(C)N(C(=O)CCl)C1=CC=CC=C1,-2.4806
CCOCN(C(=O)CCl)C1=C(C)C=CC=C1CC,-3.0827
[NH3+]CC([O-])=O,0.92
CC1=CCC(CC1)C(C)(C)O,-1.91
CC(C)COC(N)=O,-0.3
CC(=C)C1CC=C(C)C(O)C1,-1.72
CC(C)(C)OC(N)=O,0.1
OCC1OC(O)C(O)C(O)C1O,0.74
CCNC(=S)NCC,-1.46
CC=CC=CC([O-])=O,-1.77
[NH3+]C(CO)C([O-])=O,-0.02
ClC(Cl)(Cl)C(Cl)(Cl)Cl,-3.94
[O-]C(=O)CCCC([O-])=O,1.0
[O-]C(=O)CCC([O-])=O,-0.17
CC(C)(S)C([NH3+])C([O-])=O,-0.13
[O-]C(=O)CCCCC([O-])=O,-0.82
OC(CC([O-])=O)C([O-])=O,0.64
OC1=CC=CC=C1,-0.04
NC(=O)CCC([NH3+])C([O-])=O,-0.54
CCC1(CC)C(=O)NCC(C)C1=O,-0.38
NC(=[NH2+])NCCCC([NH3+])C([O-])=O,0.0
CNC(=O)ON=C(C)SC,-1.21
[O-][N+](=O)OC1COC2C(COC12)O[N+]([O-])=O,-2.63
CC1(C)C(=O)NC(=O)NC1=O,-1.74
NC1=CC(N)=CC=C1,0.51
O=C1NC(=O)C2(CC2)C(=O)N1,-1.89
CCCCCCCCCCNC(=O)NC1CCCCC1,-2.81
CCC1=CC=C(O)C=C1,-1.4
CCC1(C)C(=O)NC(=O)NC1=O,-1.23
O=C1NC(=O)C2(CCC2)C(=O)N1,-1.66
CC1=CC(C)=C(C)C=C1C,-3.84
ClC1=CC=C(Cl)C=C1,-3.35
CCC1(CC)C(=O)NC(=O)NC1=O,-1.42
CC1(CC=C)C(=O)NC(=O)NC1=O,-1.16
OC1=CC=CC(C=O)=C1,-1.23
OC1=CC(O)=CC(O)=C1,-1.05
CCCC1(CC)C(=O)NC(=O)NC1=O,-1.49
CCC1(CC=C)C(=O)NC(=O)NC1=O,-1.61
CCC1(CC)C(=O)NC(=O)N(C)C1=O,-2.1
O=C1NC(=O)C2(CCCCC2)C(=O)N1,-3.06
CC1=CC=C(C=C1)C([O-])=O,-2.53
CC(C)=CCC1(C)C(=O)NC(=O)NC1=O,-2.6
NC(=O)OCC1=CC=CC=C1,-0.35
NNC(=O)C1=CC=NC=C1,-0.04
CCC(C)C1(CC)C(=O)NC(=O)NC1=O,-2.39
[O-]C(=O)C1=C(F)C=CC=C1,-1.39
CC(C)C1(C(C)C)C(=O)NC(=O)NC1=O,-2.77
NC1=C(C=CC=C1)C([O-])=O,-1.52
OC1=CC=CC(=C1)C([O-])=O,-1.24
CCCCCC1(CC)C(=O)NC(=O)NC1=O,-2.51
CCNC(=O)NC(=O)C(=NOC)C#N,-2.3
OC1=CC=C(C=C1)[N+]([O-])=O,-0.94
NC1=C(C=CC=C1)[N+]([O-])=O,-1.96
CC1=C(C)C(C)=C(C)C(C)=C1C,-5.23
OC1=CC(=CC=C1)[N+]([O-])=O,-1.07
CCCCCOC(=O)CCCNC(=O)NC1CCCCC1,-2.3
CCC1(CC=C(C)C)C(=O)NC(=O)NC1=O,-2.25
CCCCCC(O)C=CC1C(O)CC(O)C1CC=CCCCC([O-])=O,-2.33
O=C1NC(=S)NC(=O)C11CCCCC1,-3.46
CCCCCCC1(CC)C(=O)NC(=O)NC1=O,-3.05
O=C1NC(=O)C2(CCCCCCC2)C(=O)N1,-2.98
CCCCCCCCCCNC(=O)NC12CC3CC(CC(C3)C1)C2,-5.83
CCC=C(C)C1(CC)C(=O)NC(=O)NC1=O,-2.31
N1C=CC2=CC=CC=C12,-1.21
CCC(C)C1(CC=C)C(=O)NC(=O)NC1=O,-2.02
CC12CCC3C(CCC4CC(=O)CCC34C)C1CCC2O,-4.74
CC(=O)NC1=CC=CC(O)=C1,-1.06
CCCCCCCC1(CC)C(=O)NC(=O)NC1=O,-3.43
COC1=CC(=CC=C1)C([O-])=O,-1.93
CC(=O)NC1=C(O)C=CC=C1,-2.13
COC1=CC=CC=C1C([O-])=O,-1.6
CC(C)C1(CC=C(C)C)C(=O)NC(=O)NC1=O,-2.59
CC1=CC(C([O-])=O)=C(O)C=C1,-2.76
CCCCCCCCC1(CC)C(=O)NC(=O)NC1=O,-3.94
[O-][N+](=O)C1=CC=CC(C=O)=C1,-1.98
CCCC(C)C1(CC)C(=O)NC(=S)NC1=O,-3.6
CCOC(=O)C1=CC=C(O)C=C1,-2.2
CC[C-]1C(=O)NC(=O)NC1=O,-0.92
NC1=CC(C([O-])=O)=C(O)C=C1,-2.26
S=C=NC1=CC=CC(=C1)C#N,-3.19
COC(=O)C1=CC=C(OC)C=C1,-2.34
CCCCCCCCCC1(CC)C(=O)NC(=O)NC1=O,-4.46
COC(=O)CCCNC(=O)NC12CC3CC(CC(C3)C1)C2,-2.25
OC1=CC=C(O)C(=C1)C([O-])=O,-0.85
CC(C)=CCC1(C(=O)NC(=O)NC1=O)C(C)(C)C,-3.55
CC(=O)NC1=CC=C(C=O)C=C1,-1.63
CCC1(C(=O)NC(=O)NC1=O)C1=CCCCCC1,-3.0
CCCOC(=O)C1=CC=C(O)C=C1,-2.68
O=C1NC(=O)C2(CCCCCCCCCC2)C(=O)N1,-4.59
CN(C)C1=CC=C(C=C1)N=C=S,-4.13
CC12CCC3C(CCC4=CC(=O)CCC34)C1CCC2(O)C#C,-4.63
N#CC(=N[N-]C1=CC=CC=C1)C#N,-3.36
CCCCCC(O)C=CC1C(O)CC(=O)C1CCCCCCC([O-])=O,-3.67
[O-]C1=C(F)C(F)=C(F)C(F)=C1F,-0.52
CN(C)C=[NH+]C1=C(C)C=C(Cl)C=C1,-2.88
O=C1NC(=O)C2(CCCCCCCCCCC2)C(=O)N1,-5.8
CCCCCC(O)C=CC1C(O)CC(=O)C1CC=CCCCC([O-])=O,-2.47
ClC1=C(Cl)C2(Cl)C3C4CC(C=C4)C3C1(Cl)C2(Cl)Cl,-6.31
CC12CCC3C(CCC4=CC(=O)CCC34C)C1CCC2=O,-3.7
CCC1=C(CCCC1)C1(CC)C(=O)NC(=O)NC1=O,-3.53
CCC12CCC3C(CCC4=CC(=O)CCC34)C1CCC2(O)C#C,-5.19
C1=NC2=CN=CN=C2N=C1,0.02
CC(C)=CC1C(C(=O)OCN2C(=O)C3=C(CCCC3)C2=O)C1(C)C,-5.26
[O-]C(=O)CNC(=O)C1=CC=CC=C1,-1.69
CN(C)C(=O)NC1=CC=C(Cl)C=C1,-2.89
[O-]C(=O)C1=C(C=CC=C1)[N+]([O-])=O,-1.35
[O-]C(=O)C1=CC=C(C=C1)N=C=S,-3.98
[NH3+]CC(CC([O-])=O)C1=CC=C(Cl)C=C1,-1.7
[O-]C(=O)C1=CC(=CC=C1)N=C=S,-3.25
CCNC1=NC(NCC)=NC(Cl)=N1,-4.55
CCCCCOC(=O)CCCNC(=O)NC12CC3CC(CC(C3)C1)C2,-2.32
OCC(O)C1OC(=O)C(O)=C1[O-],0.28
C1=CC=C(C=C1)C1=CC=CC=C1,-4.32
CC(CCC([O-])=O)C1CCC2C3C(O)CC4CC(O)CCC4(C)C3CCC12C,-4.57
CC(=O)C1CCC2C3CCC4=CC(=O)CCC4(C)C3CCC12C,-4.43
NC(=O)NN=CC1=CC=C(O1)[N+]([O-])=O,-2.98
CC(C)NC1=NC(NC(C)C)=NC(Cl)=N1,-4.46
ClC(Cl)(Cl)C(NC=O)N1CCN(CC1)C(NC=O)C(Cl)(Cl)Cl,-4.16
CON(C)C(=O)NC1=CC=C(Cl)C=C1,-2.47
[O-]C(=O)C1=CC=C(Cl)C(=C1)[N+]([O-])=O,-2.76
[O-]C(=O)CCCOC1=C(Cl)C=C(Cl)C=C1,-3.57
CC(CCC([O-])=O)C1CCC2C3C(O)CC4CC(O)CCC4(C)C3CC(O)C12C,-3.63
[O-]C(=O)CC1=CC(Cl)=C(OCC=C)C=C1,-3.13
CC1=CC=C(C)C2=C(C)C=CC=C12,-4.92
[O-]C(=O)C1=C(C(Cl)=CC=C1)[N+]([O-])=O,-2.63
OC1=CC=CC2=C(O)C=CC=C12,-2.92
NNC1=C2C=CC=CC2=CN=N1,-2.6
COC1=C(C([O-])=O)C(Cl)=CC=C1Cl,-1.7
CC(=O)C1CCC2C3CCC4=CC(=O)CCC4(C)C3C(O)CC12C,-3.82
ClCC#CCOC(=O)NC1=CC(Cl)=CC=C1,-4.24
CCC(=O)OC1CCC2C3CCC4=CC(=O)CCC4(C)C3CCC12C,-5.37
CS(=O)(=O)OCCCCOS(C)(=O)=O,-2.27
[O-]C(=O)CC1=C(Cl)C=CC(Cl)=C1Cl,-3.08
OC(CC[NH+]1CCCC1)(C1CCCCC1)C1=CC=CC=C1,-4.7
CNC(=O)OC1=C2OC(C)(C)CC2=CC=C1,-2.42
OC(CC[NH+]1CCCCC1)(C1CCCCC1)C1=CC=CC=C1,-5.2
ClC1=CC2=CC=CC=C2C=C1Cl,-5.36
ClC1=CC2=C(Cl)C=CC=C2C=C1,-5.92
OCC1OC(OC2=CC=CC=C2CO)C(O)C(O)C1O,-0.85
ClC1=CC=CC2=C(Cl)C=CC=C12,-5.7
S=C=NC1=CC2=CC=CC=C2C=C1,-4.44
CC12CC(O)C3C(CCC4=CC(=O)CCC34C)C1CCC2C(=O)CO,-3.24
[O-]C(=O)COC1=C(Cl)C=C(Cl)C(Cl)=C1,-2.98
[O-]C(=O)COC1=C(Cl)C(Cl)=C(Cl)C=C1,-3.1
CC12CCC3C(CCC4=CC(O)=CC=C34)C1CCC2O,-4.83
CCC(C)C(=O)OC1CC(C)C=C2C=CC(C)C(CCC3CC(O)CC(=O)O3)C12,-6.01
CC1=C(SCCO1)C(=O)NC1=CC=CC=C1,-3.14
CC(C)(C)[NH2+]CC(O)COC1=CC=CC2=C1CC(O)C(O)C2,-1.01
C[NH+]1C2CCC1CC(C2)OC(=O)C(CO)C1=CC=CC=C1,-1.91
CC(=O)[N-]S(=O)(=O)C1=CC=C(N)C=C1,-1.41
CC1CC2C3CCC(O)(C(C)=O)C3(C)CC(O)C2(F)C2(C)C=CC(=O)C=C12,-4.1
[O-]C(=O)COC1=CC2=CC=CC=C2C=C1,-3.36
CN1C=NC2=C1C(=O)N(C)C(=O)N2C,-0.91
CC(C)[NH2+]CC1CCC2=C(N1)C=C(C(CO)=C2)[N+]([O-])=O,-2.97
CC1CC2C3CCC(O)(C(=O)CO)C3(C)CC(O)C2C2(C)C=CC(=O)C=C12,-3.49
CC12CCC3C(CCC4=CC(O)=CC=C34)C1CCC2(O)C#C,-4.47
CCC1(C(=O)NC(=O)N(C)C1=O)C1=CC=CC=C1,-3.68
O1C2=C(C=CC=C2)C2=C1C=CC=C2,-4.6
CCCC[NH+]1CCCCC1C(=O)NC1=C(C)C=CC=C1C,-3.22
CN1C2CC(CC1C1OC21)OC(=O)C(CO)C1=CC=CC=C1,-1.24
CC[NH+](CC)CCNC(=O)C1=CC(Cl)=C(N)C=C1OC,-3.18
[NH3+]C(CC1=CC=C(C=C1)N(CCCl)CCCl)C([O-])=O,-3.49
COC(=O)[N-]S(=O)(=O)C1=CC=C(N)C=C1,-1.76
CC(=O)OCC(=O)C1CCC2C3CCC4=CC(=O)CCC4(C)C3CCC12C,-4.97
NC1=NC(=O)C2=C(N1)N(COCCO)C=N2,-2.12
COC1=CC=C2C3CCC4(C)C(CCC4(O)C#C)C3CCC2=C1,-5.49
CC12CC(=O)C3C(CCC4=CC(=O)CCC34C)C1CCC2(O)C(=O)CO,-3.11
NC1=[NH+]C(N)=C(C=C1)N=NC1=CC=CC=C1,-4.24
COC(=O)CS(=O)(=O)C1=CC=C(Cl)C=C1,-2.38
[O-]C1=C(C=C(C=C1[N+]([O-])=O)[N+]([O-])=O)[N+]([O-])=O,-1.97
CN1N(C(=O)C(N)=C1C)C1=CC=CC=C1,0.31
[O-]C(=O)C1=CC=CC=C1NC1=CC=CC=C1,-4.96
CC12CC(O)C3(F)C(CCC4=CC(=O)C=CC34C)C1CC(O)C2(O)C(=O)CO,-3.68
OCC1CCC(O1)N1C=NC2=C1NC=NC2=O,-0.94
CC1=CC(=NO1)C(=O)NNCC1=CC=CC=C1,-2.46
C1=CC2=NC3=CC=CC=C3N=C2C=C1,-3.7
O=C(NC1=CC=CC=C1)[N-]C1=CN=NS1,-3.85
CCCCNC(=O)[N-]S(=O)(=O)C1=CC=C(C)C=C1,-3.17
CC1=NC(NC2=CC=CC=C2)=NC(=C1)C1CC1,-4.05
COC(=O)C1(CCCCC1)S(=O)(=O)C1=CC=CC=C1,-3.85
CC(=O)OCC(=O)C1(O)CCC2C3CCC4=CC(=O)CCC4(C)C3C(O)CC12C,-4.61
CCOC(=O)C1=CN=CN1C(C)C1=CC=CC=C1,-4.73
COC1=CC2=CC=C(C=C2C=C1)C(C)C([O-])=O,-3.29
CC12CCC3C(CCC4=CC5=C(CC34C)C=NO5)C1CCC2(O)C#C,-5.51
NC1=NC(=O)C2=C(N1)N(COC(CO)CO)C=N2,-1.77
CC1N(C)CN2C1=NC1=C(C=CC=C1)C2=O,0.03
ClC1=CC=C(C=C1)C1=C(Cl)C=C(Cl)C=C1,-6.0
CC(C)OC(=O)CS(=O)(=O)C1=CC=C(Cl)C=C1,-2.41
CC1=CN(C2CC([N-][N+]#N)C(CO)O2)C(=O)NC1=O,-1.16
CC(C)OC(=O)C1(CCC1)S(=O)(=O)C1=CC=C(C)C=C1,-3.34
CC(=O)OCC(=O)C1(O)CCC2C3CCC4=CC(=O)C=CC4(C)C3C(O)CC12C,-4.38
NC(=O)C1=CC(N2CC2)=C(C=C1[N+]([O-])=O)[N+]([O-])=O,-2.3
ClC1=CC(Cl)=C(C(Cl)=C1)C1=CC=CC=C1,-6.06
NS(=O)(=O)C1=CC2=C(S1)SCCC2O,-2.59
COC(=O)C1(CCCCC1)S(=O)(=O)C1=CC=C(C)C=C1,-4.61
CN1N=C(SC1=NC(C)=O)S(N)(=O)=O,-1.92
ClC1=CC=C(Cl)C(=C1Cl)C1=CC=CC=C1,-6.29
[O-][N+](=O)C1=CC=C(O1)C=NN1CC(=O)NC1=O,-3.38
CC1=NC(NCC2=CN=CC=C2)=C(C#N)C(=O)[N-]1,-2.35
CCOC1OC2=CC=C(OS(C)(=O)=O)C=C2C1(C)C,-3.42
NC1=C2N=CN(C3OC(CO)C(O)C3O)C2=NC=N1,-1.73
CC(C([O-])=O)C1=CC=C(C(F)=C1)C1=CC=CC=C1,-4.29
CC(C)OC(=O)C1(CCCC1)S(=O)(=O)C1=CC=C(C)C=C1,-3.91
CNC(=O)C1=CC(N2CC2)=C(C=C1[N+]([O-])=O)[N+]([O-])=O,-2.85
CC1(C)OC2CC3C4CCC5=CC(=O)C=CC5(C)C4(F)C(O)CC3(C)C2(O1)C(=O)CO,-4.31
CCCSC1=CC=C2N=C(NC(=O)OC)NC2=C1,-4.22
CCCN1CN2C(=NC3=C(C=CC=C3)C2=O)C1C,-2.67
CCCCC(CN1C=NC=N1)(C#N)C1=CC=C(Cl)C=C1,-3.31
C[NH+]1CCC23C4OC5=C(O)C=CC(CC1C2CCC4=O)=C35,-2.1
NS(=O)(=O)C1=CC2=C(S1)SCCC2=O,-3.55
NS(=O)(=O)C1=CC2=C(S1)C(=O)CCS2,-3.49
NS(=O)(=O)C1=CC2=C(S1)C(O)CCS2,-2.25
CC(C)OC(=O)C1(CCCCC1)S(=O)(=O)C1=CC=C(C)C=C1,-4.62
NC1=C(C2=CC=CC=C2C=C1)S([O-])(=O)=O,-1.7
CN1C(CC([O-])=O)=CC=C1C(=O)C1=CC=C(C)C=C1,-4.09
CN(C)C(=O)C1=CC(N2CC2)=C(C=C1[N+]([O-])=O)[N+]([O-])=O,-2.48
ClC1=CC=C(C=C1)C1=CC(Cl)=C(Cl)C(Cl)=C1,-7.96
OC1=CC=C(C=C1C([O-])=O)C1=C(F)C=C(F)C=C1,-4.61
CC1CC2C3CCC4=CC(=O)C=CC4(C)C3(F)C(O)CC2(C)C1(O)C(=O)COC(C)=O,-4.9
ClC1=CC(Cl)=C(C=C1)C1=CC=C(Cl)C=C1Cl,-6.51
ClC1=CC(Cl)=C(C=C1)C1=CC(Cl)=CC=C1Cl,-7.26
ClC1=CC(=C(Cl)C=C1)C1=CC(Cl)=CC=C1Cl,-7.04
ClC1=CC(=C(Cl)C(Cl)=C1Cl)C1=CC=CC=C1,-7.16
C[NH2+]CCCC12CCC(C3=C1C=CC=C3)C1=C2C=CC=C1,-4.69
CCN(CC)C(=O)C(=CC1=CC(O)=C([O-])C(=C1)[N+]([O-])=O)C#N,-4.26
ClC(Cl)C(C1=CC=C(Cl)C=C1)C1=CC=C(Cl)C=C1,-7.2
[O-][N+](=O)C1=CC(=C(C=C1C(=O)NC1CC1)N1CC1)[N+]([O-])=O,-3.39
CC1=NC2=C(C=C(Cl)C=C2)S(=O)(=O)[N-]1,-3.36
CS(=O)(=O)C1=CC=C(C=C1)C(O)C(CO)NC(=O)C(Cl)Cl,-2.15
CC(C([O-])=O)C1=CC=C(C=C1)C(=O)C1=CC=CS1,-2.0
CN1CCN=C(C2=CC=CC=C2)C2=C1C=CC(Cl)=C2,-4.43
NC(=O)N1C2=C(C=CC=C2)C=CC2=C1C=CC=C2,-3.29
[O-]C(=O)C1=CC=CC=C1NC1=CC(=CC=C1)C(F)(F)F,-4.4
CCCN(CCC)C1=C(C=C(C=C1[N+]([O-])=O)C(F)(F)F)[N+]([O-])=O,-6.05
CC(C)OC(=O)C1(CCCCCC1)S(=O)(=O)C1=CC=C(Cl)C=C1,-5.52
CC(CN1C2=C(CCC3=C1C=CC=C3)C=CC=C2)C[NH+](C)C,-4.79
NS(=O)(=O)C1=CC2=C(S1)S(=O)CCC2O,-1.35
CCC(=O)N(C1CC[NH+](CCC2=CC=CC=C2)CC1)C1=CC=CC=C1,-3.82
CC12CCC3C(CCC4=CC(=O)CCC34C)C1CCC2OC(=O)C1=CC=CC=C1,-4.48
ClC1=CC=C(NS(=O)(=O)C2=CC=CC=C2)C=C1,-4.03
COC(=O)C1CC1S(=O)(=O)C1=CC=C(C=C1)[N+]([O-])=O,-3.38
CC12CCC3C(CCC4=CC(=O)CCC34C)C1CCC2OC(=O)CCC1=CC=CC=C1,-5.27
C1=CC2=C(C=C1)C1=C3C2=CC=CC3=CC=C1,-5.93
CCCCNC(=O)N1C(NC(=O)OC)=NC2=CC=CC=C12,-4.86
CC12CCC3C(CCC4=CC(=O)CCC34C)C1CCC2OC(=O)CCCC1=CC=CC=C1,-5.43
ClC1=CC=C(C=C1Cl)C1=CC(Cl)=C(Cl)C(Cl)=C1,-8.39
ClC1=CC=CC=C1NS(=O)(=O)C1=CC=CC=C1,-4.32
CC[NH+]1CCCC1CNC(=O)C1=C(OC)C=CC(=C1)S(N)(=O)=O,-2.88
ClC1=CC(Cl)=C(C=C1)C1=CC(Cl)=C(Cl)C(Cl)=C1,-8.55
CC12CCC3C(CCC4=CC(=O)CCC34C)C1CCC2OC(=O)CC1=CC=CC=C1,-4.66
[O-]C(=O)CC1=CC=CC=C1OC1=C(Cl)C=C(Cl)C=C1,-4.86
ClC1=NC=CC=C1NS(=O)(=O)C1=CC=CC=C1,-3.76
COC1=CC2=C(C=CN=C2C=C1)C(O)C1CC2CC[NH+]1CC2C=C,-2.79
ClC1=CC=CN=C1NS(=O)(=O)C1=CC=CC=C1,-3.17
COC12C3NC3CN1C1=C(C2COC(N)=O)C(=O)C(N)=C(C)C1=O,-2.56
CCCCC(=O)OC1(C(C)CC2C3CCC4=CC(=O)C=CC4(C)C3(F)C(O)CC12C)C(=O)CO,-4.71
ClC1=CC2=C(OC3=C(O2)C=CC=C3)C=C1Cl,-7.23
COC1=CC2=C(C=CN=C2C=C1)C(O)C1C[NH+]2CCC1C(C2)C=C,-3.36
ClC1=CC(=C(Cl)C=C1)C1=C(Cl)C(Cl)=C(Cl)C=C1,-7.91
NS(=O)(=O)C1=CC2=C(S1)S(=O)(=O)CCC2,-2.68
CCOC1=CC=C2N=C(SC2=C1)S(N)(=O)=O,-4.03
CC(C)(C)C1CCC(CC2=C([O-])C(=O)C3=C(C=CC=C3)C2=O)CC1,-7.04
CCC1=CC=C(NS(=O)(=O)C2=CC=C(N)C=C2)C=C1,-4.52
NC1=CC=C(C=C1)S(=O)(=O)NC1=CC=C(Cl)C=C1,-4.13
CCCN(CCC)C1=C(C(N)=C(C=C1[N+]([O-])=O)C(F)(F)F)[N+]([O-])=O,-7.07
COC1=CC=C(NS(=O)(=O)C2=CC=C(N)C=C2)C=C1,-4.23
NC1=CC=C(C=C1)S(=O)(=O)NC1=CC=C(C=C1)C#N,-3.6
CCC(=O)OC(CC1=CC=CC=C1)(C(C)C[NH+](C)C)C1=CC=CC=C1,-2.61
CC(C)[NH+](CCC(C(N)=O)(C1=CC=CC=C1)C1=NC=CC=C1)C(C)C,-1.7
O=C1NC(=O)C(C(=O)[N-]1)(C1=CC=CC=C1)C1=CC=CC=C1,-4.2
[O-][N+](=O)C1=CC=C(NS(=O)(=O)C2=CC=CC=C2)C=C1,-3.93
COC1=CC=C([N-]S(=O)(=O)C2=CC=C(N)C=C2)N=N1,-2.68
CC1=C(C(=O)NC2=CC=CC=C2)S(=O)(=O)CCO1,-2.43
CC1=C(Cl)C=C(NS(=O)(=O)C2=CC=C(N)C=C2)C=C1,-4.91
CC1=C(NS(=O)(=O)C2=CC=C(N)C=C2)C=CC(Cl)=C1,-4.35
CC(=O)OCC(=O)C1(O)C(CC2C3CCC4=CC(=O)C=CC4(C)C3(F)C(O)CC12C)OC(C)=O,-4.13
ClC1=CC=CC(NS(=O)(=O)C2=CC=CC=C2)=C1Cl,-4.73
CC1=C(C=CC(N)=C1)S(=O)(=O)NC1=CC=C(Cl)C=C1,-4.42
CC1=CC([N-]S(=O)(=O)C2=CC=C(N)C=C2)=NC(C)=N1,-2.3
CC1=CC=CC=C1N1C(C)=NC2=C(C=CC=C2)C1=O,-2.92
ClC1=CC=C(C(Cl)=C1Cl)C1=CC(Cl)=C(Cl)C(Cl)=C1,-9.1
CC1=C(NS(=O)(=O)C2=CC=C(N)C=C2)C=C(Cl)C=C1,-3.98
CC1=CC(Cl)=C(NS(=O)(=O)C2=CC=C(N)C=C2)C=C1,-4.32
[O-][N+](=O)C1=CC=CC=C1[N-]S(=O)(=O)C1=CC=CC=C1,-4.01
ClC1=CC=C(C(Cl)=C1Cl)C1=C(Cl)C(Cl)=C(Cl)C=C1,-8.78
CC1=C(C=CC(N)=C1)S(=O)(=O)NC1=C(Cl)C=CC=C1,-5.05
COC1=C2C(=O)C3(OC2=C(Cl)C(OC)=C1)C(C)CC(=O)C=C3OC,-3.97
ClC1=CC(Cl)=C(C(Cl)=C1)C1=C(Cl)C=C(Cl)C=C1Cl,-8.71
CCCC(=O)OCN1N=CC2=C1N=CN(COC(=O)CCC)C2=O,-3.83
CC(C)(C)CC(=O)OCC(=O)C12OC(C)(C)OC1CC1C3CCC4=CC(=O)C=CC4(C)C3(F)C(O)CC21C,-5.12
[O-][N+](=O)C1=CC=C2NC(=O)CN=C(C3=CC=CC=C3)C2=C1,-3.8
CCN1C=CC(NS(=O)(=O)C2=CC=C(N)C=C2)=NC1=O,-2.23
CC1=CC=C([N-]S(=O)(=O)C2=CC=C(C=C2)[N+]([O-])=O)N=C1,-4.29
CC1OC(CC(O)C1O)OC1C(O)CC(OC2C(O)CC(OC3CCC4(C)C(CCC5C4CCC4(C)C(CCC54O)C4=CC(=O)OC4)C3)OC2C)OC1C,-5.29
NC1=CC=C(C=C1)S(=O)(=O)NC1=CC=C(C=C1)[N+]([O-])=O,-3.94
CNC1=[NH+]C2=CC=C(Cl)C=C2C(C2=CC=CC=C2)=[N+]([O-])C1,-4.48
NC1=CC=C(C(Cl)=C1)S(=O)(=O)NC1=CC=C(Cl)C=C1,-4.59
NC1=CC=C(C=C1)S(=O)(=O)NC1=CC(Cl)=CC=C1Cl,-4.4
NC1=CC=C(C=C1)S(=O)(=O)NC1=CC=CC(Cl)=C1Cl,-4.73
CCN1C=C(C([O-])=O)C(=O)C2=C1C=C(N1CC[NH+](C)CC1)C(F)=C2,-1.47
CC1=C(N=C2C=C(O)C(=O)C3=C2C=CC=C3)C(C)=NO1,-3.89
NS(=O)(=O)C1=CC2=C(S1)C(O)CCS2=O,-1.57
CCCN(CCC)C1=C(C=C(C=C1[N+]([O-])=O)S(N)(=O)=O)[N+]([O-])=O,-5.13
NC1=CC=C(C=C1)S(=O)(=O)[N-]C1=CC=CC=C1[N+]([O-])=O,-4.49
NC1=CC(Cl)=C(C=C1)S(=O)(=O)NC1=CC=CC=C1Cl,-5.11
COC1=C(NS(=O)(=O)C2=CC=C(N)C=C2)C=CC=C1Cl,-4.15
C[NH+]1CCN(CC1)C1=NC2=C(OC3=C1C=C(Cl)C=C3)C=CC=C2,-4.42
CC(=O)OCN1C(=O)NC(C1=O)(C1=CC=CC=C1)C1=CC=CC=C1,-4.47
CN1C(=O)CCC(N2C(=O)C3=C(C=CC=C3)C2=O)C1=O,-2.99
COC(=O)NC1=NC2=CC=C(C=C2N1)C(=O)C1=CC=CC=C1,-3.88
CN1C=NC(=C1SC1=C2NC=NC2=NC=N1)[N+]([O-])=O,-3.21
CC1N(CC2=CC=CC=C2)CN2C1=NC1=C(C=CC=C1)C2=O,-4.0
CCC1=C(N=C2C=C(O)C(=O)C3=C2C=CC=C3)C(C)=NO1,-2.72
ClC1=CC(Cl)=C(C=C1Cl)C1=C(Cl)C=C(Cl)C(Cl)=C1Cl,-7.92
CCOC1=CC=C(NS(=O)(=O)C2=CC=C(C=C2)[N+]([O-])=O)C=C1,-4.72
CC(=C)[C-]1OC(=O)N(C1=O)C1=C(F)C=C(Cl)C(OC2CCCC2)=C1,-6.21
CCC(=O)OCN1C(=O)NC(C1=O)(C1=CC=CC=C1)C1=CC=CC=C1,-4.91
ClC1=CC=C(Cl)C(=C1)C1=C(Cl)C(Cl)=C(Cl)C(Cl)=C1Cl,-8.46
CC1=C(C=CC(N)=C1)S(=O)(=O)[N-]C1=C(C=CC=C1)[N+]([O-])=O,-4.51
CC1=C2C=CC=CC2=C(C)C2=C1C=CC1=C2C=CC=C1,-6.78
FC1=CC=CC(F)=C1C1=NN=C(N=N1)C1=C(Cl)C=CC=C1,-6.12
C(C=CC1=CC=CC=C1)N1CC[NH+](CC1)C(C1=CC=CC=C1)C1=CC=CC=C1,-4.2
CCCC1=C(N=C2C=C(O)C(=O)C3=C2C=CC=C3)C(C)=NO1,-3.7
NC1=CC=C(C=C1)S(=O)(=O)NC1=C(Cl)C=C(Cl)C(Cl)=C1,-4.83
NS(=O)(=O)C1=CC2=C(C=C1Cl)N=C[N-]S2(=O)=O,-2.92
C[NH+](C)CCC=C1C2=C(SC3=C1C=C(Cl)C=C3)C=CC=C2,-5.87
NS(=O)(=O)C1=CC2=C(CC(O)CS2(=O)=O)S1,-1.59
CCCCC(=O)OCN1C(=O)NC(C1=O)(C1=CC=CC=C1)C1=CC=CC=C1,-4.68
NS(=O)(=O)C1=CC2=C(S1)S(=O)(=O)CC(O)C2,-1.54
NS(=O)(=O)C1=CC2=C(S1)C([O-])=CCS2(=O)=O,-3.67
NS(=O)(=O)C1=CC2=C(S1)C(O)CCS2(=O)=O,-1.28
CCCN1C(=O)CCC(N2C(=O)C3=C(C=CC=C3)C2=O)C1=O,-3.72
NS(=O)(=O)C1=CC2=C(S1)S(=O)(=O)CC=C2[O-],-3.02
CC1(O)CC(C2=CC=CC=C2)C2=C(O1)C1=C(OC2=O)C=CC=C1,-4.74
CC(=O)OCC1=C(N2C(SC1)C(NC(=O)CC1=CC=CS1)C2=O)C([O-])=O,-2.94
CCC1OC(=O)C(C)C(OC2CC(C)(OC)C(O)C(C)O2)C(C)C(OC2OC(C)CC(C2O)[NH+](C)C)C(C)(O)CC(C)C(=O)C(C)C(O)C1(C)O,-1.27
ClC1=CC(=C(Cl)C(Cl)=C1Cl)C1=CC(Cl)=C(Cl)C(Cl)=C1Cl,-9.16
CCCCCC1=C(N=C2C=C(O)C(=O)C3=C2C=CC=C3)C(C)=NO1,-3.18
CCON=C(OC(=O)C1=CC=CC=C1)C1=C(OC)C(Cl)=CC=C1OC,-4.08
CC1COC2=C(N3CCN(C)CC3)C(F)=CC3=C2N1C=C(C([O-])=O)C3=O,-1.27
COC1=CC2=NC(=[NH+]C(N)=C2C=C1OC)N1CCN(CC1)C(=O)C1CCCO1,-1.8
CCN1C(=O)C(=N[N-]C2=C(C=C(Cl)C=C2)[N+]([O-])=O)C(C)=C(C#N)C1=O,-6.69
COC1=CC2=C(SC3=C(C=CC=C3)N2CC(C)C[NH+](C)C)C=C1,-4.37
ClC1=CC(Cl)=C(Cl)C(=C1Cl)C1=C(Cl)C(Cl)=CC(Cl)=C1Cl,-9.38
CCC1OC(=O)C(C)C(OC2CC(C)(OC)C(O)C(C)O2)C(C)C(OC2OC(C)CC(C2O)[NH+](C)C)C(C)(CC(C)C(=O)C(C)C(O)C1(C)O)OC,-2.2
CC1=CC=CC(C)=C1NC(=O)C1=CC(=C(Cl)C=C1[O-])S(N)(=O)=O,-3.9
CC(=O)NC1=C([N-]S(=O)(=O)C2=CC=C(C=C2)[N+]([O-])=O)C=NC=C1,-3.39
CCCCCN1C(=O)CCC(N2C(=O)C3=C(C=CC=C3)C2=O)C1=O,-4.7
CC1=CN(C2CC([N-][N+]#N)C(COC(=O)C3=CC=NC=C3)O2)C(=O)NC1=O,-2.72
COC1=CC2=C(C(OC)=C1OC)C1=CC=C(OC)C(=O)C=C1C(CC2)NC(C)=O,-0.94
CC1=NN=C2CN=C(C3=CC=CC=C3)C3=C(C=CC(Cl)=C3)N12,-3.6
C1=CC2=C3C(C=CC=C3C3=C4C(C=CC=C24)=CC=C3)=C1,-8.7
C1=CC2=C(C=C1)C1=C3C(C=CC4=C3C2=CC=C4)=CC=C1,-7.66
COC1=CC2=C(N)[NH+]=C(N=C2C(OC)=C1OC)N1CCN(CC1)C(=O)OCC(C)(C)O,-3.64
COC1=C2C(=O)C3=C(C=CC=C3)N(C)C2=C2C=CC(C)(C)OC2=C1,-5.21
ClC1=C(Cl)C(Cl)=C(Cl)C(=C1)C1=C(Cl)C(Cl)=C(Cl)C(Cl)=C1Cl,-9.62
CSC1=CC2=C(SC3=C(C=CC=C3)N2CCC2CCCC[NH+]2C)C=C1,-5.82
CCOC(=O)C(C)OC1=CC=C(OC2=NC3=CC=C(Cl)C=C3S2)C=C1,-5.67
CC1=NN=C2CN=C(C3=CC=CC=C3Cl)C3=C(C=CC(Cl)=C3)N12,-4.08
COC1=CC2=C(C=C1OC)C1C(CO2)OC2=C(C=CC3=C2CC(O3)C(C)=C)C1=O,-4.47
CN1C(CCl)NC2=C(C=C(C(Cl)=C2)S(N)(=O)=O)S1(=O)=O,-3.78
CC(OC1=CC=C(OC2=NC3=CC=C(Cl)C=C3N=C2)C=C1)C(=O)OC1CCCO1,-5.02
NS(=O)(=O)C1=C(Cl)C=C2NC(NS(=O)(=O)C2=C1)C(Cl)Cl,-3.18
CCOC(=O)C1=CC=CC=C1S(=O)(=O)[N-]C(=O)NC1=NC(Cl)=CC(OC)=N1,-4.58
CN1C(C(=O)NC2=CC=CC=N2)=C([O-])C2=C(C=CC=C2)S1(=O)=O,-4.5
CC1=CC=C(C=C1)C1=CC(=NN1C1=CC=C(C=C1)S(N)(=O)=O)C(F)(F)F,-4.74
CN(C)C1C2C(O)C3C(=C([O-])C2(O)C(=O)C(C(N)=O)C1=O)C(=O)C1=C(C=CC=C1O)C3(C)O,-3.15
[O-]C1=C(CC2=C([O-])C3=C(OC2=O)C=CC=C3)C(=O)OC2=CC=CC=C12,-4.27
CN1C(C(=O)NC2=NC=C(C)S2)=C([O-])C2=CC=CC=C2S1(=O)=O,-1.92
CC(C)(SC1=C(C=C(O)C=C1C(C)(C)C)C(C)(C)C)SC1=C(C=C(O)C=C1C(C)(C)C)C(C)(C)C,-8.17
CCOC(=O)NC1=CC2=C(SC3=C(C=CC=C3)N2C(=O)CCN2CCOCC2)C=C1,-3.9
FC1=CC=CC(F)=C1C(=O)NC(=O)NC1=C(F)C=C(OC2=CC=C(C=C2Cl)C(F)(F)F)C=C1,-8.09
COC(=O)C1=CC=C(N=C1S(=O)(=O)[N-]C(=O)NC1=NC(OC)=CC(OC)=N1)C(F)(F)F,-3.89
CN(CC1=NC2=C(N)N=C(N)N=C2N=C1)C1=CC=C(C=C1)C(=O)NC(CCC([O-])=O)C([O-])=O,-4.0
C1=CC2=C3C4=C5C(C=CC6=C5C5=C3C(C=C2)=CC=C5C=C6)=CC=C14,-8.83
COC1=CC(=CC(OC)=C1O)C1C2C(COC2=O)C(OC2OC3COC(C)OC3C(O)C2O)C2=C1C=C1OCOC1=C2,-3.47
CCC1NC(=O)C(C(O)C(C)CC=CC)N(C)C(=O)C(C(C)C)N(C)C(=O)C(CC(C)C)N(C)C(=O)C(CC(C)C)N(C)C(=O)C(C)NC(=O)C(C)NC(=O)C(CC(C)C)N(C)C(=O)C(NC(=O)C(CC(C)C)N(C)C(=O)CN(C)C1=O)C(C)C,-4.64
N#CCC#N,0.25
CS(C)(=O)=O,0.2
OC1=CC=C(F)C=C1,-0.21
CC(=CCO)C=CC=C(C)C=CC1=C(C)CCCC1(C)C,-3.81
O=C1C=CC(=O)C=C1,-0.89
OC1=CC(Cl)=CC=C1,-0.71
CCC(CC)(C(=O)NC(N)=O)C(=O)OC,-1.96
CCOC(=O)C(CC)(CC)C(=O)NC(N)=O,-2.08
[O-]C(=O)C1C2CCC(O2)C1C([O-])=O,-0.27
CCOC1=CC=C(O)C=C1,-1.29
CC1=NC(=CN1)[N+]([O-])=O,-1.63
CCC(CC)(C(=O)NC(N)=O)C(=O)OC(C)C,-2.77
CCC(CC)(C(=O)NC(N)=O)C(=O)OCOC,-2.17
NC(=S)C1=CC=CC=C1,-1.92
ClCCN(N=O)C(=O)NC1CCCCC1,-3.37
COC(=O)C(CC=C)(CC=C)C(=O)NC(N)=O,-2.17
CC1=CC(O)=CC(C)=C1Cl,-2.67
OCNC(=O)C1=CC=CC=C1,-0.52
CN1C(C)=NC=C1[N+]([O-])=O,-1.16
CCC1=CC=C(C=C1)C([O-])=O,-2.52
CC(C)C1=NC(=CN1)[N+]([O-])=O,-1.15
COC1=CC=C(C=C1)C(N)=O,-1.72
COC1=CC=CC(=C1)C(N)=O,-1.72
CC(C)(C)C(=O)OCN1C=C(F)C(=O)N(COC(=O)C(C)(C)C)C1=O,-3.9
CN(C)CNC(=O)C1=CC=CC=C1,0.42
CCCCC1=CC=C(C=C1)C([O-])=O,-3.08
CC(=O)OCN1C=C(F)C(=O)N(COC(C)=O)C1=O,-1.81
CCOC(=O)C(C)(C(=O)NC(=O)NC)C1=CCCCC1,-3.0
CC(C)C1=NC=C(N1C)[N+]([O-])=O,-1.26
CNC(=O)OC1=CC(C)=C(C)C=C1,-2.49
CC(O)CN1C(C)=NC=C1[N+]([O-])=O,-0.74
CC1=CC2=CC=CC=C2C=N1,-2.19
CCC(C)C1=C(OC(=O)NC)C=CC=C1,-2.53
CCC(CC)(C(=O)NC(N)=O)C(=O)OCC(=O)OC,-2.01
[O-]C(=O)CONC(=O)C1=CC=CC=C1,-0.95
COC1=C(O)C=CC(C=CC([O-])=O)=C1,-3.05
S=C1N=CNC2=C1NC=N2,-2.95
CNC(=O)N1C=C(F)C(=O)[N-]C1=O,-2.28
CCC(=O)N1C(=O)NC=C(F)C1=O,-0.7
COC(=O)N1C=C(F)C(=O)NC1=O,-0.91
CC(=O)OCN1C=C(F)C(=O)NC1=O,-0.67
COC(=O)C1=CC=CC=C1OC(C)=O,-1.84
O=C1NC(=O)C2=C([N-]1)N=CN2,-3.87
CC(=O)OCN1C(=O)NC=C(F)C1=O,-1.2
CCNC1=NC(NC(C)(C)C)=NC(Cl)=N1,-4.43
CCNC1=NC(SC)=NC(NCC)=N1,-2.73
CCC(C)(S(=O)(=O)CC)S(=O)(=O)CC,-1.91
CCNC(=O)N1C=C(F)C(=O)[N-]C1=O,-2.13
NC1=[N+]([O-])C(N)=NC(=C1)N1CCCCC1,-1.94
CCOC(=O)OCN1C(=O)NC=C(F)C1=O,-1.46
CC(C)[NH2+]CC(O)COC1=C(OCC=C)C=CC=C1,-0.32
COC1=NC(NC(C)C)=NC(NC(C)C)=N1,-2.56
CCOC(=O)N1C=C(F)C(=O)NC1=O,-1.47
CN(C)C(=O)N1C=C(F)C(=O)[N-]C1=O,-1.53
CCC(=O)OCN1C=C(F)C(=O)NC1=O,-0.81
CCOC(=O)N1C(=O)NC=C(F)C1=O,-0.45
CCC(C)(C)C(=O)OC1CC(C)C=C2C=CC(C)C(CCC3CC(O)CC(=O)O3)C12,-5.48
CC(C)(C)C(=O)OCN1C=C(F)C(=O)NC1=O,-2.03
CCCC(=O)OCN1C=C(F)C(=O)NC1=O,-1.31
O=C(COC(=O)C1=CC=CC=C1)N1CCCC1,-1.57
CC(C)(C)[NH2+]CC(O)COC1=C(C=CC=C1)C1CCCC1,-1.84
CN(C)C(=O)COC(=O)C1=C(O)C=CC=C1,-1.71
CCC(C)C(=O)OC1CCC=C2C=CC(C)C(CCC3CC(O)CC(=O)O3)C12,-5.42
CCCCOC(=O)N1C=C(F)C(=O)NC1=O,-1.59
COCCN(C(=O)CCl)C1=C(C)C=CC=C1C,-2.09
CC(C)COC(=O)N1C=C(F)C(=O)NC1=O,-1.89
CCN(CCO)C(=O)COC(=O)C1=CC=CC=C1,-1.37
FC1=CN(C(=O)OCCCl)C(=O)NC1=O,-1.91
C[NH+]1CCC23CCCCC2C1CC1=C3C=C(O)C=C1,-2.72
COC(=O)NC1=NC2=CC=CC=C2N1,-4.52
CCC(C)C(=O)OC1CC(O)C=C2C=CC(C)C(CCC3CC(O)CC(=O)O3)C12,-3.35
[O-]C(=O)CCCC1=CC=C(C=C1)N(CCCl)CCCl,-3.4
CC(C)N(C(C)C)C(=O)COC(=O)C1=CC=CC=C1,-3.34
OCCN(CCO)C(=O)COC(=O)C1=CC=CC=C1,0.43
CCCCCCOC(=O)N1C=C(F)C(=O)NC1=O,-2.24
CCN(CC)C(=O)COC(=O)C1=C(O)C=CC=C1,-2.56
COC1=CC2=C(CC3C4CCCCC24CC[NH+]3C)C=C1,-3.48
CNC1=CC=C(C=C1)S(=O)(=O)N(C)C,-3.08
OCC(CO)(CO)NC(=O)COC(=O)C1=CC=CC=C1,-1.27
CN(CC(N)=O)C(=O)COC(=O)C1=CC=CC=C1,-0.92
CCCCCCCCNC(=O)N1C=C(F)C(=O)[N-]C1=O,-4.18
CC1CCCC(C)N1C(=O)COC(=O)C1=CC=CC=C1,-3.26
COCCN(CCOC)C(=O)COC(=O)C1=CC=CC=C1,-1.57
CC(=O)OC1=CC=CC=C1C(=O)OCC(N)=O,-1.79
CON(C1CCCCC1)C(=O)C1=C(C)OC(C)=C1,-2.92
[O-]C(=O)C1=C(C=CC=C1)C1=CC=CC=C1,-2.73
CCOC(=O)CN(C)C(=O)COC(=O)C1=CC=CC=C1,-1.67
CC(=O)OCN1N=CC2=C1NC=NC2=O,-2.56
[O-]C(=O)C1CCN1C(=O)COC(=O)C1=CC=CC=C1,-2.14
FC(F)(F)C1=CC=CC(=C1)N1CC(CCl)C(Cl)C1=O,-4.05
CCNC(=O)COC(=O)C1=CC=CC=C1OC(C)=O,-1.68
CCOC(=O)COC(=O)C1=CC=CC=C1OC(C)=O,-2.58
CN(C)C(=O)COC(=O)C1=CC=CC=C1OC(C)=O,-1.55
CN(C)S(=O)(=O)C1=CC=C(C=C1)N(C)C=O,-2.37
CC(=O)OCCOCN1C=NC2=CN=C(N)N=C12,-0.97
NC(=O)C1CCCN1C(=O)COC(=O)C1=CC=CC=C1,-2.27
C[NH+]1CCC23C4OC5=C(O)C=CC(CC1C2C=CC4O)=C35,-3.15
[O-]C(=O)C1CCCN1C(=O)COC(=O)C1=CC=CC=C1,-1.59
CCCC(=O)OCN1C=C2C(NC=NC2=O)=N1,-2.2
CCCC(=O)OCN1N=CC2=C1NC=NC2=O,-2.83
CC(=O)NC1=NC=C2N=CN(COCCO)C2=N1,-0.86
CN(C)S(=O)(=O)C1=CC=C(C=C1)N(C)C(C)=O,-2.3
COCC(=O)N(C(C)C(=O)OC)C1=C(C)C=CC=C1C,-1.6
CCN(CC)C(=O)COC(=O)C1=CC=CC=C1OC(C)=O,-2.11
CC(C)(C)C(=O)OCN1C=C2C(NC=NC2=O)=N1,-2.17
CC1(C)C(C=C(Cl)Cl)C1C(=O)OCC1=C(F)C(F)=CC(F)=C1F,-6.81
CC(C)(C)C(=O)OCN1N=CC2=C1NC=NC2=O,-2.68
ClC1=CC(OC2=CC=CC=C2)=CC(Cl)=C1Cl,-6.77
CC(=O)OCCOCN1C=NC2=C1N=C(N)NC2=O,-2.7
CCC(=O)N(C)C1=CC=C(C=C1)S(=O)(=O)N(C)C,-2.48
ClC1=CC(Cl)=C(OC2=CC=CC=C2)C=C1Cl,-6.58
CC(=O)OC1=CC=CC=C1C(=O)OCC(=O)N1CCOCC1,-1.8
NC1=C(C=CC2=CC=CC=C12)S([O-])(=O)=O,-2.96
CCCCCCC(C)OC(=O)COC1=NC(F)=C(Cl)C(N)=C1Cl,-6.43
FC1=CNC(=O)N(C(=O)C2=CC=CC=C2)C1=O,-2.26
CCCN(CCC)C(=O)COC(=O)C1=CC=CC=C1OC(C)=O,-2.65
CC(=NNC1=NC(C)=CC(C)=N1)C1=CC=CC=C1C,-3.2
CC(=O)OC1=CC=CC=C1C(=O)OCC(=O)NCC(N)=O,-2.52
CCCC(=O)N(C)C1=CC=C(C=C1)S(=O)(=O)N(C)C,-2.16
CC[NH+](CC)CCCC(C)NC1=CC=[NH+]C2=CC(Cl)=CC=C12,-2.83
CCN(CC)C(=O)C(C)OC(=O)C1=CC=CC=C1OC(C)=O,-1.6
CC(C)N(C(C)C)C(=O)COC(=O)C1=CC=CC=C1OC(C)=O,-3.25
CC(=O)NC1=NC(=O)C2=C(N1)N(COCCO)C=N2,-1.92
CC1=C(NC2=CC=CC=C2C([O-])=O)C=CC=C1Cl,-5.06
CCN1C=C(C(=O)OC)C(=O)C2=C1N=C(C)C=C2,-2.7
FC1=CN(C(=O)OCC2=CC=CC=C2)C(=O)NC1=O,-2.82
CC1C(SC(=O)N1C(=O)NC1CCCCC1)C1=CC=C(Cl)C=C1,-5.85
FC1=CN(C(=O)OC2=CC=CC=C2)C(=O)NC1=O,-2.44
CCCCC(=O)N(C)C1=CC=C(C=C1)S(=O)(=O)N(C)C,-2.85
CCN(CC)CC(=O)OCN1N=CC2=C1NC=NC2=O,-1.79
FC1=CNC(=O)N(C(=O)OC2=CC=CC=C2)C1=O,-3.22
NC1=NC(=O)C2=C(N1)N(C=N2)C1OC(CO)C(O)C1O,-2.74
CCCCCC(=O)N(C)C1=CC=C(C=C1)S(=O)(=O)N(C)C,-2.95
CC(=O)NC1=NC=C2N=CN(COCCOC(C)=O)C2=N1,-0.73
CC(C)(C)C(O)C(CC1=CC=C(Cl)C=C1)N1C=NC=N1,-4.05
CCN(CC)C(=O)NC1=CC(C(C)=O)=C(OCC(O)C[NH2+]C(C)(C)C)C=C1,-1.9
CCOC(=O)CNC(=O)COC(=O)C1=CC=CC=C1OC(C)=O,-1.87
ClC1=CC(Cl)=C(OC2=CC=C(Cl)C=C2Cl)C=C1,-6.82
FC1=CNC(=O)N(COC(=O)OC2=CC=CC=C2)C1=O,-2.45
CCCCCCC(=O)N(C)C1=CC=C(C=C1)S(=O)(=O)N(C)C,-3.68
CCCCCCC(=O)N(C)S(=O)(=O)C1=CC=C(C=C1)N(C)C,-3.68
CCCCCCCC(=O)N(C)C1=CC=C(C=C1)S(=O)(=O)N(C)C,-3.59
CC(=O)OCN1C=C2C(=N1)N=CN(COC(C)=O)C2=O,-1.99
CCOC(=O)CN(C)C(=O)COC(=O)C1=CC=CC=C1OC(C)=O,-2.55
COC1=CC2=CC=C(C=C2C=C1)C(C)C(=O)OCC(N)=O,-3.93
OC1=C2OC3C(=O)CCC4(O)C5CC(C=C1)=C2C34CC[NH+]5CC=C,-3.39
CC(=O)OC1=CC=CC=C1C(=O)OCN1C(=O)CCC1=O,-2.77
CCOC(=O)NC1=CC(OC(=O)NC2=CC=CC=C2)=CC=C1,-4.52
CC(C([O-])=O)C1=CC=C(C=C1)N1CC2=C(C=CC=C2)C1=O,-4.72
CC(=O)NC1=NC(=O)C2=C(N1)N(COCCOC(C)=O)C=N2,-2.14
[O-][N+]1=NC(=NC2=CC=C(Cl)C=C12)N1C=CN=C1,-3.63
CC1=C(C)N=C([N-]S(=O)(=O)C2=CC=C(N)C=C2)O1,-2.22
ClC1=CC=C(OC2=C(Cl)C(Cl)=C(Cl)C=C2)C=C1Cl,-7.67
CC(=CC(=O)C1=CC=C(C=C1)C1=CC=CC=C1Cl)C([O-])=O,-3.2
CCN(CC)C(=O)CCC(=O)OCN1N=CC2=C1NC=NC2=O,-0.99
COC1=CC2=CC=C(C=C2C=C1)C(C)C(=O)OCC(=O)N(C)C,-4.9
CON=C(C(=O)OC)C1=C(COC2=C(C)C=CC=C2)C=CC=C1,-5.19
OC1=CC(O)=C2C(=O)CC(OC2=C1)C1=CC=C(O)C(O)=C1,-3.62
CCN1C=C(C(=O)OCOC(C)=O)C(=O)C2=C1N=C(C)C=C2,-2.49
O=C(OCN1N=CC2=C1NC=NC2=O)C1=CC=CC=C1,-4.05
CCCC(=O)OCN1C=C2C(=N1)N=CN(COC(=O)CCC)C2=O,-3.55
CCN1C=C(C(=O)OCOC(=O)CC)C(=O)C2=C1N=C(C)C=C2,-2.83
CCN(CC)C(=O)COC(=O)C(C)C1=CC2=CC=C(OC)C=C2C=C1,-4.46
COC1=CC2=CC=C(C=C2C=C1)C(C)C(=O)OCC(=O)N(C)CCO,-3.39
CC(C)(C)C(=O)OCN1C=C2C(=N1)N=CN(COC(=O)C(C)(C)C)C2=O,-3.91
ClC1=CC(Cl)=C(OC2=CC(Cl)=C(Cl)C(Cl)=C2)C=C1Cl,-8.72
CC(C)OC1=C(Cl)C=C(Cl)C(=C1)N1N=C(OC1=O)C(C)(C)C,-5.54
ClC1=CC=C(OC2=C(Cl)C(Cl)=C(Cl)C(Cl)=C2)C=C1Cl,-8.78
ClC1=CC(Cl)=C(OC2=CC(Cl)=C(Cl)C=C2Cl)C=C1Cl,-8.36
CC(C)(C)C(=O)OCN1N=CC2=C1N=CN(COC(=O)C(C)(C)C)C2=O,-4.26
ClC1=CC(Cl)=C(Cl)C=C1OC1=C(Cl)C(Cl)=C(Cl)C=C1,-8.31
COC(=O)N1C2=CC=CC=C2N=C1C1=CSC=N1,-3.11
ClC1=CC=C(OC2=C(Cl)C(Cl)=C(Cl)C=C2)C(Cl)=C1Cl,-8.14
CCCC(=O)OCOC(=O)C1=CN(CC)C2=C(C=CC(C)=N2)C1=O,-2.95
ClC1=CC=C(OC2=C(Cl)C(Cl)=C(Cl)C(Cl)=C2)C(Cl)=C1,-8.44
ClC1=CC(Cl)=C(OC2=C(Cl)C=C(Cl)C(Cl)=C2)C(Cl)=C1,-8.04
CCN1C=C(C(=O)OCOC(=O)C(C)C)C(=O)C2=C1N=C(C)C=C2,-3.02
ClC1=CC(Cl)=C(OC2=C(Cl)C(Cl)=C(Cl)C=C2)C(Cl)=C1,-8.1
ClC1=CC=C(OC2=C(Cl)C(Cl)=C(Cl)C(Cl)=C2Cl)C=C1,-8.94
CC(OC1=CC=C(OC2=NC=C(Cl)C=C2F)C=C1)C(=O)OCC#C,-5.15
CN1C2=C(C=C(Cl)C=C2)C(=NC(O)C1=O)C1=CC=CC=C1,-2.7
C[NH+]1CCN(CC1)C1=NC2=C(NC3=C1C=CC=C3)C=CC(Cl)=C2,-4.64
CCOC(=O)N1C2=CC=CC=C2N=C1C1=CSC=N1,-2.92
COC1=CC2=CC=C(C=C2C=C1)C(C)C(=O)OCC(=O)N(CCO)CCO,-2.96
ClC1=CC2=C(C=C1)N(CC1CC1)C(=O)CN=C2C1=CC=CC=C1,-4.91
CCN(CC)C(=O)COC(=O)C1=CN(CC)C2=C(C=CC(C)=N2)C1=O,-1.43
COC1=CC2=CC=C(C=C2C=C1)C(C)C(=O)OCC(=O)N(C)CC(N)=O,-3.78
CCCOC(=O)N1C2=CC=CC=C2N=C1C1=CSC=N1,-3.52
[O-]C1=C(C2CCCC3=CC=CC=C23)C(=O)OC2=CC=CC=C12,-4.86
CCCCNC(=O)OC1=C([O-])C(=CC(C=C(C#N)C(=O)N(CC)CC)=C1)[N+]([O-])=O,-2.32
ClC1=CC(OC2=CC(Cl)=C(Cl)C=C2Cl)=C(Cl)C(Cl)=C1Cl,-9.5
ClC1=CC=C(OC2=C(Cl)C(Cl)=C(Cl)C(Cl)=C2Cl)C=C1Cl,-9.46
CCN(CC)C(=O)C(=CC1=CC(OC(=O)NC(C)(C)C)=C([O-])C(=C1)[N+]([O-])=O)C#N,-3.53
ClC1=CC(Cl)=C(Cl)C(OC2=CC(Cl)=C(Cl)C=C2Cl)=C1Cl,-9.05
ClC1=CC=C(OC2=C(Cl)C(Cl)=CC(Cl)=C2Cl)C(Cl)=C1Cl,-9.09
ClC1=CC=C(Cl)C(OC2=C(Cl)C(Cl)=C(Cl)C(Cl)=C2)=C1Cl,-8.89
CC(C)COC(=O)N1C2=CC=CC=C2N=C1C1=CSC=N1,-4.17
ClC1=CC(Cl)=C(Cl)C=C1OC1=C(Cl)C(Cl)=C(Cl)C(Cl)=C1Cl,-10.1
ClC1=C(Cl)C(Cl)=C(OC2=C(Cl)C(Cl)=C(Cl)C(Cl)=C2Cl)C=C1,-10.6
ClC1=CC(OC2=C(Cl)C(Cl)=CC(Cl)=C2Cl)=C(Cl)C(Cl)=C1Cl,-10.1
CON=C(C)C1=CC=CC(OC2=NC(OC)=CC(OC)=N2)=C1C(=O)OC,-3.31
COC1=CC=C2N=C(NC2=C1)S(=O)CC1=C(C)C(OC)=C(C)C=N1,-4.28
CCOC(=O)C(C)OC1=CC=C(OC2=NC3=CC=C(Cl)C=C3N=C2)C=C1,-5.97
N1C2=C(C=CC3=C2C=CC=C3)C2=C1C1=C(C=CC=C1)C=C2,-7.41
NC1=NC(=O)C2=C(N1)N(COCCOC(=O)C1=CC=C(CN3CCOCC3)C=C1)C=N2,-2.75
FC(F)C(F)(F)OC1=C(Cl)C=C(NC(=O)NC(=O)C2=C(F)C=CC=C2F)C=C1Cl,-5.82
CC1COC(CN2C=NC=N2)(O1)C1=C(Cl)C=C(OC2=CC=C(Cl)C=C2)C=C1,-4.91
O=C1C2=C(SC(C#N)=C(S2)C#N)C(=O)C2=C1C=CC=C2,-6.33
CC(C)N=C1C=C2N(C3=CC=C(Cl)C=C3)C3=C(C=CC=C3)N=C2C=C1NC1=CC=C(Cl)C=C1,-6.24
CC(=O)OC1C2=C(C)C(CC(O)(C(OC(=O)C3=CC=CC=C3)C3C4(COC4CC(O)C3(C)C1=O)OC(C)=O)C2(C)C)OC(=O)C(O)C(NC(=O)C1=CC=CC=C1)C1=CC=CC=C1,-6.33
C1CCC[NH2+]CC1,-0.49
CC(C)(C)C(C)(C)C,-4.87
CC1C[NH2+]C(C)CN1,0.49
CCC(C)([NH3+])C([O-])=O,0.38
CCCC(=O)CCC,-1.48
OC1CC(O)C(O)C(O)C1O,-0.17
CCC(CO)NCC[NH2+]C(CC)CO,0.57
[NH3+]C12CC3CC(CC(C3)C1)C2,-1.85
CC(C=NO)=NO,-0.35
CCCC([NH3+])C([O-])=O,-0.11
CC(=NO)C(C)=NO,-2.16
CC(CC([O-])=O)C([O-])=O,0.48
CCCCCCCCCCCCCCC([O-])=O,-4.31
[NH3+]CC(=O)NCC([O-])=O,0.1
CC(CCC([O-])=O)CC([O-])=O,0.09
CN(C)C(=O)NC1CCCCCCC1,-2.26
OC1CC(=CC(O)C1O)C([O-])=O,0.01
CC12C3CCC(O3)C1(C)C(=O)OC2=O,-3.82
CCCCCCCCCCCCCCCCC([O-])=O,-4.69
[O-]C(=O)C=CC=CC([O-])=O,-2.85
OC(C([O-])=O)C(Cl)(Cl)Cl,0.36
CCCCCCCCCCCCCCCCCC([O-])=O,-4.98
O=C1CCC(=O)N1,0.39
CC(=O)OC1CC2CCC1(C)C2(C)C,-3.93
[NH3+]C1CO[N-]C1=O,-0.01
[O-]C(=O)C(S)=CC1CCCCC1,-2.67
[O-]C(=O)C1CCC(=CC1)C([O-])=O,-2.93
[O-]C(=O)CCCCCCCCCCCC([O-])=O,-3.79
CC1=CC=CC=C1CO,-1.09
NC1=CC=CC(N)=[NH+]1,-0.08
NC1=CC=C[NH+]=C1N,-1.75
CCCCCCCCCCCCCCCCCC(=O)OC=C,-6.15
CC1=CNC(=O)N=C1N,-1.44
CCC(CC=C)(C(=O)NC(N)=O)C(=O)OC,-1.92
OCC(O)C(O)C(O)C(=O)CO,0.32
NC1=CNC(=O)NC1=O,-2.41
N#CC1=C(C=CC=C1)C#N,-2.38
C[NH+](C)C(CSC(N)=O)CSC(N)=O,-0.07
O=CC(=O)C1=CC=CC=C1,-0.74
[O-]C(=O)C1=CC=C(Cl)O1,-1.69
O=CC1=CC=CC=C1C=O,-1.34
CCCCNC(=O)OCC(C)(CCC)COC(N)=O,-2.74
[O-]C(=O)CCCC1=CC=CC=C1,-1.78
O=C1NC(=O)C2(CCCCCC2)C(=O)N1,-2.98
[NH3+]CCC1=CC(O)=C(O)C=C1,0.12
CCC(=O)NC1=CC=CC=C1,-1.55
CCCC1(CC)C(=O)NC(=S)NC1=O,-2.8
CC12CCC3C(CCC4CC(=O)CCC34C)C1CC=C2,-6.07
CCCCC1(CC=C)C(=O)NC(=O)NC1=O,-2.17
CC1=C(C)C=C(C=C1)C([O-])=O,-3.16
CC1=CC(C)=C(C=C1)C([O-])=O,-2.97
CC1=CC(C([O-])=O)=C(C)C=C1,-2.92
CNC(=O)C1=CC=C(N)C=C1,-1.24
OC1=CC=C(C=C1)N=C=S,-2.67
CCCCC1(CC)C(=O)NC(=S)NC1=O,-3.14
OC1=CC=CC(=C1)N=C=S,-1.99
CC12CCC3C(CCC4=CC(=O)CCC34)C1CCC2O,-3.02
C[C-]1C(=O)NC(=O)NC1=O,-1.13
CC1NC(=O)C(C)NC1=O,-0.75
CC(C)C1=CC2=CCC3C(C)(CCCC3(C)C([O-])=O)C2CC1,-3.8
[O-]C(=O)C(=O)C1=CC=CC=C1,-0.37
CC12CC(O)C3C(CCC4CC(O)CCC34C)C1CCC2=O,-3.59
[O-]C(=O)C1=CC(=CC=C1)C#N,-2.63
CNC(=O)NC(=O)C(C)(C(=O)OC)C1=CCCCC1,-2.68
CCCCCC1(CC)C(=O)NC(=S)NC1=O,-3.71
OCNC(=S)C1=CC=CC=C1,-1.14
[O-]C(=O)CCCNC(=O)NC12CC3CC(CC(C3)C1)C2,-1.6
CC1=CC=CC(C([O-])=O)=C1O,-2.04
CC1=CC=CC(O)=C1C([O-])=O,-2.04
CN(C)C1=C(C)N=C(Cl)N=C1,-1.26
CCCCCCC1(CC)C(=O)NC(=S)NC1=O,-4.08
O=C1NC(=O)C2(CCCCCCCCC2)C(=O)N1,-4.59
CC12CCC3C(CC=C4CC(CCC34C)OC=O)C1CCC2=O,-4.41
OC1=CC=C(C([O-])=O)C(O)=C1,-1.41
CC(C)CC1NC(=O)CNC1=O,-1.25
[O-]S(=O)(=O)C1=NC=CN1,-0.3
[O-]C(=O)C=CC=CC1=CC=CC=C1,-3.64
CC12CCC3C(CCC4CC(=O)CCC34C)C1CCC2OC=O,-5.32
CCOC1=CC=C(C=C1)N=C=S,-4.26
CNC(=O)NC(=O)C(C)(C(=O)OCOC)C1=CCCCC1,-2.42
COC1=CC=C(C=C1)C(=O)NCO,-1.22
[O-]C(=O)C=C(Cl)C1=CC=CC=C1,-2.77
COC1=CC=CC(=C1)C(=O)NCO,-1.29
CCCCCCC1=CC=C(C=C1)C([O-])=O,-3.65
CC1=NC2=NC=NC=C2N1,-0.41
CN1C(=O)C23CC4=CC=CC(O)C4N2C(=O)C1(CO)SS3,-3.67
CC12CCC3C(CCC4=CC(=O)CCC34C)C1CCC2OC=O,-4.93
CC(=O)C1=CC=C(C=C1)N=C=S,-4.02
NC1=NC2=NC=NC=C2N1,-2.43
[O-]C(=O)C(S)=CC1=CC=CC=C1,-2.96
[O-]C(=O)C(S)CC1=CC=CC=C1,-1.56
[O-]C(=O)CCCOC1=CC=C(Cl)C=C1,-3.29
[O-]C(=O)C1=CC=CN=C1C([O-])=O,-1.48
O=C(NCN1CCCCC1)C1=CC=CC=C1,-2.15
CC(=O)OC1=CC=C(C=C1)C(C)=O,-1.52
CC(=O)OC1=CC=C(C=C1)C(N)=O,-1.64
CC(=O)N1C=C(F)C(=O)NC1=O,-0.6
[O-][N+](=O)C1=CC=CC(=C1)N=C=S,-3.55
[NH3+]CCC1=CNC2=CC=CC=C12,-3.3
CC(CCC([O-])=O)C1CCC2C3CCC4CC(O)CCC4(C)C3CCC12C,-7.34
CC(=O)N1C(=O)NC=C(F)C1=O,-0.6
CC(CCC([O-])=O)C1CCC2C3C(O)CC4CCCCC4(C)C3CCC12C,-6.46
S=C=NC1=CC(=CC=C1)N=C=S,-4.7
CC(=O)OC1CCC2(C)C3CCC4(C)C(CCC4=O)C3CC=C2C1,-4.53
OC1=CC=CC([N-]N=C(C#N)C#N)=C1,-2.95
COC1=NC=C2NC=NC2=N1,-1.48
CCC1=CC(OC(=O)NC)=CC(CC)=C1,-3.32
CCOC(=O)C1=CC(OC)=C(O)C=C1,-1.72
CC(=O)NC1=CC=CC(=C1)N=C=S,-3.53
COC1=C2NC=NC2=NC=N1,-1.53
OCC1=NC2=NC=NC=C2N1,-1.52
COC(=O)C1=CC=C(NC(C)=O)C=C1,-1.9
CC1=NC2=NC=NC=C2N=C1,-0.01
CC(C)NC1=NC(NC(C)C)=NC(=O)N1,-2.81
ClC1=CC=C([N-]N=C(C#N)C#N)C=C1,-4.36
CC(=O)OC1CCC2C3CCC4CC(=O)CCC4(C)C3CCC12C,-5.35
[O-]C(=O)CC(C(CC([O-])=O)C([O-])=O)C([O-])=O,-0.18
OC1=CC=C(C=C1C([O-])=O)C([O-])=O,-1.78
COC(=O)C1=CC=C(OC(C)=O)C=C1,-2.5
CCC(=O)OC1CCC2(C)C3CCC4(C)C(CCC4=O)C3CC=C2C1,-4.69
NC1=NC2=NC=NC=C2N=C1,-2.31
NC1=NC2=CN=CN=C2N=C1,-2.34
CCCC(=O)NNC(=O)C1=CC=NC=C1,-0.32
CC(=O)OC1=CC=C(NC(N)=O)C=C1,-2.49
OC1=C(C=CC=C1C([O-])=O)C([O-])=O,-2.11
NC1=[NH+]C(N)=C2NC=NC2=N1,-1.8
CCNC1=NC(=O)NC(=N1)N(CC)CC,-3.64
NC1=NC=NC2=NC=CN=C12,-2.31
CC1C2C(CC3C4CC=C5CC(O)CCC5(C)C4CCC23C)OC11CCC(C)CO1,-7.32
O=C1[N-]C2=C(C=NC=N2)N=C1,-2.12
O=C1[N-]C2=C(N=CN=C2)N=C1,-2.71
O=C1NC=C2N=CC=NC2=N1,-2.0
OC1=C(C([O-])=O)C(=CC=C1)C([O-])=O,-2.11
CCOC(=O)C1=CC=C(C=C1)N=C=S,-4.05
CCCNC1=NC(NC(C)C)=NC(Cl)=N1,-3.74
NC1=C2[N-]C=NC2=NC(=O)N1,-3.38
O=C1NC2=C(N1)C=[NH+]C(=O)N2,-3.6
O=C1NC2=C([N-]1)C(=O)N=CN2,-2.96
CC(=O)OC(C([O-])=O)C1=CC=CC=C1,-1.23
[O-]C(=O)COC1=C(Cl)C=CC(Cl)=C1,-2.62
[O-]C(=O)COC1=C(Cl)C=CC=C1Cl,-2.15
CN(C)C1=C2NC=NC2=NC=N1,-1.3
CCCCC(=O)NNC(=O)C1=CC=NC=C1,-1.01
CCCC(=O)N1C(=O)NC=C(F)C1=O,-1.28
CCC(=O)OC1=CC=C(NC(C)=O)C=C1,-2.72
CC1=CC=C(C=C1)S(=O)(=O)NN,-1.48
CCC(=O)NC1=NC(C)=C(Cl)S1,-3.06
CC(CCC([O-])=O)C1CCC2C3C(O)C(O)C4CC(O)CCC4(C)C3CCC12C,-4.35
ClC1=NC2=NC=CN=C2C=N1,-0.71
CCCC(=O)OC1CCC2C3CCC4=CC(=O)CCC4C3CCC12C,-5.91
CCCCC(=O)OC1CCC2(C)C3CCC4(C)C(CCC4=O)C3CC=C2C1,-4.76
CNC(=S)N(C)C1=C(C)C=C(Cl)C=C1,-3.66
[O-]S(=O)(=O)C1=CC=C(C=C1)[N+]#N,-2.42
CC1=C(CCCO1)C(=O)NC1=CC=CC=C1,-2.56
COC(=O)OC1=CC=C(NC(C)=O)C=C1,-1.69
CC1=C(C=C(N)C=C1)S([O-])(=O)=O,-1.62
CCCOC(=O)C1=CC=C(NC(C)=O)C=C1,-3.29
CCC(=O)OCN1C(=O)NC=C(F)C1=O,-0.77
COC1=NC2=CN=CN=C2N=C1,-1.14
COC1=NC2=NC=NC=C2N=C1,-0.91
CCCCCC(=O)NNC(=O)C1=CC=NC=C1,-1.24
COC(=O)C(N)CC1=CC(O)=C(O)C=C1,0.48
CC1=NC2=CN=CN=C2N=C1C,-0.46
S=C1NC2=C(C=NC=N2)N=C1,-2.71
S=C1NC=C2N=CC=NC2=N1,-2.68
C[N+](C)(C)C(CC1=CNC(=S)N1)C([O-])=O,-0.46
CCCNC(=O)N1C=C(F)C(=O)[N-]C1=O,-1.83
CCCCC(=O)N1C(=O)NC=C(F)C1=O,-2.3
OCC1OC(C(O)C1O)N1C=CC(O)=CC1=O,-0.77
CCCC(=O)OC1=CC=C(NC(C)=O)C=C1,-2.83
CN1C(=O)C=NC2=C1N=CN=C2,-0.92
CC(=O)OC1(C)CCC2C3CCC4=CC(=O)CCC4(C)C3CCC12C,-5.28
CN1C=NC2=C(N=CC=N2)C1=O,-1.07
OCC1OC(CO)(OC2OC(COC3OC(CO)C(O)C(O)C3O)C(O)C(O)C2O)C(O)C1O,0.3
NC1=NC2=C(NC=N2)C(=S)N1,-3.31
CCOC(=O)OCOC1=CC=C(NC(C)=O)C=C1,-2.43
CC12CC(=O)C3C(CCC4=CC(=O)CCC34C)C1CCC2=O,-3.48
CC(C)(C)C(=O)OC1(CCC2C3CCC4=CC(=O)CCC4C3CCC12C)C#C,-7.16
CC(C)(C)C(=O)OC1=C(C=CC=C1)C([O-])=O,-3.01
CCCCCCC(=O)NNC(=O)C1=CC=NC=C1,-2.1
NC1=NC2=NC(N)=[NH+]C(N)=C2N1,-1.52
CC1=NC2=C(N=C1)C(=O)N=C[N-]2,-1.56
CCCCOC(=O)C1=CC=C(NC(C)=O)C=C1,-3.46
CC1=NC2=C([N-]C=NC2=O)N=C1,-1.65
NC1=NC2=NC=CN=C2C(N)=N1,-2.69
CCCC(=O)OC1CCC2C3CCC4=CC(=O)CCC4(C)C3CCC12C,-5.93
CCCC(=O)OCN1C(=O)NC=C(F)C1=O,-1.13
CC(=O)C1=CC=C([N-]N=C(C#N)C#N)C=C1,-2.71
NC1=C2N=CC=NC2=NC(=O)N1,-3.36
NC1=NC(=O)C2=C(N1)N=CC=N2,-3.97
[O-]C1=[NH+]C2=C(NC1=O)C=NC=N2,-2.69
CC(=O)OC1=CC=C(C=NNC(N)=O)C=C1,-2.84
O=C1[N-]C2=C(N=C1)C(=O)N=CN2,-2.82
CN(C)C1=NC2=NC=NC=C2N=C1,-0.09
O=C1[N-]C2=C([N-]C=NC2=O)[NH+]=C1,-2.96
CCCCCCCC(=O)NNC(=O)C1=CC=NC=C1,-2.91
CCCCC(=O)OC1CCC2C3CCC4=CC(=O)CCC4(C)C3CCC12C,-6.19
CCCCN(CC)C1=NC(N)=NC([N-][N+]#N)=N1,-3.52
[O-][N+](=O)C1=CC=C(N2CC2)C(=C1)[N+]([O-])=O,-3.0
CCCOC(=O)OC1=CC=C(NC(C)=O)C=C1,-2.57
CCCCC(=O)OCN1C(=O)NC=C(F)C1=O,-1.66
CSC1=NC(NC(C)C)=NC(N=N#N)=N1,-3.48
CSC1=NC2=NC=NC=C2N=C1,-1.55
[O-]C(=O)COC1=CC(Cl)=C(Cl)C(Cl)=C1,-2.94
CCCCCC(=O)OC1=CC=C(NC(C)=O)C=C1,-4.14
CCCCCCCCC(=O)NNC(=O)C1=CC=NC=C1,-3.52
CCC(CC)C(=O)OC1=C(C=CC=C1)C([O-])=O,-1.84
[O-]C(=O)COC1=C(Cl)C(Cl)=CC(Cl)=C1,-3.0
C[NH+]1CCCCC1C(=O)NC1=C(C)C=CC=C1C,-1.99
O=C(COC(=O)C1=CC=CC=C1)NC1CCCCC1,-3.9
[O-][N+](=O)C1=C([N-]N=C(C#N)C#N)C=CC=C1,-3.93
CC12CCC3C(=CCC4=C3C=CC(O)=C4)C1CCC2O,-4.4
O=C(C1=CC=CC=C1)C1=NC=CC=C1,-2.02
CCCCCC(=O)OCN1C(=O)NC=C(F)C1=O,-2.11
CCCC(=NOCC)C1C(=O)CC(CC1=O)C1CCCSC1,-3.58
CCCCOC(=O)OC1=CC=C(NC(C)=O)C=C1,-3.37
CC(=O)OC1=CC2=CC=CC=C2C=C1,-3.44
CCCCCCCCC(=O)OC1CCC2C3CCC4=CC(=O)CCC4C3CCC12C,-5.72
CCN(CC)C(=O)C(C)OC(=O)C1=CC=CC=C1,-2.28
CCC1(CCC(=O)N(CO)C1=O)C1=CC=CC=C1,-1.66
CCCCCCCCCC(=O)NNC(=O)C1=CC=NC=C1,-4.17
CC1=CC=C(OC2=CC=C(C)C=C2)C=C1,-4.85
COCCOC(=O)OC1=CC=C(NC(C)=O)C=C1,-1.69
OCN1C(=O)OC2=CC=C(Cl)C=C12,-2.7
CC(=O)N1N=CC2=C1NC=NC2=O,-2.38
ClC1=CC(=CC(Cl)=C1)C1(CC(Cl)(Cl)Cl)CO1,-5.25
CC1=NC2=C(N=C1C)C(=O)N=C[N-]2,-2.29
CC12CCC3C(C=CC4=CC(=O)CCC34C)C1CCC2(O)CCC([O-])=O,-5.17
CC(=O)OC1=CC2=C(NC(=O)C2)C=C1,-1.54
CCC1=NC2=CN=CN=C2N=C1CC,-0.18
NC(N)=[NH+]C(=O)C1=NC(Cl)=C(N)N=C1N,-2.87
CC[NH+](CC)CCOC(=O)C1=CC=C(NC(C)=O)C=C1,-1.65
ClCC(=O)C1=CC=C([N-]N=C(C#N)C#N)C=C1,-3.19
CCCCCOC(=O)C(N)CC1=CC(O)=C(O)C=C1,-0.99
CCC(CC)(C(=O)NC(N)=O)C(=O)OCC1=CC=CC=C1,-3.66
CCCCCCCC(=O)OC1=CC=C(NC(C)=O)C=C1,-4.44
CN(C1CCCCC1)C(=O)COC(=O)C1=CC=CC=C1,-3.29
NC1=NC(=O)C2=C(N1)N=CC(=O)[N-]2,-3.86
O=C1NC(=O)C2=C(N1)[N-]C(=O)C=N2,-3.34
CCC1CCCCN1C(=O)COC(=O)C1=CC=CC=C1,-2.72
CCCCCCCC(=O)OCN1C(=O)NC=C(F)C1=O,-3.29
[O-]C1=[NH+]C2=C(NC1=O)C(=O)N=C[N-]2,-3.69
CC12CCC3C(=CCC4=C3C=CC(O)=C4)C1CCC2=O,-4.99
CCC(C(=O)NC(N)=O)(C(=O)OC)C1=CC=CC=C1,-2.75
COCC(C)OC(=O)OC1=CC=C(NC(C)=O)C=C1,-2.48
CCCCCCOC(=O)OC1=CC=C(NC(C)=O)C=C1,-4.32
OCN1N=CC2=C1N=CN(CO)C2=O,-1.72
CCC(=O)N1N=CC2=C1NC=NC2=O,-2.81
CC(C)CN(CC(C)C)C(=O)COC(=O)C1=CC=CC=C1,-3.56
CCCCCCC(=O)OC1(CCC2C3CCC4=CC(=O)CCC4C3CCC12C)C#C,-6.89
CC(=O)C1=CC=C(OC2OC(CO)C(O)C(O)C2O)C=C1,-1.17
CN1C=[NH+]C2=NC(=O)NC(NCCO)=C12,0.08
CNC(=O)N(C)C1=NN=C(S1)C(C)(C)CCl,-2.47
CC(O)CN(CC(C)O)C(=O)COC(=O)C1=CC=CC=C1,-1.18
CCCCCCCCCC(=O)OC1=CC=C(NC(C)=O)C=C1,-4.53
CCC1(C(=O)NC(=S)NC1=O)C1=CC=CC=C1,-3.58
S=C=NC1=CC=C(C=C1)C1=CC=CC=C1,-4.85
NC1=CC(=C(C=C1)C([O-])=O)S([O-])(=O)=O,-1.86
NC(CC1=CC(O)=C(O)C=C1)C(=O)OC1CCCCC1,-1.27
C1CC2=CC=C3CCCC4=C3C2=C(C1)C=C4,-5.96
[O-]C(=O)COC1=C(Cl)C(Cl)=C(Cl)C=C1Cl,-3.41
CCCC(=O)N1N=CC2=C1NC=NC2=O,-3.27
CCC1=NC2=CN=C(N)N=C2N=C1CC,-3.04
[O-]C(=O)CC1=CC=C(C=C1)C1=CC=CC=C1,-3.73
CCC1=NC2=NC=NC(N)=C2N=C1CC,-2.93
CCN(CC)S(=O)(=O)C1=CC=C(N)C=C1,-2.63
CC(=O)OC1=CC=C(C=C1)C1=CC=CC=C1,-4.4
CC(C)(C)NC(=O)C1CCC2C3CC=C4C=C(CCC4(C)C3CCC12C)C([O-])=O,-8.76
CC1(C)SC2C([NH+]=CN3CCCCCC3)C(=O)N2C1C([O-])=O,-4.5
OCC1OC(CC1O)N1C=C(C(=O)NC1=O)C(F)(F)F,-0.71
CN1C2=C(N(CO)C=N2)C(=O)N(C)C1=O,-0.41
CCC1(C(=O)NC(=O)N(CO)C1=O)C1=CC=CC=C1,-1.6
CC(=O)OCSC1=C2NC=NC2=NC=N1,-2.15
[O-]C1=NC2=C(NC(=O)NC2=O)NC1=O,-4.06
C[NH+]=C(C[N+]([O-])=O)NCCSCC1=CC=C(C[NH+](C)C)O1,-2.5
CC12CC(=O)C3C(CCC4=CC(=O)C=CC34C)C1CCC2(O)C(=O)CO,-3.48
OC1CCN2C1=NC1=C(C=CC=C1)C2=O,-2.1
CCCN1C=NC2=C1C(=O)N(C)C(=O)N2C,0.02
CCC1=C(NC(=O)N1)C(=O)C1=CC=NC=C1,-1.99
CC(=O)NC(CC1=CC=C(OC(C)=O)C=C1)C(N)=O,-1.9
CC#CC1=NC(NC2=CC=CC=C2)=NC(C)=C1,-4.6
CCC(=O)OCSC1=C2NC=NC2=NC=N1,-2.39
CC1(C)SC2C(NC(=O)C3([NH3+])CCCCC3)C(=O)N2C1C([O-])=O,-1.04
CC1=CC=CC(NC2=CC=CC=C2C([O-])=O)=C1,-5.06
CCC1=NC2=NC(=O)NC(N)=C2N=C1CC,-3.55
CCC1=NC2=C(N=C1CC)C(=O)N=C(N)N2,-4.28
CCC1=NC2=C(N=C1CC)C(=O)NC(=O)[N-]2,-2.39
CCCC(=O)OCSC1=C2NC=NC2=NC=N1,-2.69
COC1=C(OC2OC(CO)C(O)C(O)C2O)C=CC(C=CCO)=C1,-1.87
NC1=CC=CC(NC2=CC=CC=C2C([O-])=O)=C1,-4.09
[O-]C(=O)COC1=C(Cl)C(Cl)=C(Cl)C(Cl)=C1Cl,-3.75
ClC1=CC2=C(Cl)C=CC(Cl)=C2C(Cl)=C1,-7.51
CCCCCCC(C(C)O)N1C=NC2=C(N)N=CN=C12,-2.25
COCC1(C)OC(=O)N(C1=O)C1=CC(Cl)=CC(Cl)=C1,-4.66
NC(=O)C1=CN(CC2=C(F)C=CC=C2F)N=N1,-3.5
OC1=CC=CC(NC2=CC=CC=C2C([O-])=O)=C1,-3.54
COC(=O)C1CCCN1C(=O)COC(=O)C1=CC=CC=C1,-2.08
[O-]C(=O)C1=C(Cl)C=CC2=CC(Cl)=CN=C12,-3.57
N1C2=CN=CN=C2N=C1C1=CC=CC=C1,-3.06
O=C(NNC(=O)C1=CC=NC=C1)C1=CC=CC=C1,-2.54
[O-]C1=C(C([O-])=C(C=C1[N+]([O-])=O)[N+]([O-])=O)[N+]([O-])=O,-3.51
CC(=O)NC1=CC=C(C=C1)S(=O)(=O)[N-]C(C)=O,-2.78
FCCOC(=O)CC1=CC=C(C=C1)C1=CC=CC=C1,-5.01
CC(COC1=CC=CC=C1)[NH2+]C(C)C(O)C1=CC=C(O)C=C1,-1.53
O=C(COC(=O)C1=CC=CC=C1)N(C1CCCCC1)C1CCCCC1,-5.06
CN1C2=C(N(C=N2)C(C)=O)C(=O)N(C)C1=O,-1.4
S=C(NNC1=CC=CC=C1)N=NC1=CC=CC=C1,-6.61
CCCCC(=O)OCSC1=C2NC=NC2=NC=N1,-3.1
O=C(C1=CC=CC=C1)C1=CC=CC(=C1)N=C=S,-5.4
[O-]C(=O)C1=CC=CC=C1NC1=CC(Cl)=CC=C1,-5.3
CC1=C(CC([O-])=O)SC2=CC(Cl)=CC=C12,-3.84
O=C(CC1=CC=CC=C1)NNC(=O)C1=CC=NC=C1,-2.47
NC1=CC2=CC(=CC=C2C=C1)S([O-])(=O)=O,-3.05
CC1=NC(C)=C(S1)C(=O)NC1=CC=CC=C1,-1.73
ClC1=CC=C(OC2=C(Cl)C=CC=C2Cl)C=C1,-5.91
CCCCCC(=O)OCSC1=C2NC=NC2=NC=N1,-3.63
NC1=CC=CC2=CC(=CC=C12)S([O-])(=O)=O,-2.24
COC1=CC=CC(NC2=CC=CC=C2C([O-])=O)=C1,-4.8
ClC1=CC(Cl)=C(OC2=CC=CC=C2)C(Cl)=C1,-6.11
COC1=CC=C2C3CC4=C5C(OC1C25CC[NH+]3C)=C(OC)C=C4,-2.66
NC1=CC(=CC2=CC=CC=C12)S([O-])(=O)=O,-2.34
ClC1=CC=C(Cl)C(OC2=CC=CC=C2)=C1Cl,-5.95
COC1=C(O)C2=C(CC3C4C=CC(=O)CC24CC[NH+]3C)C=C1,-1.87
CC1=C(C=CC=C1)C(=O)NNC(=O)C1=CC=NC=C1,-2.73
CCN1CCN2C(=O)C3=C(C=CC=C3)N=C2C1C,-2.5
CCC(C)C1=C(OC(C)=O)C(=CC(=C1)[N+]([O-])=O)[N+]([O-])=O,-2.25
CCC(=O)N1C=NC2=C1C(=O)N(C)C(=O)N2C,-1.1
C(N(CC1=CC=CC=C1)C1=CC=CC=C1)C1=[NH+]CCN1,-2.6
NC1=CC2=CC=CC(=C2C=C1)S([O-])(=O)=O,-2.75
CC12CCC3=C(C=CC4=CC(O)=CC=C34)C1CCC2O,-4.64
CC(N(O)C(N)=O)C1=CC2=CC=CC=C2S1,-3.37
NC1=CC=CC2=C(C=CC=C12)S([O-])(=O)=O,-2.35
NC1=CC=C(C2=CC=CC=C12)S([O-])(=O)=O,-2.91
O=C1COC2(CC[NH+](CCC3=CNC4=CC=CC=C34)CC2)CN1,-2.99
CCNC(=O)C1=CC(N2CC2)=C(C=C1[N+]([O-])=O)[N+]([O-])=O,-3.13
CSC(=O)C1(OC(C)=O)C(C)CC2C3CCC4=CC(=O)C=CC4(C)C3(F)C(O)CC12C,-6.22
CC(=O)OC1=CC=C(NC(=O)C2=CC=CC=C2)C=C1,-4.14
CC1CN(C)C(C)C2=NC3=C(C=CC=C3)C(=O)N12,-2.09
NC1=CC=CC2=CC=CC(=C12)S([O-])(=O)=O,-3.07
[O-]C(=O)C1=CC(=O)C2=C(O1)C=C1CCCCC1=C2,-1.05
O=C(OC1=CC=CC(=C1)N=C=S)C1=CC=CC=C1,-4.85
COC(=O)N1C=NC2=C1C(=O)N(C)C(=O)N2C,-1.24
CC(C)CC1=CC=C(C=C1)C(C)C(=O)OCC(=O)N(C)CC(N)=O,-3.41
CN1C2=C(N(COC(C)=O)C=N2)C(=O)N(C)C1=O,-1.83
CCN(CC1=CC=NC=C1)C(=O)C(CO)C1=CC=CC=C1,-1.7
O=C(OC1=CC=CC(=C1)N=C=S)C1=CC=CN=C1,-4.3
CCCCCCCC(=O)OCSC1=C2NC=NC2=NC=N1,-4.62
CCCN1CCN2C(=O)C3=C(C=CC=C3)N=C2C1C,-2.31
CC(CN1CC(=O)NC(=O)C1)N1CC(=O)NC(=O)C1,-1.27
CCCC(=O)N1C=NC2=C1C(=O)N(C)C(=O)N2C,-1.53
CC(=O)OCC(=O)C1(O)CCC2C3CCC4=CC(=O)C=CC4(C)C3C(=O)CC12C,-4.24
CCCNC(=O)C1=CC(N2CC2)=C(C=C1[N+]([O-])=O)[N+]([O-])=O,-3.89
CC12CCC3=C(C=CC4=CC(O)=CC=C34)C1CCC2=O,-4.96
CC1=C(N2C(SC1)C(NC(=O)C([NH3+])C1=CCC=CC1)C2=O)C([O-])=O,-1.22
CCOC(=O)OCN1C=NC2=C1C(=O)N(C)C(=O)N2C,-1.86
CC(C)NC(=O)C1=CC(N2CC2)=C(C=C1[N+]([O-])=O)[N+]([O-])=O,-3.5
ClC1=CC(=C(Cl)C(Cl)=C1)C1=CC=CC=C1Cl,-6.23
CCOC(=O)N1C=NC2=C1C(=O)N(C)C(=O)N2C,-1.65
CCN1CC(C)N2C(=O)C3=C(C=CC=C3)N=C2C1C,-2.46
CC(=O)OC1=CC=C(NC(=O)NC2=CC=CC=C2)C=C1,-4.44
CCC(=O)OCN1C=NC2=C1C(=O)N(C)C(=O)N2C,-2.3
OCN1C(=O)CN(N=CC2=CC=C(O2)[N+]([O-])=O)C1=O,-2.91
CC(=O)C1=CC=CC(NC2=CC=CC=C2C([O-])=O)=C1,-4.86
ClC1=CC=CC(=C1Cl)C1=C(Cl)C=CC=C1Cl,-6.3
OCCN1C=CC(=O)C(O)=C1C(O)C1=CC=CC=C1,-2.82
ClC1=CC=C(OC2=CC(Cl)=C(Cl)C=C2)C=C1Cl,-6.98
CCC1=C2NC3=C(CCOC3(CC)CC([O-])=O)C2=CC=C1,-3.31
CS(=O)(=O)[N-]C1=NN=C(S1)S(N)(=O)=O,-1.68
C[NH2+]C1CCC(C2=CC(Cl)=C(Cl)C=C2)C2=C1C=CC=C2,-5.23
N#CC(=N[N-]C1=CC=C(C=C1)N=NC1=CC=CC=C1)C#N,-4.92
ClC1=CC=C(OC2=CC(Cl)=C(Cl)C(Cl)=C2)C=C1,-7.35
ClC1=CC(OC2=CC=C(Cl)C(Cl)=C2)=CC(Cl)=C1,-7.32
CCCCC(=O)N1C=NC2=C1C(=O)N(C)C(=O)N2C,-2.12
NC(CC1=CC(O)=C(O)C=C1)C(=O)OCC1=CC=CC=C1,-1.81
ClC1=CC=C(OC2=CC(Cl)=C(Cl)C=C2)C(Cl)=C1,-7.0
ClC1=CC=C(OC2=CC(Cl)=C(Cl)C=C2Cl)C=C1,-7.04
[O-][N+](=O)C1=CC(=C(Cl)C2=CC=CC=C12)[N+]([O-])=O,-5.4
CC(C)CNC(=O)C1=CC(N2CC2)=C(C=C1[N+]([O-])=O)[N+]([O-])=O,-3.85
ClC1=CC=C(OC2=CC(Cl)=CC(Cl)=C2)C(Cl)=C1,-7.14
ClC1=CC=C(Cl)C(OC2=CC=C(Cl)C(Cl)=C2)=C1,-7.07
ClC1=CC=C(OC2=CC=C(Cl)C(Cl)=C2Cl)C=C1,-7.01
ClC1=CC=C(OC2=CC(Cl)=CC(Cl)=C2Cl)C=C1,-7.14
ClC1=C(Cl)C=C(OC2=CC=CC(Cl)=C2Cl)C=C1,-6.9
CN1C2=C(N(COC(=O)C(C)(C)C)C=N2)C(=O)N(C)C1=O,-2.17
ClC1=CC=CC(OC2=CC(Cl)=C(Cl)C=C2Cl)=C1,-7.27
ClC1=CC=C(OC2=C(Cl)C=C(Cl)C=C2Cl)C=C1,-6.83
[O-]C(=O)C1=CC=CC=C1NC1=CC(=CC=C1)[N+]([O-])=O,-6.43
ClC1=CC=CC(OC2=CC=C(Cl)C(Cl)=C2Cl)=C1,-7.09
ClC1=CC(OC2=CC=C(Cl)C=C2Cl)=C(Cl)C=C1,-6.77
CCCOC(=O)N1C=NC2=C1C(=O)N(C)C(=O)N2C,-1.45
ClC1=CC=CC(Cl)=C1OC1=CC(Cl)=C(Cl)C=C1,-6.56
ClC1=CC(Cl)=C(OC2=CC=CC(Cl)=C2Cl)C=C1,-6.65
CCCN1CC(C)N2C(=O)C3=C(C=CC=C3)N=C2C1C,-2.24
ClC1=CC=C(OC2=C(Cl)C=CC(Cl)=C2Cl)C=C1,-6.64
CC(C)(C)NC(=O)C1=CC(N2CC2)=C(C=C1[N+]([O-])=O)[N+]([O-])=O,-3.17
CCCC(=O)OCN1C=NC2=C1C(=O)N(C)C(=O)N2C,-1.86
ClC1=CC(Cl)=C(Cl)C=C1OC1=C(Cl)C=CC=C1,-7.0
ClC1=CC=C(OC2=C(Cl)C=CC=C2)C(Cl)=C1Cl,-6.74
CC1CN(CCO1)S(=O)(=O)[N-]C(=O)NCC1CC2CC1C=C2,-2.26
ClC1=C(Cl)C(Cl)=C(Cl)C(OC2=CC=CC=C2)=C1,-7.52
CCN(CC)C(=O)C1=CC(N2CC2)=C(C=C1[N+]([O-])=O)[N+]([O-])=O,-2.59
OC1C(O)C(O)C2C(NC(=O)C3=C(O)C4=C(OCO4)C=C23)C1O,-3.8
ClC1=CC(Cl)=C(Cl)C(Cl)=C1OC1=CC=CC=C1,-7.06
CC1CCC2=CC(F)=CC3=C2N1C=C(C([O-])=O)C3=O,-3.74
ClC1=CC(Cl)=C(Cl)C(OC2=CC=CC=C2)=C1Cl,-7.02
CCCCOC(=O)N1C=NC2=C1C(=O)N(C)C(=O)N2C,-1.93
CCCCC(=O)OCN1C=NC2=C1C(=O)N(C)C(=O)N2C,-2.37
CN(CC(=O)[N-]C1=NN=C(S1)S(N)(=O)=O)C(N)=[NH2+],-1.14
[O-]C(=O)CCC(=O)OCN1C(=O)OC2=CC=C(Cl)C=C12,-3.41
C=CC1C[NH+]2CCC1CC2C(=O)C1=CC=NC2=CC=CC=C12,-3.19
[O-][N+](=O)C1=CC(=C(C=C1C(=O)N1CCCCC1)N1CC1)[N+]([O-])=O,-3.17
CC1=C2CCCCC2=CC2=C1C=CC1=C2C=CC=C1,-6.75
CCCCCC(=O)OCN1C=NC2=C1C(=O)N(C)C(=O)N2C,-2.64
CC(=O)OCSC1=C2N=CN(COC(C)=O)C2=NC=N1,-2.54
[O-][N+](=O)C1=CC(=C(C=C1C(=O)N1CCOCC1)N1CC1)[N+]([O-])=O,-2.89
CN1N=C(SC1=NS(C)(=O)=O)S(N)(=O)=O,-2.05
ClC1=CC(Cl)=C(Cl)C(=C1)C1=C(Cl)C(Cl)=CC=C1,-6.96
CCCN1C2=C(NC(=N2)C2CCCC2)C(=O)N(CCC)C1=O,-4.96
CC1=CC=C(C=C1)C(=O)C1=CC(=C([O-])C(O)=C1)[N+]([O-])=O,-4.17
CC1=C(C)C([N-]S(=O)(=O)C2=CC=C(N)C=C2)=NO1,-2.19
CCCC1=C2CCCCC2=CC2=C1OC(=CC2=O)C([O-])=O,-1.9
OCN1C(=O)NC(C1=O)(C1=CC=CC=C1)C1=CC=CC=C1,-3.3
CCCCCCOC(=O)N1C=NC2=C1C(=O)N(C)C(=O)N2C,-3.0
ClC1=CC=C(OC2=CC(Cl)=C(Cl)C(Cl)=C2)C=C1Cl,-8.25
CC12CCC3C(CCC4=CC(=O)CCC34)C1CCC2(OC(=O)C1=CC=CC=C1)C#C,-7.75
ClC1=CC=C(OC2=C(Cl)C=C(Cl)C(Cl)=C2)C=C1Cl,-7.83
CC1CC2C3CCC(O)(C(=O)COC(=O)CCC([O-])=O)C3(C)CC(O)C2C2(C)C=CC(=O)C=C12,-4.2
ClC1=CC=C(OC2=CC(Cl)=C(Cl)C(Cl)=C2)C(Cl)=C1,-7.89
O=C(N1N=CC2=C1NC=NC2=O)C1=CC=CC=C1,-4.23
ClC1=CC=C(C=C1)C(C1=C(Cl)C=CC=C1)C(Cl)(Cl)Cl,-7.13
ClC1=CC(OC2=C(Cl)C=C(Cl)C(Cl)=C2)=CC(Cl)=C1,-8.06
ClC1=CC(OC2=CC=C(Cl)C(Cl)=C2)=C(Cl)C(Cl)=C1,-7.83
ClC1=CC=C(OC2=C(Cl)C=C(Cl)C(Cl)=C2)C(Cl)=C1,-7.61
ClC1=CC(OC2=C(Cl)C(Cl)=C(Cl)C=C2)=CC(Cl)=C1,-7.86
ClC1=CC=C(OC2=C(Cl)C(Cl)=C(Cl)C(Cl)=C2)C=C1,-8.06
ClC1=CC(Cl)=C(OC2=CC=C(Cl)C(Cl)=C2)C(Cl)=C1,-7.62
NC1=CC=C(C=C1)S(=O)(=O)NC1=CC=NC(=O)N1,-3.55
ClC1=CC=C(OC2=C(Cl)C(Cl)=C(Cl)C=C2)C(Cl)=C1,-7.44
ClC1=CC=C(Cl)C(OC2=C(Cl)C=C(Cl)C(Cl)=C2)=C1,-7.56
ClC1=CC=C(OC2=C(Cl)C(Cl)=CC(Cl)=C2)C(Cl)=C1,-7.64
ClC1=CC=C(OC2=C(Cl)C(Cl)=CC=C2Cl)C=C1Cl,-7.35
ClC1=CC=C(OC2=C(Cl)C(Cl)=C(Cl)C=C2Cl)C=C1,-7.77
CCCCCCCC(=O)OCN1C=NC2=C1C(=O)N(C)C(=O)N2C,-3.45
ClC1=CC=C(OC2=C(Cl)C=C(Cl)C=C2Cl)C(Cl)=C1,-7.33
ClC1=CC(Cl)=C(OC2=CC=CC(Cl)=C2Cl)C=C1Cl,-7.48
ClC1=CC=C(Cl)C(OC2=C(Cl)C(Cl)=C(Cl)C=C2)=C1,-7.7
NC(=[NH2+])C1=CC(NC(=O)NC2=CC(=CC=C2)C(N)=[NH2+])=CC=C1,-1.77
ClC1=C(Cl)C(Cl)=C(OC2=CC=CC(Cl)=C2Cl)C=C1,-7.38
ClC1=CC=C(OC2=C(Cl)C(Cl)=CC(Cl)=C2Cl)C=C1,-7.76
ClC1=CC=C(C=C1)N1N=NC2C3CC(C4N=NC34)C12,-4.87
ClC1=CC=C(OC2=C(Cl)C(Cl)=CC=C2Cl)C(Cl)=C1,-7.24
ClC1=CC(Cl)=C(OC2=C(Cl)C=CC=C2Cl)C=C1Cl,-7.12
ClC1=CC=CC(Cl)=C1OC1=C(Cl)C(Cl)=C(Cl)C=C1,-7.23
COC1=CC2=CC=C(C=C2C=C1)C(C)C(=O)OCCOC(=O)C[NH3+],-1.98
CN(C)S(=O)(=O)[N-]C1=NN=C(S1)S([NH-])(=O)=O,-2.68
ClC1=C(Cl)C(Cl)=C(OC2=CC=CC=C2)C(Cl)=C1Cl,-7.94
CCC(=O)OCSC1=C2N=CN(COC(=O)CC)C2=NC=N1,-2.78
CC(OC1=CC=C(OC2=C(Cl)C=C(Cl)C=C2)C=C1)C([O-])=O,-5.04
CC(C([O-])=O)C1=CC2=C(C=C1)C1=C(N2)C=CC(Cl)=C1,-4.7
COC1=CC2=CC=C(C=C2C=C1)C(C)C(=O)OC(C)OC(=O)C[NH3+],-2.44
OC1=CC=CC2=C1C(=O)C1=C(C=CC=C1O)C2=O,-5.19
CN1C=CC(NS(=O)(=O)C2=CC=C(N)C=C2)=NC1=O,-2.36
CC(=O)NC1=CC=C(C=C1)C(=O)NC1=CC=C(OC(C)=O)C=C1,-4.41
CN1C2=C(NC(=N2)C2=CC=CC=C2)C(=O)N(C)C1=O,-5.0
CCCN1C2=C(NC(=N2)C(C2CC2)C2CC2)C(=O)N(CCC)C1=O,-4.59
CCCC1=C2OC(=CC(=O)C2=C(O)C2=C1CCCC2)C([O-])=O,-2.68
CC1(C)SC2C(NC(=O)C([NH3+])C3=CC=CC=C3)C(=O)N2C1C([O-])=O,-1.99
CC(C)C1(O)CC[NH+]2CC3C4=C(CCC5=C3C(=CC=C5)C2C1)C=CC=C4,-3.81
CC1OC(OC2CC3OC(O)(CC(O)C3C([O-])=O)CC(O)CC3OC3C=CC(=O)OC(C)CC=CC=CC=CC=C2)C(O)C([NH3+])C1O,-2.21
CCN1C=C(C([O-])=O)C(=O)C2=C1C=C(N1CC[NH2+]CC1)C(F)=C2,-2.76
CCCC(=O)OCSC1=C2N=CN(COC(=O)CCC)C2=NC=N1,-3.71
CC1=C(N2C(SC1)C(NC(=O)C([NH3+])C1=CC=CC=C1)C2=O)C([O-])=O,-1.58
CC(=O)NC1=CC=C(C=C1)S(=O)(=O)[N-]C1=NC=CC=N1,-3.59
CCCN1C2=C(NC(=N2)C2CCC(=O)C2)C(=O)N(CCC)C1=O,-3.16
ClC1=CC(OC2=C(Cl)C(Cl)=C(Cl)C=C2)=CC(Cl)=C1Cl,-8.49
CC(C)C1(C)N=C(NC1=O)C1=NC2=CC=CC=C2C=C1C([O-])=O,-3.72
CC(=O)OCN1C=C(F)C(=O)N(C(=O)C2=CC=CC=C2)C1=O,-3.34
CC1=NC=C(N1CCOC(=O)C1=CC=C(CN2CCOCC2)C=C1)[N+]([O-])=O,-2.89
NC1=CC=C(C=C1)S(=O)(=O)NC1=CC=C(Cl)C(Cl)=C1,-4.94
COC1=C(NS(=O)(=O)C2=CC=C(N)C=C2)C=C(N)C=C1,-5.08
CCN1C=C(C([O-])=O)C(=O)C2=C1N=C(N1CC[NH2+]CC1)C(F)=C2,-2.92
CN(C)S(=O)(=O)N=C1SC(=NN1C)S(N)(=O)=O,-2.7
ClC1=CC(OC2=CC(Cl)=C(Cl)C=C2Cl)=C(Cl)C(Cl)=C1,-8.41
ClC1=CC(Cl)=C(Cl)C(OC2=C(Cl)C(Cl)=C(Cl)C=C2)=C1,-8.55
ClC1=CC=C(OC2=C(Cl)C(Cl)=CC(Cl)=C2Cl)C=C1Cl,-8.3
ClC1=CC(Cl)=C(OC2=C(Cl)C(Cl)=C(Cl)C=C2Cl)C=C1,-8.47
CCOC(=O)C1=CN=C([N-]S(=O)(=O)C2=CC=CC=C2)C=C1,-4.24
CC(=O)OC1=CC=C(CC(NC(=O)C2=CC=CC=C2)C(N)=O)C=C1,-3.89
ClC1=CC(Cl)=C(OC2=C(Cl)C(Cl)=CC=C2Cl)C=C1Cl,-7.88
CN(CC(=O)NCCC(=O)[N-]C1=NN=C(S1)S(N)(=O)=O)C(N)=[NH2+],-1.13
CN1C2=C(NC(C=CC3=CC=CC=C3)=N2)C(=O)N(C)C1=O,-6.66
ClC1=CC(Cl)=C(OC2=C(Cl)C(Cl)=CC(Cl)=C2Cl)C=C1,-8.42
ClC1=C(Cl)C(Cl)=C(OC2=C(Cl)C=CC(Cl)=C2Cl)C=C1,-7.96
CN1N=C(SC1=NS(=O)(=O)C(F)(F)F)S(N)(=O)=O,-1.16
CN1C(=NC2=C1C(=O)N(C)C(=O)N2C)C1=CC=CC=C1,-3.31
CN(CC1=CC=C(OCCN2CCOCC2)C=C1)C(=O)C1=CC=C(O1)[N+]([O-])=O,-2.29
NC1=CC=C(C=C1)S(=O)(=O)NC1=NC(=O)N(CC=C)C=C1,-3.11
CC(=O)NC1=CC=C(C=C1)S(=O)(=O)[N-]C1=NC=CS1,-3.43
CC(C)N1C=CC(NS(=O)(=O)C2=CC=C(N)C=C2)=NC1=O,-3.17
CCNC(=O)OC1=C([O-])C(=CC(C=C(C#N)C(=O)N(CC)CC)=C1)[N+]([O-])=O,-3.18
CCCCC(=O)OCSC1=C2N=CN(COC(=O)CCCC)C2=NC=N1,-4.33
COC1=CC=C(NS(=O)(=O)C2=CC=C(C=C2)[N+]([O-])=O)C=C1,-4.64
CC1(C)SC2C(NC(=O)C([NH3+])C3=CC=C(O)C=C3)C(=O)N2C1C([O-])=O,-2.17
CCCN1C2=C(NC(=N2)C23CC4CC2CC(C3)C4)C(=O)N(CCC)C1=O,-5.85
COC1=CC2=CC=C(C=C2C=C1)C(C)C(=O)OCCOC(=O)C([NH3+])CC(C)C,-3.82
CCCCN1C=CC(NS(=O)(=O)C2=CC=C(N)C=C2)=NC1=O,-3.09
CCC(C)C([NH3+])C(=O)OCCOC(=O)C(C)C1=CC2=CC=C(OC)C=C2C=C1,-3.82
FC1=CC=CC(F)=C1C1SCC2=NC3=CC=CC=C3N12,-3.76
CCN(CC)C(=O)CCC(=O)OCN1C=NC2=C1C(=O)N(C)C(=O)N2C,-1.14
CC(C)CN1C=CC(NS(=O)(=O)C2=CC=C(N)C=C2)=NC1=O,-3.11
CCCC(=O)OCN1C=C(F)C(=O)N(C(=O)C2=CC=CC=C2)C1=O,-3.73
CNN1C=C(C([O-])=O)C(=O)C2=C1C=C(N1CCN(C)CC1)C(F)=C2,-3.73
CC(C)(C)C(=O)OC1=CC=C2N=C(SC2=C1)S(N)(=O)=O,-3.73
CCC(C)N1C=CC(NS(=O)(=O)C2=CC=C(N)C=C2)=NC1=O,-2.76
COC1=CC2=CC=C(C=C2C=C1)C(C)C(=O)OCCOC(=O)CN1CCOCC1,-4.3
ClC1=CC=C(C=C1Cl)C1=C(Cl)C(Cl)=C(Cl)C(Cl)=C1Cl,-8.9
ClC1=CC(=CC(Cl)=C1Cl)C1=C(Cl)C(Cl)=CC(Cl)=C1Cl,-9.1
CCCOC(=O)N1C2CN3C4=C(C(COC(N)=O)C3(OC)C12)C(=O)C(N)=C(C)C4=O,-3.48
CN1C(C=CC2=CC=CC=C2)=NC2=C1C(=O)N(C)C(=O)N2C,-5.55
CCC(C)C([NH3+])C(=O)OCCCCOC(=O)C(C)C1=CC2=CC=C(OC)C=C2C=C1,-4.52
COC1=CC2=C(C=C1OC)C13CC[NH+]4CC5=CCOC6CC(=O)N2C1C6C5CC34,-2.79
ClC1=CC(OC2=C(Cl)C(Cl)=C(Cl)C(Cl)=C2)=CC(Cl)=C1Cl,-9.54
C1CC2=CC3=C(C=C4C=CC=CC4=C3)C3=C2C1=CC=C3,-2.97
CC(C)OC1=CC=C(C=C1)C(=O)[N-]S(=O)(=O)C1=CC=C(N)C=C1,-4.3
CSC1=CC=C2OC3=C(C=C(C=C3)C([O-])=O)C(=O)C2=C1,-5.32
CCN1C=C(C([O-])=O)C(=O)C2=C1C(F)=C(N1CC[NH2+]C(C)C1)C(F)=C2,-2.33
CC[NH+]1CCN(CC1)C1=CC2=C(C=C1F)C(=O)C(=CN2C1CC1)C([O-])=O,-3.18
[O-]C(=O)CCC1=NC(=C(O1)C1=CC=CC=C1)C1=CC=CC=C1,-2.24
ClC1=CC=C(OC2=C(Cl)C(Cl)=C(Cl)C(Cl)=C2Cl)C(Cl)=C1,-9.64
O=C1OC(C2=C1C=CC=C2)(C1=CC=CC=C1)C1=CC=CC=C1,-3.85
C[NH+]1CC2CC1CN2C1=CC2=C(C=C1F)C(=O)C(=CN2C1CC1)C([O-])=O,-2.9
OC1=CC([O-])=CC2=C1C(=O)C=C(O2)C1=CC(O)=C(O)C=C1,-3.61
CCCC1=C(O)N2N(C1=O)C(=[NH+]C1=CC=C(C)C=C21)N(C)C,-3.63
CCCCC1=CC2=CC3=C(C=CC4=C3C=CC=C4)C=C2C=C1,-7.52
COC1=C(N2C(SC1)C(NC(=O)C([NH3+])C1=CCC=CC1)C2=O)C([O-])=O,-1.89
C[NH2+]CC(=O)NC1=C(C=C(C(Cl)=C1)S(N)(=O)=O)S(N)(=O)=O,-1.27
CC1=C2C=C(Cl)C=CC2=CC2=C1C=CC1=C2C=CC=C1,-7.44
CC(C)OC(=O)CC(C(=O)OC(C)C)S(=O)(=O)C1=CC=C(C=C1)[N+]([O-])=O,-4.29
CN1CCN(CC1)C1=C(F)C2=C(C=C1F)C(=O)C(=CN2CCF)C([O-])=O,-2.73
CC1CCC2=C(N3CCC(O)CC3)C(F)=CC3=C2N1C=C(C([O-])=O)C3=O,-3.78
CCN1C=CC(NS(=O)(=O)C2=CC=C(NC(C)=O)C=C2)=NC1=O,-2.71
CCC1=NN=C([N-]S(=O)(=O)C2=CC=C(NC(C)=O)C=C2)S1,-3.4
C[NH+](C)CC1=CC=C(C=C1)C(=O)OCCOCN1C=NC2=C1N=C(N)NC2=O,-2.47
OCC(CO)C(=O)OCN1C(=O)NC(C1=O)(C1=CC=CC=C1)C1=CC=CC=C1,-2.21
CC(C(=O)OCC(=O)N(C)CC(N)=O)C1=CC(=CC=C1)C(=O)C1=CC=CC=C1,-2.42
CCCCCC1=C2C=CC=CC2=CC2=C1C=CC1=C2C=CC=C1,-8.57
ClC1=CC(OC2=CC(Cl)=C(Cl)C(Cl)=C2Cl)=C(Cl)C(Cl)=C1Cl,-10.1
CCCCCCCC(=O)OCN1C(=O)NC(C1=O)(C1=CC=CC=C1)C1=CC=CC=C1,-6.52
CS(=O)C1=CC=C2OC3=C(C=C(C=C3)C([O-])=O)C(=O)C2=C1,-5.02
CSC1=CC=C(C=C1)C(=O)C1=C2OC=CC2=CC(CC([O-])=O)=C1,-5.51
COC1=NC(C)=NC(NC(=O)[N-]S(=O)(=O)C2=CC=CC=C2Cl)=N1,-1.71
NS(=O)(=O)C1=NN=C([N-]S(=O)(=O)C2=CC=CC=C2)S1,-2.9
ClC1=CC2=C(C3=C(O2)C(Cl)=C(Cl)C(Cl)=C3)C(Cl)=C1Cl,-10.3
OC1=CC=C(C=C1O)C1=C(O)C(=O)C2=C(O1)C=C([O-])C=C2O,-1.99
ClC1=CC(Cl)=C(COC(CN2C=CN=C2)C2=CC=C(Cl)C=C2Cl)C=C1,-5.08
CN1C(=O)N(C)C2=NC3=C(N=C2C1=O)C(=O)N(C)C(=O)N3C,-3.31
NS(=O)(=O)C1=NN=C([N-]S(=O)(=O)CC2=CC=CC=C2)S1,-2.7
COC(=O)C(=CC1=CC=CC=C1)S(=O)(=O)C1=CC=C(C=C1)[N+]([O-])=O,-4.57
CC1(O)CC(C2=CC=C(Cl)C=C2)C2=C(O1)C1=C(OC2=O)C=CC=C1,-5.84
CC1=C(C(=NO1)C1=CC=CC=C1)C1=CC=C(C=C1)S(N)(=O)=O,-4.52
NS(=O)(=O)C1=NC2=CC=C(OCCOC(=O)CNC(=O)C[NH3+])C=C2S1,-1.3
CC1=CC=C(C=C1)S(=O)(=O)[N-]C1=NN=C(S1)S(N)(=O)=O,-1.22
CCCCNC1=C(OC2=CC=CC=C2)C(=CC(=C1)C([O-])=O)S(N)(=O)=O,-3.56
CC1CN(CC(C)[NH2+]1)C1=C(F)C2=C(C(N)=C1F)C(=O)C(=CN2C1CC1)C([O-])=O,-3.37
OCC(O)COC(=O)C1=C(NC2=C3C=CC(Cl)=CC3=NC=C2)C=CC=C1,-4.54
NC1=CC=C(C=C1)S(=O)(=O)[N-]C1=NN=C(S1)S(N)(=O)=O,-1.5
CCC(=C(C1=CC=CC=C1)C1=CC=C(OCC[NH+](C)C)C=C1)C1=CC=CC=C1,-8.49
NC1=CC=CC(=C1)S(=O)(=O)[N-]C1=NN=C(S1)S(N)(=O)=O,-1.54
CC1=NC=C2CN=C(C3=C(F)C=CC=C3)C3=C(C=CC(Cl)=C3)N12,-4.13
CCCN(CCC)C1=C(C=C(C=C1[N+]([O-])=O)S(=O)(=O)NS(C)=C)[N+]([O-])=O,-4.86
CC1(C)SC2C(NC(=O)C([NH3+])C3=CC=C(N)C=C3)C(=O)N2C1C1=NN=N[N-]1,-1.57
NS(=O)(=O)C1=NN=C([N-]C(=O)C2=C(F)C(F)=C(F)C(F)=C2F)S1,-1.37
CCC[NH+](CCC)CC1=CC=CC(=C1)C(=O)OCCOCN1C=NC2=C1N=C(N)NC2=O,-0.35
NS(=O)(=O)C1=NN=C([N-]S(=O)(=O)C2=CC=C(Cl)C=C2)S1,-2.01
NS(=O)(=O)C1=CC=C(CNC(=S)NC(C(O)C2=CC=CC=C2)C([O-])=O)C=C1,-1.29
CN1N=C(SC1=NS(=O)(=O)CC1=CC=CC=C1)S(N)(=O)=O,-2.48
COC1=CC=C(C=C1)S(=O)(=O)[N-]C1=NN=C(S1)S(N)(=O)=O,-2.25
COC1=CC2=NC(=[NH+]C(N)=C2C=C1OC)N1CCN(CC1)C(=O)C1=CC=CO1,-5.09
CN1N=C(SC1=NS(=O)(=O)C1=CC=C(C)C=C1)S(N)(=O)=O,-2.84
COC1=CC2=CC=C(C=C2C=C1)C(C)C(=O)OCCOC(=O)C(N)CC1=CC=CC=C1,-3.75
OCC1OC2OC3C(CO)OC(OC4C(CO)OC(OC5C(CO)OC(OC6C(CO)OC(OC7C(CO)OC(OC1C(O)C2O)C(O)C7O)C(O)C6O)C(O)C5O)C(O)C4O)C(O)C3O,-0.91
NC1=CC=C(C=C1)S(=O)(=O)NC1=NC(=O)N(CC2=CC=CC=C2)C=C1,-4.8
CN1N=C(SC1=NS(=O)(=O)C1=CC=C(F)C=C1)S(N)(=O)=O,-2.03
CCN(C1CC(C)S(=O)(=O)C2=C1C=C(S2)S(N)(=O)=O)C(=O)C[NH2+]C,-1.21
CN1N=C(SC1=NS(=O)(=O)C1=CC=C(N)C=C1)S(N)(=O)=O,-2.5
CC12CCC3C(CCC4=CC(=O)CCC34)C1CCC2(OC(=O)C1=CC=C(C=C1)C1=CC=CC=C1)C#C,-8.11
CN1N=C(SC1=NS(=O)(=O)C1=CC=CC(N)=C1)S(N)(=O)=O,-2.45
CC1=CC(C)=C(C(C)=C1)S(=O)(=O)[N-]C1=NN=C(S1)S(N)(=O)=O,-2.7
CC1CC2=C(C=CC=C2)N1NC(=O)C1=CC(=C(Cl)C=C1)S(N)(=O)=O,-3.79
CC1C(NC(=O)C(=NOC(C)(C)C([O-])=O)C2=CSC(N)=N2)C(=O)N1S([O-])(=O)=O,-1.64
COC1=CC2=CC=C(C=C2C=C1)C(C)C(=O)OC(C)OC(=O)C(N)CC1=CC=CC=C1,-3.5
CN1N=C(SC1=NS(=O)(=O)C1=CC=C(Cl)C=C1)S(N)(=O)=O,-2.44
CC(=O)N1CCN(CC1)C(=O)C=CC1=CC(Cl)=C(SC2=CC3=C(OCCO3)C=C2)C=C1,-2.05
COC1=CC2=NC=NC(N3CCN(CC3)C(=S)NCC3=CC=CO3)=C2C=C1OC,-5.63
COC1=CC2=NC=NC(N3CCN(CC3)C(=O)NC3=CSC=C3)=C2C=C1OC,-5.3
NS(=O)(=O)C1=CC=C(NC2=NC(NC(=O)C3=CC=CN=C3)=NC=C2)C=C1,-1.27
CC12CCC3C(CCC4=CC(=O)CCC34)C1CCC2(OC(=O)C1=CC=C(OC2=CC=CC=C2)C=C1)C#C,-6.84
COC1=CC=C(C=C1)S(=O)(=O)N=C1SC(=NN1C)S(N)(=O)=O,-2.76
NS(=O)(=O)C1=NN=C([N-]S(=O)(=O)C2=CC=C(C=C2)[N+]([O-])=O)S1,-1.33
NS(=O)(=O)C1=CC(=C(Cl)C(Cl)=C1NC(=O)CNC(=O)C[NH3+])S(N)(=O)=O,-1.23
CN(C)C1=C2CC3CC4C([NH+](C)C)C(=O)[C-](C(N)=O)C(=O)C4(O)C(O)=C3C(=O)C2=C(O)C=C1,-0.94
NS(=O)(=O)C1=NN=C([N-]S(=O)(=O)C2=CC(=CC=C2)[N+]([O-])=O)S1,-1.46
CC(C)C1=C(SC2=C(C=C(C=CC(=O)N3CCN(CC3)C(C)=O)C=C2)[N+]([O-])=O)C=CC=C1,-2.7
NS(=O)(=O)C1=NN=C([N-]S(=O)(=O)C2=C(C=CC=C2)C([O-])=O)S1,-2.32
CC(=O)NC1=CC=C(C=C1)S(=O)(=O)[N-]C1=NN=C(S1)S(N)(=O)=O,-1.62
NS(=O)(=O)C1=NN=C([N-]S(=O)(=O)C2=C(C=CC=C2)[N+]([O-])=O)S1,-1.82
CC(=O)N1CCN(CC1)C(=O)C=CC1=CC(Cl)=C(SC2=CC=C3NC=CC3=C2)C=C1,-2.74
CN1N=C(SC1=NS(=O)(=O)C1=C(C)C=C(C)C=C1C)S(N)(=O)=O,-3.0
COC1=CC(OC)=NC(NC(=O)[N-]S(=O)(=O)C2=NC=CC=C2C(=O)N(C)C)=N1,-3.97
COC1=CC=C(C=C1)C1SC2=CC=CC=C2N(CC[NH+](C)C)C(=O)C1OC(C)=O,-2.95
COC(=O)C1=C(C=CS1)S(=O)(=O)[N-]C(=O)NC1=NC(OC)=NC(OC)=N1,-3.19
C[NH+]1CCC(C(O)C1)C1=C([O-])C=C(O)C2=C1OC(=CC2=O)C1=C(Cl)C=CC=C1,-4.26
FC1=CC=C(C=C1)C(N1C=CN=C1)(C1=CC=CC=C1)C1=C(F)C=CC=C1,-8.4
CN1C(C(=O)NC2=NC=CC=C2)=C([O-])C2=C(C=CS2)S1(=O)=O,-3.88
[NH3+]CC(=O)NC1=CC=C(C=C1)S(=O)(=O)[N-]C1=NN=C(S1)S([NH-])(=O)=O,-1.19
CN1N=C(SC1=NS(=O)(=O)C1=CC=C(C=C1)[N+]([O-])=O)S(N)(=O)=O,-2.7
CN1N=C(SC1=NS(=O)(=O)C1=CC=CC(=C1)[N+]([O-])=O)S(N)(=O)=O,-2.67
C[NH+]1CCN(CC1)C1=CC2=C(C=C1F)C(=O)C(=CN2C1=CC=C(F)C=C1)C([O-])=O,-3.82
CCNC1CN(CCCOC)S(=O)(=O)C2=C1C=C(S2)S(N)(=O)=O,-2.95
CN1N=C(SC1=NS(=O)(=O)C1=CC=C(NC(C)=O)C=C1)S(N)(=O)=O,-1.69
CN1N=C(SC1=NS(=O)(=O)C1=C(C=CC=C1)C([O-])=O)S(N)(=O)=O,-2.51
OC1=C(C=C(C=C1)N=NC1=CC=C(C=C1)S(=O)(=O)[N-]C1=CC=CC=N1)C([O-])=O,-6.14
CCCCC(=O)N(CC1=CC=C(C=C1)C1=C(C=CC=C1)C1=NN=N[N-]1)C(C(C)C)C([O-])=O,-4.2
CN1N=C(SC1=NS(=O)(=O)C1=CC=CC=C1[N+]([O-])=O)S(N)(=O)=O,-2.79
NS(=O)(=O)C1=NN=C([N-]S(=O)(=O)C2=CC(=C(Cl)C=C2)[N+]([O-])=O)S1,-1.99
COC1=CC2=NC=NC(N3CCN(CC3)C(=O)NC3=CC=C(C=C3)[N+]([O-])=O)=C2C=C1OC,-6.95
[O-]C(=O)C1=CC=CC=C1C1=C2C=CC(=O)C=C2OC2=C1C=CC([O-])=C2,-3.82
COC1=C(N=CN=C1)N1CC[NH+](CCC2=CNC3=CC=C(CS(=O)(=O)N(C)C)C=C23)CC1,-3.76
CC1=NN=C(SCC2=C(N3C(SC2)C(NC(=O)CN2C=NN=N2)C3=O)C([O-])=O)S1,-2.62
CC(C)(C)NC(=O)C1N(CSC1(C)C)C(=O)C(O)C(CC1=CC=CC=C1)NC(=O)C1=CC=CC=C1,-3.62
NS(=O)(=O)C1=NN=C([N-]S(=O)(=O)C2=C(F)C(F)=C(F)C(F)=C2F)S1,-1.21
CN1N=NN=C1SCC1=C(N2C(SC1)C(NC(=O)C(O)C1=CC=CC=C1)C2=O)C([O-])=O,-0.14
CC1=C(C([O-])=O)C2=CC(F)=CC=C2N=C1C1=CC=C(C=C1)C1=C(F)C=CC=C1,-6.39
FC(F)(F)N=C1SC(=NC2=CC=CC=C2)N(C1=NC(F)(F)F)C1=CC=CC=C1,-5.42
CC(C)(C)NC(=O)C1N(CSC1(C)C)C(=O)C(O)C(CC1=CC=CC=C1)NC(=O)CC1=CC=CC=C1,-3.72
CC1CN(CC[NH2+]1)C1=CC2=C(C=C1F)C(=O)C(=CN2C1=C(F)C=C(F)C=C1)C([O-])=O,-3.8
CC1=CC=C(C=C1)C(=O)NC(CC1=CC=CC=C1)C(O)C(=O)N1CSC(C)(C)C1C(=O)NC(C)(C)C,-4.11
NC1=NC(=O)C2=C(N1)N=CC(CNC1=CC=C(C=C1)C(=O)NC(CCC([O-])=O)C([O-])=O)=N2,-5.44
[NH3+]C1C2CN(CC12)C1=NC2=C(C=C1F)C(=O)C(=CN2C1=CC=C(F)C=C1F)C([O-])=O,-4.53
CN1N=C(SC1=NS(=O)(=O)C1=CC(=C(Cl)C=C1)[N+]([O-])=O)S(N)(=O)=O,-2.47
NS(=O)(=O)C1=CC=C(NC2=NC([N-]S(=O)(=O)C3=CC=CC=C3)=NC=C2)C=C1,-2.55
OCC1OC2OC3C(CO)OC(OC4C(CO)OC(OC5C(CO)OC(OC6C(CO)OC(OC7C(CO)OC(OC8C(CO)OC(OC1C(O)C2O)C(O)C8O)C(O)C7O)C(O)C6O)C(O)C5O)C(O)C4O)C(O)C3O,-1.84
CC(C)(C)NC(=O)C1N(CSC1(C)C)C(=O)C(O)C(CC1=CC=CC=C1)NC(=O)COC1=CC=CC=C1,-3.83
NS(=O)(=O)C1=CC=C(NC2=CC=NC([N-]S(=O)(=O)CC3=CC=CC=C3)=N2)C=C1,-2.7
CC(C)(C)NC(=O)C1N(CSC1(C)C)C(=O)C(O)C(CC1=CC=CC=C1)NC(=O)C1=CC=C(Cl)C=C1,-4.28
NS(=O)(=O)C1=NN=C([N-]S(=O)(=O)C2=C(C=C(C=C2)[N+]([O-])=O)[N+]([O-])=O)S1,-2.91
COC1=CC=C(C=C1)C(=O)NC(CC1=CC=CC=C1)C(O)C(=O)N1CSC(C)(C)C1C(=O)NC(C)(C)C,-4.11
[NH3+]CC(=O)NCC(=O)NC1=CC=C(C=C1)S(=O)(=O)[N-]C1=NN=C(S1)S([NH-])(=O)=O,-1.29
COC(=O)C1=C(C(C)=CC=C1)S(=O)(=O)[N-]C(=O)NC1=NC(=NC(OCC(F)(F)F)=N1)N(C)C,-5.69
CC1=CC=CC(C)=C1OCC(=O)NC(CC1=CC=CC=C1)C(O)C(=O)N1CSC(C)(C)C1C(=O)NC(C)(C)C,-5.01
CN1N=C(SC1=NS(=O)(=O)C1=C(C=C(C=C1)[N+]([O-])=O)[N+]([O-])=O)S(N)(=O)=O,-2.74
CC(C)(C)NC(=O)C1N(CSC1(C)C)C(=O)C(O)C(CC1=CC=CC=C1)NC(=O)C1=CC=C(C=C1)[N+]([O-])=O,-3.98
NC1=CC=C(C=C1)S(=O)(=O)[N-]C1=NC(=CS1)C1=CC=C(C=C1)C1=CC=CC=C1,-5.61
CC1=CC=C(C=C1)S(=O)(=O)[N-]C(=O)NC1=NC(NC2=CC=C(C=C2)S(N)(=O)=O)=CC=N1,-4.3
FC1=CC=CC(F)=C1C(=O)NC(=O)NC1=CC(Cl)=C(OC2=C(Cl)C=C(C=N2)C(F)(F)F)C(Cl)=C1,-8.65
NS(=O)(=O)C1=CC=C(NC2=CC=NC([N-]S(=O)(=O)C3=CC(=CC=C3)C(F)(F)F)=N2)C=C1,-1.82
NS(=O)(=O)C1=CC=C(NC2=CC=NC(NC(=O)[N-]S(=O)(=O)C3=CC=C(Cl)C=C3)=N2)C=C1,-4.0
OCC1OC2OC3C(CO)OC(OC4C(CO)OC(OC5C(CO)OC(OC6C(CO)OC(OC7C(CO)OC(OC8C(CO)OC(OC9C(CO)OC(OC1C(O)C2O)C(O)C9O)C(O)C8O)C(O)C7O)C(O)C6O)C(O)C5O)C(O)C4O)C(O)C3O,-0.75
COCCNC(=O)C(NC(=O)C(CC(O)C(CC1=CC=CC=C1)NC(=O)OC(C)(C)C)CC1=CC(OC)=C(OC)C(OC)=C1)C(C)C,-4.0
NS(=O)(=O)C1=CC=C(NC2=NC([N-]S(=O)(=O)C3=C(F)C(F)=C(F)C(F)=C3F)=NC=C2)C=C1,-1.57
CCCOC1=CC=C2C(C(C(C2=C1)C1=CC=C(OC)C=C1OCC([O-])=O)C([O-])=O)C1=CC2=C(OCO2)C=C1,-6.77
CC(C)C1(NC(=O)C2CC3C(CC4=CNC5=CC=CC3=C45)[NH+](C)C2)OC2(O)C3CCCN3C(=O)C(CC3=CC=CC=C3)N2C1=O,-5.27
COC1C(CC2C[NH+]3CCC4=C(NC5=CC(OC)=CC=C45)C3CC2C1C(=O)OC)OC(=O)C1=CC(OC)=C(OC)C(OC)=C1,-5.97
CC(C)CCCC(C)C1CCC2C3CCC4CC(C)(CCC=C(C5=CC(Cl)=C(O)C(=C5)C([O-])=O)C5=CC(Cl)=C(O)C(=C5)C([O-])=O)CCC4(C)C3CCC12C,-8.46
CC(C)CC(NC(=O)C(CC1=CN=CN1)NC(=O)C(CC1=CC=CC=C1)NC(=O)OC(C)(C)C)C(O)CC(=O)NC(CC(C)C)C(=O)NCCC[NH+](CCO)CCO,-2.37
CC(C)CC(NC(=O)C(CC1=CN=CN1)NC(=O)C(CC1=CC=CC=C1)NC(=O)OC(C)(C)C)C(O)CC(=O)NC(CC(C)C)C(=O)NCCC([NH3+])C([O-])=O,-2.22
CSCC(NC(=O)COC1=CC=CC2=CN=CC=C12)C(=O)NC(CC1=CC=CC=C1)C(O)C(=O)N1CSCC1C(=O)NC(C)(C)C,-3.95
CC(C)CC(NC(=O)C(CC1=CN=CN1)NC(=O)C(CC1=CC=CC=C1)NC(=O)OC(C)(C)C)C(O)CC(=O)NC(CC(C)C)C(=O)NCC1=CC=NC=C1,-3.36
CC(C)CC(NC(=O)C(CC1=CN=CN1)NC(=O)C(CC1=CC=CC=C1)NC(=O)OC(C)(C)C)C(O)CC(=O)NC(CC(C)C)C(=O)NCC1=CC=CC=N1,-3.42
CC(C)CC(NC(=O)C(CC1=CN=CN1)NC(=O)C(CC1=CC=CC=C1)NC(=O)OC(C)(C)C)C(O)CC(=O)NC(CC(C)C)C(=O)NCC1=CC=[N+]([O-])C=C1,-2.38
CC(C)CC(NC(=O)C(CC1=CN=CN1)NC(=O)C(CC1=CC=CC=C1)NC(=O)OC(C)(C)C)C(O)CC(=O)NC(CC(C)C)C(=O)NCC1=CC=CC(C[NH3+])=C1,-2.85
CC(C)CC(NC(=O)C(CC1=CN=CN1)NC(=O)C(CC1=CC=CC=C1)NC(=O)OC(C)(C)C)C(O)CC(=O)NC(CC(C)C)C(=O)NCC([NH3+])C1=CC=CC=N1,-3.4
CC(C)CC(NC(=O)CC(O)C(CC1CCCCC1)NC(=O)C(CC1=CN=CN1)NC(=O)C(CC1=CC=CC=C1)NC(=O)OC(C)(C)C)C(=O)NCC1=CC=CC(C[NH3+])=C1,-4.7
CC(C)CC(NC(=O)C(CC1=CN=CN1)NC(=O)C(CC1=CC=CC=C1)NC(=O)OC(C)(C)C)C(O)CC(=O)NC(CC(C)C)C(=O)NC(C([O-])=O)C1=CC=CC=C1,-3.13
CCC(C)C1NC(=O)C(CC2=CC=CC=C2)NC(=O)C2CCCN2C(=O)C(CC2=CC=CC=C2)N(C)C(=O)C2CCCCN2C(=O)C2CCCCN2C1=O,-5.57
CC(C)CC(NC(=O)C(CC1=CN=CN1)NC(=O)C(CC1=CC=CC=C1)NC(=O)OC(C)(C)C)C(O)CC(=O)NC(CC(C)C)C(=O)NC(CC1=CC(C[NH3+])=CC=C1)C([O-])=O,-2.82
CCC(C)C1NC(=O)C(CC2=CNC3=CC=CC=C23)NC(=O)C2CCCN2C(=O)C(CC2=CN=CN2)NC(=O)C2CCCCN2C(=O)C2CCCCN2C1=O,-2.58
CCC(C)C1NC(=O)C(CC2=CC=CC=C2)NC(=O)C2CCCN2C(=O)C(CC2=CC=CC=C2)N(C)C(=O)C(CCC[NH3+])NC(=O)C2CCC=NN2C1=O,-2.7
CCC(C)C1NC(=O)C(CC2=CC3=CC=CC=C3C=C2)NC(=O)C2CCCN2C(=O)C(CC2=CN=CN2)NC(=O)C2CCCCN2C(=O)C2CCCCN2C1=O,-3.98
CCC(C)C1NC(=O)C(CC2=CNC3=CC=CC=C23)NC(=O)C2CCCN2C(=O)C(CC2=CC=CC=C2)N(C)C(=O)C2C[NH2+]CCN2C(=O)C2CCCCN2C1=O,-2.75
CCC(C)C1NC(=O)C(CC2=CNC3=CC=CC=C23)NC(=O)C2CCCN2C(=O)C(CC2=CN=CN2)NC(=O)C2CCCCN2C(=O)C2CCC=NN2C1=O,-2.6
CCC(C)C1NC(=O)C(CC2=CC=CC=C2)NC(=O)C2CCCN2C(=O)C(CC2=CC=CC=C2)N(C)C(=O)C2CCC=NN2C(=O)C2CCC=NN2C1=O,-4.04
CCCCCCCCCCCC,-6.41
CCCCCCCCCCCCCC,-7.456
CCOC=C,-0.858
C[N+](C)(C)CCCl,0.799
CSC1=NN=C(C(=O)N1N)C(C)(C)C,-2.245
COC(=O)C(C)OC1=CC=C(OC2=CC=C(Cl)C=C2Cl)C=C1,-3.834
CC1(C)C(C=C(Cl)Cl)C1C(=O)OCC1=CC=CC(OC2=CC=CC=C2)=C1,-6.99
COC(=O)C1=CC=CC=C1S(=O)(=O)[N-]C(=O)NC1=NC(C)=NC(OC)=N1,-1.604
FC(F)(F)C1=CC=CC=C1,-2.511
C[NH2+]C,1.558
[O-]C1=CC=C(C=C1[N+]([O-])=O)C(F)(F)F,-2.503
[O-]C(=O)C(Cl)(Cl)Cl,0.519
CCC(=O)C1=CC=C(O)C=C1,-2.639
CCCCCCCCCCCCN1CCCC1=O,-4.67
CCCCCCCCCCCCN1CC(CC1=O)C([O-])=O,-3.223
CN1CC(CC1=O)C([O-])=O,-0.954
COC(=O)C1CN(C)C(=O)C1,0.804
CCCCCCN1CC(CC1=O)C(=O)OC,-1.246
CCC1=CC=CC=N1,0.501
CC1=CC=CC(C)=N1,0.447
[O-][N+](=O)C1=NC=CN1CC(=O)NCC1=CC=CC=C1,-2.813
CNC1=CC=CC2=C1C(=O)C1=CC=CC=C1C2=O,-6.3
NC1=CC=C(N)C2=C1C(=O)C1=CC=CC=C1C2=O,-5.859
COC1=CC(N)=C2C(=O)C3=CC=CC=C3C(=O)C2=C1N,-5.746
CCN(CCO)C1=CC=C(C=C1)N=NC1=CC=C(C=C1)[N+]([O-])=O,-6.293
CC1=CC(=CC=C1N=NC1=CC=C(C=C1Cl)[N+]([O-])=O)N(CCO)CCO,-6.57
[O-][N+](=O)C1=CC(=CC=C1NC1=CC=CC=C1)S(=O)(=O)NC1=CC=CC=C1,-6.269
OCCN(CCC#N)C1=CC=C(C=C1)N=NC1=CC=C(C=C1Cl)[N+]([O-])=O,-6.13
OC1=CC2=CC=C(O)C=C2C=C1,-2.205
CC1=C(O)C(=O)C=CO1,-1.063
OCC(O)C1OC(=O)C(O)=C1[O-],0.277
CN1C2CC(CC1C1OC21)OC(=O)C(CO)C1=CC=CC=C1,-0.504
CC12CCC3C(CCC4CC(O)CCC34C)C1CCC2=O,-4.402
CC12CCC3C(CC=C4CC(O)CCC34C)C1CCC2=O,-4.122
[NH3+]C(CC1=CNC2=CC=C(O)C=C12)C([O-])=O,-1.343
OCC(O)C=O,-0.489
[O-]C(=O)CCCCC1SCC2NC(=O)NC12,-3.046
CCOS(C)(=O)=O,0.402
[O-]C(=O)CC(S)C([O-])=O,0.522
CCC(=O)C1=CC=C(N)C=C1,-2.627
ClC=C,-1.36
FC=C,-0.276
FC(F)(F)C(F)(F)Cl,-3.411
FC(F)(F)C(F)(F)C(F)(F)F,-4.518
OC1CC(O)(CC(O)C1O)C([O-])=O,0.179
CCC(C)C,-3.163
CC(C)[N+]([O-])=O,-0.615
NC1=CC=C(C=C1)S(=O)(=O)C1=CC=C(NCCO)C=C1,-2.597
CC(C)(O)C1CCC(C)(O)CC1,-1.634
CCC(C(CC)C1=CC=C(O)C=C1)C1=CC=C(O)C=C1,-4.353
CC=C(C(=CC)C1=CC=C(O)C=C1)C1=CC=C(O)C=C1,-4.948
OC1=C(C=CC=C1C([O-])=O)[N+]([O-])=O,-2.149
NC1=C(N=NC2=CC=CC=C2)C2=CC=CC=C2C=C1,-5.916
C[NH+]1C2CCC1CC(C2)OC(=O)C(O)C1=CC=CC=C1,-1.44
OC1C(O)C(O)C(O)C(O)C1O,-0.1
[O-][N+](=O)C1=CC(=C(Cl)C(=C1)[N+]([O-])=O)[N+]([O-])=O,-2.669
[O-]C(=O)C1=CC(C([O-])=O)=C(C=C1C([O-])=O)C([O-])=O,-1.259
O=C(C=CC=CC1=CC=C2OCOC2=C1)N1CCCCC1,-3.853
OC(CCl)CCl,-0.115
ClC(Cl)(Cl)C1=CC=CC=C1,-3.567
[O-]C(=O)CC(CC([O-])=O)C([O-])=O,0.275
C(OCC1=CC=CC=C1)C1=CC=CC=C1,-3.695
[O-]C(=O)C=CC1=CN=CN1,-1.964
CCCOC(=O)CCC,-1.905
CCCC(C)C,-3.74
CC(C)CC(O)CC(C)C,-2.159
NC(=S)NCC=C,-0.294
C=COC=C,-1.261
[NH3+]CCNCCNCC[NH3+],0.835
[NH3+]CCNCC[NH2+]CCNCC[NH3+],0.723
CCS(=O)(=O)C(C)(C)S(=O)(=O)CC,-1.927
FC1(F)C(F)(F)C(F)(F)C1(F)F,-3.638
COC1=CC=C2C3CC4=CC=C(OC)C5=C4C2(CC[NH+]3C)C1O5,-2.661
COC1=CC=C(C=C1[N+]([O-])=O)[N+]([O-])=O,-3.107
CC(=O)C1=C(O)C(C)=C(O)C2=C1OC1=CC(=O)C(C(C)=O)=C([O-])C21C,-3.537
OCC(CO)(CO)[N+]([O-])=O,0.821
COC1=CC=C(C(=O)CC2=C(CC[NH+](C)C)C=C3OCOC3=C2OC)C(C([O-])=O)=C1OC,-2.535
CC(=O)C1CCC2C3CC=C4CC(O)CCC4(C)C3CCC12C,-4.652
FC1=CC=CC=C1F,-2.0
FC(F)(F)COC=C,-1.478
CC1OC(OC2CCC3(C)C4CCC5(C)C(CCC5(O)C4CCC3=C2)C2=COC(=O)C=C2)C(O)C(O)C1O,-3.955
O=C1C=CC=C2C3C[NH2+]CC(C3)CN12,0.363
CC(=CC([O-])=O)C([O-])=O,-0.694
[O-]S(=O)(=O)CS([O-])(=O)=O,0.754
CC(C)(C)Cl,-1.507
CCOC(=O)C(O)(C1=CC=C(Cl)C=C1)C1=CC=C(Cl)C=C1,-4.512
CC(C)CCl,-2.0
OC1=CC(O)=C(C(=O)C2=CC=C(O)C(O)=C2)C([O-])=C1,-1.72
CC(=O)C1=C(O)C=C(C)OC1=O,-1.226
COC1=C(C#N)C(=O)N(C)C=C1,-1.784
OCC(O)C(O)C(O)C(O)C(O)CO,-0.517
CC(=O)C1=CC=C(OC2OC(CO)C(O)C(O)C2O)C=C1,-1.174
CC(C)(C)C1=NN=C([N-]S(=O)(=O)C2=CC=C(N)C=C2)S1,-3.74
CCC1=CC=CN=C1,0.538
C[NH+]1C2CCC1CC(C2)OC(=O)C1=CC=CC=C1,-2.369
CCOC(=O)NCC(C)C,-0.768
CCCCCOC(=O)CCC,-2.467
CC(=O)NCC([O-])=O,-0.649
COC(=O)C1=COC(OC2OC(CO)C(O)C(O)C2O)C2C(C)CC(=O)C12,-0.265
[O-]C(=O)C1=CC=CC(C([O-])=O)=C1C([O-])=O,-0.837
CC1=CCC(=O)O1,-0.293
CC(C)C(C)(C)O,-0.411
CC(C)(C)C(C)(C)O,-0.723
CC(=O)OC1(CCC2C3C=C(C)C4=CC(=O)CCC4(C)C3CCC12C)C(C)=O,-5.284
CC(C)(C([O-])=O)C([O-])=O,-0.167
CC(C)(CC([O-])=O)C([O-])=O,-0.32
CCCC(C)(O)CC,-1.001
COC1=C(C=C(C=C1[N+]([O-])=O)[N+]([O-])=O)[N+]([O-])=O,-3.085
O=C1C=CNC2=CC=CC=C12,-1.481
O=C(NC(=O)C1=CC=CC=C1)C1=CC=CC=C1,-2.273
CC[NH+](C)CC,0.713
CCCCC(O)CCCC,-2.49
CCCC(C)Cl,-2.63
CCCCCCCC(C)O,-2.744
[O-]C(=O)C1=CC=NC(C([O-])=O)=C1C([O-])=O,-1.245
[O-][N+](=O)C1=CC=C(NC2=CC=CC=C2)C(=C1)[N+]([O-])=O,-3.834
CCOC1=CC=C([N-]S(=O)(=O)C2=CC=C(N)C=C2)N=N1,-2.427
CC(C)C1=CC2=CC=CC=C2C=C1,-5.298
CC12CCC3C(CCC4CC5SC5CC34C)C1CCC2O,-5.407
C#CCCCC#C,-1.747
CC(C)CCCCCCO,-2.487
OC1(C([O-])=O)C2=CC=CC=C2C2=CC=C(Cl)C=C12,-4.161
CC(=C)C1C2OC(=O)C1C1(O)C3OC3C3(CO3)C1(C)C2O,-1.19
CC(=O)NC1=CC=C(C=C1)N=NC1=CC(C)=CC=C1O,-5.358
CCCCCCCC#C,-4.094
CC(=C)C1(O)C2OC(=O)C1C1(O)C3OC3C3(CO3)C1(C)C2O,-1.42
CCCCCC(O)CCC,-2.591
CC(Cl)=CC([O-])=O,-0.605
CC(C)=CC1C(C(=O)OCN2C(=O)C3=C(CCCC3)C2=O)C1(C)C,-4.858
CC(C(C)C([O-])=O)C([O-])=O,-0.688
COC(=O)NC1=CC=CC(OC(=O)NC2=CC=CC(C)=C2)=C1,-4.779
CCCC(CC)(CC)CO,-2.419
C[NH+]1CCC23C4OC5=C2C(CC1C3C=CC4O)=CC=C5OCC1=CC=CC=C1,-2.973
OCC(O)C1OC2OC(OC2C1O)C(Cl)(Cl)Cl,-1.843
CCCCOCN(C(=O)CCl)C1=C(CC)C=CC=C1CC,-4.193
CCCCC1=C(C)N=C(NCC)NC1=O,-3.02
CCNC1=NC(NC(C)CC)=NC(OC)=N1,-2.575
CC(Cl)=CCl,-1.614
[O-]C(=O)C1=CC=CC(Cl)=C1C([O-])=O,-0.976
CNC(=O)N(C)C1=NN=C(S1)C(C)(C)C,-1.997
CC1=C(CC([O-])=O)C2=CC(F)=CC=C2C1=CC1=CC=C(C=C1)S(C)=O,-4.552
COC(=O)C1C2CC(C=C2)C1C(=O)OC,-1.202
CCOC(=O)C=C(C)C=CCC(C)CCCC(C)C,-5.693
CC(C)OC(=O)C(C)N(C(=O)C1=CC=CC=C1)C1=CC=C(F)C(Cl)=C1,-4.561
CCN(CC1=C(F)C=CC=C1Cl)C1=C(C=C(C=C1[N+]([O-])=O)C(F)(F)F)[N+]([O-])=O,-6.625
NC1=NC(N)=[NH+]C(NC2CC2)=N1,-1.179
CCOC(=O)C(C)OC1=CC=CC(OC2=NC3=CC=C(Cl)C=C3S2)=C1,-5.674
C1CCCC1,-2.64
CCC(C)(C)C,-3.55
C1CCCCC1,-3.1
CCC=CC,-2.54
CCCCC=CC,-3.82
CCCCC#C,-2.36
CC1=CC=C(C)C(C)=C1,-3.31
CCC1=CC=C(CC)C=C1,-3.75
CC(C)C1=CC=C(C)C=C1,-3.77
C(C1=CC=CC=C1)C1=CC=CC=C1,-4.17
C1C2=CC=CC=C2C2=CC=CC=C12,-4.91
CC1=CC=CC2=C(C)C=CC=C12,-4.74
CC1=CC2=CC=CC=C2C=C1C,-4.72
C1CC2=C3C1=CC=CC3=CC=C2,-4.63
CC1=C2C=CC=CC2=CC2=CC=CC=C12,-5.89
ClCCl,-0.63
CCCCCl,-2.03
CC(Cl)C(C)(C)Cl,-2.69
ClC=CCl,-1.3
ClC=C(Cl)Cl,-1.96
ClC(Cl)=CC(Cl)=C(Cl)Cl,-4.23
ClC1=CC=CC(=C1)C1=CC=CC=C1,-4.88
ClC1=CC=CC(Cl)=C1C1=CC=CC=C1,-5.21
ClC1=CC(Cl)=C(C=C1Cl)C1=CC=CC=C1,-6.27
ClC1=CC(Cl)=C(C=C1Cl)C1=CC(Cl)=C(Cl)C=C1Cl,-8.56
ClC1=CC(Cl)=C(C(Cl)=C1)C1=CC(Cl)=CC(Cl)=C1Cl,-8.71
CC(C)CO,0.04
CCCC(C)CO,-1.11
CCC(C)(C)CO,-1.04
CCC(CC)CO,-1.17
CCC(C)C(C)(C)O,-0.89
CCC(O)(CC)CC,-0.85
CCC=O,0.58
CCCCC=O,-0.85
CCCCCC=O,-1.3
CC=CC=O,0.32
CCC(C)=O,0.52
CCCC(C)=O,-0.19
CCCCC(C)=O,-0.8
CCCC(=O)C=C,-0.83
CCCCCCCC([O-])=O,-2.3
CC=CC=CC([O-])=O,-1.77
[O-]C(=O)CC1=CC=CC=C1,-0.89
CC12C3C(C([O-])=O)C45CC(=C)C(O)(C4)CCC5C3(OC1=O)C=CC2O,-1.84
CCCOC=O,-0.49
CCCOC(C)=O,-0.72
CCOC(=O)CC(=O)OCC,-0.82
COC(=O)C=C,-0.22
CCOC(=O)C=C,-0.74
COC(=O)C(C)=C,-0.8
CCOC(=O)C1=CC=CC=C1C(=O)OCC,-2.35
CCCCOC(=O)C1=CC=CC=C1C(=O)OCC1=CC=CC=C1,-5.64
CCOCCOCC,-0.77
O(C1=CC=CC=C1)C1=CC=CC=C1,-3.96
CC1=CC(OC2=CC(C)=CC=C2)=CC=C1,-4.85
C1CCOC1,0.56
O1C=CC=C1,-0.82
OCC1(O)OCC(O)C(O)C1O,0.64
CC(=O)SC1CC2=CC(=O)CCC2(C)C2CCC3(C)C(CCC33CCC(=O)O3)C12,-4.28
CC(=O)C1(O)CCC2C3CCC4=CC(=O)CCC4(C)C3CCC12C,-4.71
CC1CC2C3CCC4=CC(=O)C=CC4(C)C3(F)C(O)CC2(C)C1(O)C(=O)CO,-3.77
OC1=CC=C(C=C1)C([O-])=O,-1.41
[O-]C(=O)C1=CC=CC=C1Cl,-1.89
ClCCOCCCl,-1.12
CCCCCCC[NH3+],-1.85
[NH3+]CC1=CC=CC=C1,-1.53
NC1=CC=C(C=C1)C1=CC=C(N)C=C1,-2.7
NNC1=CC=CC=C1,0.07
C1=CC=NC=C1,0.76
C[NH+]1CCCC1C1=CC=CN=C1,0.79
COC(=O)C1C2CCC(CC1OC(=O)C1=CC=CC=C1)[NH+]2C,-2.23
CCC(=C(CC)C1=CC=C(O)C=C1)C1=CC=C(O)C=C1,-4.35
O=C1CC2OCC=C3C[NH+]4CCC56C4CC3C2C5N1C1=CC=CC=C61,-3.32
C=CCC1(C(=O)NC(=O)NC1=O)C1=CC=CC=C1,-2.18
C[NH2+]C(C)C(O)C1=CC=CC=C1,-0.42
[O-]N=CC1=CC=C(O1)N(=O)=O,-2.19
O=C1NC=CC(=O)N1,-1.48
C1CC[NH2+]C1,1.15
C[NH+]1CCCCC1,0.23
NC1=CC=C(O)C=C1,-0.8
CC(=O)NC1=CC=CC=C1,-1.33
COC1=CC=C2CC3C4C=CC(O)C5OC1=C2C45CC[NH+]3C,-1.52
CCCN(=O)=O,-0.8
O=N(=O)C1=CC=CC=C1,-1.8
NC(=[NH2+])NCC([O-])=O,-1.51
CC(CCC([O-])=O)C1CCC2C3CCC4CC(O)CCC4(C)C3CC(O)C12C,-3.95
NC1=NC=CS1,-0.36
ClCCC#N,-0.29
CC=CCC#N,-0.96
CC(=O)NC1=CC=C(N)C=C1,-0.98
CC(=O)NC1=CC=C(F)C=C1,-1.78
COC1=CC=C(NC(C)=O)C=C1,-1.3
CCCCOC1=NC2=CC=CC=C2C(=C1)C(=O)NCC[NH+](CC)CC,-3.7
C[NH+](C)CCC=C1C2=CC=CC=C2COC2=CC=CC=C12,-3.4
CN(C)C(=O)NC1CC2CC1C1CCCC21,-3.01
CC(=O)OC1(CCC2C3CCC4=CC(=O)CCC4C3CCC12C)C#C,-4.79
C[NH+](C)C1C2CC3C(=C(O)C2(O)C(=O)[C-](C(N)=O)C1=O)C(=O)C1=C(O)C=CC=C1C3(C)O,-3.12
CN(C)C(=O)C(C1=CC=CC=C1)C1=CC=CC=C1,-2.98
CCOC(=O)C=CC1=CC=CC=C1,-3.0
CCCCCCOC(=O)C1=CC=C(N)C=C1,-3.95
CCCCC[NH2+]CCOC(=O)C1=CC=C(N)C=C1,-3.27
CN1C2=CC=C(C=C2C(=NCC1=O)C1=CC=CC=C1)N(=O)=O,-3.8
CCCCOC1=CC=C(C=C1)C(=O)OCC[NH+](CC)CC,-3.84
C[NH+](C)CCN(CC1=CC=CC=C1)C1=CC=CC=N1,-2.64
CC(=O)OC1(CCC2C3C=C(C)C4=CC(=O)CCC4(C)C3CCC12C)C(C)=O,-5.35
COC1=CC(Cl)=C(Cl)C=C1O,-2.53
O=C1NC(=O)C(=O)[N-]1,-0.4
CC(=O)NC(N)=O,-0.9
O=C1NC(=O)C(=O)C(=O)[N-]1,-1.25
ClCCS(=O)(=O)CCl,-1.5
[O-]C(=O)C1=CC(=O)NC(=O)N1,-1.93
CCC1NC(=O)NC1=O,-0.06
ClC1=CC(Cl)=C(Cl)C2=NSN=C12,-4.98
ClC1=NC2=CN=CN=C2N=C1,-0.87
S=C1NC2=CN=CN=C2N=C1,-2.71
[O-]C(=O)C=CC1=CN=CN1,-1.96
C=CCSS(=O)CC=C,-0.83
CCCCCOC(N)=O,-1.47
CC(C)(C)COC(N)=O,-0.8
OCC(O)C(O)C(O)C(O)CO,1.09
CC1=NC2=CN=CN=C2N=C1,0.06
CSC1=NC=NC2=NC=CN=C12,-1.76
OC1=CC=CC=C1C=O,-0.86
NC(=O)C1=CC=CC=C1O,-1.76
NNC(=O)NC1=CC=CC=C1,-2.33
CC1CCCCC1=O,-0.94
CCCCCCOC(N)=O,-1.92
CC(=O)OC1CCCCC1,-1.67
CC(=O)C1=CC=CC(N)=C1,-1.28
OCC(O)C1OC2OC(OC2C1O)C(Cl)(Cl)Cl,-1.84
CCN(CC)C(=S)SCC(Cl)=C,-3.39
CCCCC(O)=CC(C)=O,-1.56
CCCC(=C(C)O)C(C)=O,-0.88
CC(=O)C=C(O)C(C)(C)C,-1.63
CCCCCCCOC(N)=O,-2.62
CN1C(=O)ON(C1=O)C1=CC=C(Cl)C(Cl)=C1,-2.82
CC(C)(C([O-])=O)C(C)(CC([O-])=O)C([O-])=O,-0.29
C[NH+]1C2CCC1C(C(O)C2)C([O-])=O,-0.02
CNC(=O)ON=C(CSC)C(C)(C)C,-1.62
CCCCCCCCOC(N)=O,-3.3
ClC1=C(Cl)C2(Cl)C3C=CCC3C1(Cl)C2(Cl)Cl,-5.64
OC1C=CC2C1C1(Cl)C(Cl)=C(Cl)C2(Cl)C1(Cl)Cl,-5.46
NC1=CC=C(C=C1)S(=O)(=O)[N-]C1=CN=CC=N1,-3.7
CNC(=O)ON=C1C(Cl)C2CC(C#N)C1C2,-2.08
COC1=CC=C(C=CC)C=C1,-3.13
CN1C2=C(N(CC(O)CO)C=N2)C(=O)N(C)C1=O,-0.17
CC(C)=CCCC(C)=CC=O,-2.06
CC1CCC(CC1=O)C(C)=C,-2.18
CC1(C)C(CCC1(C)C([O-])=O)C([O-])=O,-1.42
OC1CCN2C(O)C3=CC=CC=C3[NH+]=C12,-2.07
NC1=CC=C(C=C1)S(=O)(=O)[N-]C1=CC=CC=N1,-2.7
CC1=NOC([N-]S(=O)(=O)C2=CC=C(N)C=C2)=C1C,-2.91
O=C1C=CC=C2C3C[NH2+]CC(C3)CN12,0.36
CNC(=O)OC1=CC=CC(=C1)[NH+]=CN(C)C,-2.34
CCNC(=O)C(C)OC(=O)NC1=CC=CC=C1,-1.83
CC(=O)N(C1=C(C)C(C)=NO1)S(=O)(=O)C1=CC=C(N)C=C1,-3.59
CC(=O)OC1=C(C=C(C(C)=C1N(=O)=O)N(=O)=O)C(C)(C)C,-4.47
CCCCCCCCCCCC(=O)OC,-4.69
O=C1N=C(OC2=CC=CC=C12)C1=CC=CC=C1,-4.61
COC1=CC(O)=C2C(=O)C3=CC(O)=CC=C3OC2=C1,-2.93
CC1=CC=C2N=C(SC2=C1)C1=CC=C(N)C=C1,-3.68
OC(CC1=CC=CC=C1)C1=CC=CC=C1,-2.52
COC1=CC=C(CC2[NH2+]CC(O)C2OC(C)=O)C=C1,-1.61
CC1C2CCC3(C)C=CC(=O)C(C)=C3C2OC1=O,-3.09
CC(=O)C1=CC=C(C=C1)S(=O)(=O)[N-]C(=O)NC1CCCCC1,-2.06
C1CC[NH+]2CC3CC(C[NH+]4CCCCC34)C2C1,-1.89
C[NH+](C)CCCN1C2=CC=CC=C2SC2=CC=C(C=C12)C(F)(F)F,-5.3
O=C(C=CC=CC1=CC=C2OCOC2=C1)N1CCCCC1,-3.46
OC(C1CC2CC[NH+]1CC2C=C)C1=CC=NC2=CC=CC=C12,-3.07
C[NH+]1CCCC(CN2C3=CC=CC=C3SC3=CC=CC=C23)C1,-4.74
CC12CCC3C(CCC4CCCCC34C)C1CCC2=O,-6.7
CC12CCC3C(CCC4CC(O)CCC34C)C1CCC2=O,-4.4
COC(C)(C)CCCC(C)CC=CC(C)=CC(=O)OC(C)C,-5.19
CCC1C2CC3C4N(C)C5=CC=CC=C5C44CC(C2C4O)N3C1O,-2.82
COC1=CC=C2N(C(=O)C=CC3=CC=CC=C3)C(C)=C(CC([O-])=O)C2=C1,-5.54
CC1(C)C(C=C(Cl)Cl)C1C(=O)OCC1=CC=CC(OC2=CC=CC=C2)=C1,-6.29
CN(C)C1C2CC3C(O)C4=C(Cl)C=CC([O-])=C4C(=O)C3=C(O)C2(O)C(=O)C(C(N)=O)C1=O,-2.52
OC1CC[NH+](CCCN2C3=CC=CC=C3SC3=CC=C(C=C23)C#N)CC1,-3.98
CC12CCC(=O)C=C1CCC1C3CCC(C(=O)CO)C33CC(OC3O)C21,-3.85
CC(=O)C1CCC2C3CC=C4CC(O)CCC4(C)C3CCC12C,-4.65
CN(C)C1C2CC3C(=C(O)C2(O)C(=O)[C-](C(N)=O)C1=O)C(=O)C1=C(O)C=CC(Cl)=C1C3(C)O,-2.88
COC1=CC=C2C(OC(=O)C2=C1OC)C1[NH+](C)CCC2=CC3=C(OCO3)C(OC)=C12,-3.14
CC1C2C(O)C3C(N(C)C)C(=O)C(C(N)=O)C(=O)C3(O)C(O)=C2C(=O)C2=C(O)C=CC=C12,-2.87
CC(C)=CC1C(C(=O)OCC2=CC=CC(OC3=CC=CC=C3)=C2)C1(C)C,-5.24
CC(=O)OCCN1CC[NH+](CCCN2C3=CC=CC=C3SC3=CC=C(Cl)C=C23)CC1,-4.7
CC(CCC(=O)NCC([O-])=O)C1CCC2C3C(O)CC4CC(O)CCC4(C)C3CC(O)C12C,-5.15
CN(C)C1C2CC3C(C(=O)C4=CC=CC=C4C3(C)O)=C(O)C2(O)C(=O)CC1=O,-1.42
CC1OC(OC2CC3OC(O)(CC(O)C3C([O-])=O)CC(O)CC3OC3C=CC(=O)OC(C)CC=CC=CC=CC=C2)C(O)C([NH3+])C1O,-3.21
CCC1=CC=CC=C1,-2.77
C1=CC2=CC3=CC4=CC=CC=C4C=C3C=C2C=C1,-8.6
C1=CC2=C(C=C1)C1=C(C=C2)N=CC=N1,-2.68
ClC(Cl)(Cl)Cl,-2.31
ClC1=CC(Cl)=C(Cl)C(Cl)=C1Cl,-5.65
ClC1=CC=C(C=C1)C1=CC=CC=C1,-5.2
ClC1=CC=C(Cl)C(=C1)C1=CC=CC=C1Cl,-6.02
ClC1=CC=C(Cl)C(=C1)C1=C(Cl)C=CC=C1Cl,-6.8
CC(C)C(C)CO,-0.39
[O-]C(=O)C=CC1=CC=CC=C1,-2.48
CCOC(=O)CC,-0.66
COC1=CC=CC=C1,-1.85
CCCCOCCO,-0.42
CC12CCC3C(CCC4=CC(=O)CCC34C)C1CCC2C(=O)CO,-3.75
CC12CC(O)C3(F)C(CCC4=CC(=O)CCC34C)C1CCC2(O)C(=O)CO,-3.43
OC1=CC=CC=C1C([O-])=O,-1.82
[O-]C(=O)C1=CC=C(Cl)C=C1,-3.31
CCCCCC[NH3+],-1.1
CCCCCCCC[NH3+],-2.75
CC1CC(C)C(=O)C(C1)C(O)CC1CC(=O)NC(=O)C1,-1.13
[O-]C(=O)C1=CC=C(C=C1)N(=O)=O,-2.8
CC(=O)NC1=CC=C(Cl)C=C1,-2.84
CC(=O)NC1=CC=C(C=C1)N(=O)=O,-2.69
CC(C)N(C(C)C)C(=O)SCC(Cl)=CCl,-4.08
CCC1CCCC[NH2+]1,-1.5
COC1=C([O-])C(Cl)=C(Cl)C(Cl)=C1Cl,-4.02
NC(=O)CC([NH3+])C([O-])=O,-0.74
CSC1=NC2=CN=CN=C2N=C1,-1.55
CC(C)CC(O)=CC(C)=O,-1.6
CC1(C)C2CCC(C)(C2)C1=O,-1.85
CC(C)C1CCC(C)CC1=O,-2.49
COC(=O)C1C2CC(C=C2)C1C(=O)OC,-1.2
CCCCNC(=O)[N-]S(=O)(=O)C1=CC=CC=C1,-3.05
OC1=CC=C(O)C(=C1)C1(O)C=CC(=O)C=C1,-1.73
CCCCN(CC)C1=C(C=C(C=C1N(=O)=O)C(F)(F)F)N(=O)=O,-5.53
O=C(OC1=CC=CC=C1)C1=CC=CC=C1,-2.85
OC1=CC=C(C=C1)C(C=C)C(C=C)C1=CC=C(O)C=C1,-4.95
CCC1C[NH+]2CCC1CC2C(O)C1=CC=NC2=CC=CC=C12,-2.63
CC12CCC3C(CCC4=CC(=O)CCC34C)C1CCC2(O)C#C,-5.66
CCOC(=O)C(C1=C([O-])C2=CC=CC=C2OC1=O)C1=C([O-])C2=CC=CC=C2OC1=O,-3.66
[NH3+]CCC(O)C(=O)NC1CC([NH3+])C(OC2OC(C[NH3+])C(O)C(O)C2O)C(O)C1OC1OC(CO)C(O)C([NH3+])C1O,-0.5
CCOC(=O)C1=CC=C(N)C=C1,-2.32
CC(=O)OC1=CC=CC=C1C([O-])=O,-1.72
O=C1NC(=O)C(N1)(C1=CC=CC=C1)C1=CC=CC=C1,-3.99
CCCCCC(O)C=CC1C(O)CC(=O)C1CC=CCCCC([O-])=O,-2.47
NC(=O)C1=CN=C2N1CCC1=C(C=CC=C1)C21CC[NH2+]CC1,-2.43
CC1=C2C=CC=CC2=C(C[NH+]2CCOCC2)C2=CC=CC=C12,-4.4
[O-][N+]12CCC34C1CC1C5C3N(C3=CC=CC=C43)C(=O)CC5OCC=C1C2,-1.28
N1C2=CN=CN=C2N=C1C1=CC=CC=C1,-3.07
[O-][N+](=O)C1=CC=C(O1)C1=NC2=CC=C(Cl)C=C2N1,-4.82
CCOC1=NO[N+]([O-])=C1S(=O)(=O)C1=CC=CC=C1,-4.24
O=C1CC(CC(=O)C1)C1=CC=CC=C1,-2.51
CC1=CC=C(C=C1)S(=O)(=O)N(Cl)Cl,-3.51
[O-]C(=O)COC1=C(Cl)C=C(Cl)C=C1Cl,-3.23
CCC1OC(=O)C2=C1C=CC(=C2)C#N,-2.31
CC1=NC2=C(C=CC=C2)N=C(C)C1,-1.37
CC1=CC2=C(C=C1)S(=O)(=O)C=C2,-2.65
CCCCOC(=O)C1=CC=C(N)C=C1,-3.06
CC1=CC(=O)OC2=C3CCCN4CCCC(C=C12)=C34,-3.89
CC1=CS(=O)(=O)C2=C1C=CC=C2,-2.67
CC1(C)SCC(COC(N)=O)S1,-2.22
NC(=O)OCC1COC2(CCCCC2)O1,-1.89
NC(=O)OCC1CSC2(CCCCC2)S1,-3.52
CC1=CC2=CC3=C(OC(=O)C=C3C)C=C2O1,-5.23
CC1=CC2=CC=CC(O)=C2N=C1C,-3.32
N1C2=C(C=CC=C2)C2=C1C=NC=C2,-3.73
NC(=O)OCC1CSC2(CCCCC2)O1,-2.82
CC(C)C1OCC2(CO1)COC(OC2)C(C)C,-3.11
COC1=CC(OC)=CC(OC)=C1,-2.68
[O-]C(=O)CCN1C=CC=CC1=O,-0.6
CC1(C)N=C(NC1=O)C1=CC=CC=C1,-0.85
OCC1=CC2=C(OCO2)C=C1[N+]([O-])=O,-3.06
C([NH2+]C12OC3C4C5C(C14)C1CC5C3C21)C1=CC=CC=C1,-3.4
CC1(C)OC(=O)C2=C1C=CC(=C2)C#N,-2.91
OC1=C2N=CN=CC2=CC=C1CC=C,-3.62
N1C2=C(SC3=C1C=CC=C3)C=CC=C2,-5.59
CC1=NC=CC2=C1NC1=C2C=CC=C1,-3.79
CCC1(CC)CCC(=O)NC1=O,-4.53
CCOC(=O)C1=CNC(=S)N=C1,-1.74
O=S1(=O)C2=C(C=CC=C2)C2=C1C=CC=C2,-4.57
CCC1(C)NC(=O)C(C)(CC)NC1=O,-1.92
O=C1C=CC2=NC3=C(SC2=C1)C=CC=C3,-3.72
CC1=CC=C(C=C1)C1=NC2=CC=CC=C2S1,-4.35
O=C1OC2=C(C=C1)C=C1C=COC1=C2,-3.74
CC1=C(O)C(=O)C=C[NH+]1C1=CC=CC=C1,-2.03
CC1=CC=C(C=C1)[NH+]1C=CC(=O)C(O)=C1C,-3.22
CCCCCCCNC(=O)C1=CN=CC=C1,-3.2
NC(=O)[C-]1C(=O)NC(=C)NC1=O,-2.41
O=C1NC2=C([N-]1)C(=O)NC(=O)N2,-3.62
O=C1NC2=C(N1)C(=S)NC(=O)N2,-4.04
O=C1CNC(=O)C2=C(N1)C=CC=C2,-2.85
CC(=O)NC1=CC2=C(COC2=O)C=C1,-2.6
CN1C2=C(C=CC=C2)C(=O)C2=C1C=CC=C2,-4.46
NC1=NC(=O)NN1C1=CC=CC=C1,-1.7
CC=CCC1(CC=CC)C(=O)NC(=O)NC1=O,-2.2
NC1=NN(C(=O)N1)C1=CC=CC=C1,-2.47
CCC1(CC)C(=O)NC(=S)NC1=O,-2.32
CN1N=C(OC2=CC=CC=N2)C=C1C,-0.98
NC1=NN=C(O1)C1=CC=C(O)C=C1,-0.77
COC(=O)C1=CC2=CC3=C(OC(=O)C=C3C)C(C)=C2O1,-5.16
CC12CC(C)(NC(=O)N1)NC(=O)N2,-2.09
CCC1(CC)NC(=O)C(CC)(CC)NC1=O,-2.31
CC1=C(CC([O-])=O)C(=O)NC(=O)N1,-2.31
CCN(CC)S(=O)N(CC)CC,-1.28
CC(C)C([NH2+]CCC#N)C([O-])=O,-1.12
CCC(C)C([NH2+]CCC#N)C([O-])=O,-0.98
CC(N(CCC#N)CCC#N)C([O-])=O,-0.17
[O-][N+](=O)OCCCCO[N+]([O-])=O,-1.68
CC(CCO[N+]([O-])=O)O[N+]([O-])=O,-1.66
[NH3+]CC(=O)NCC(=O)NCC([O-])=O,-0.53
CC(CC(C)O[N+]([O-])=O)O[N+]([O-])=O,-2.22
[O-][N+](=O)OCCCCCO[N+]([O-])=O,-2.19
CC(C)CC(N(CCC#N)CCC#N)C([O-])=O,-1.14
CC(CCC(C)O[N+]([O-])=O)O[N+]([O-])=O,-2.68
CC(O)C(O)C(O)C(O)C=NNC(N)=O,-0.7
[NH3+]C(CSCCSCC([NH3+])C([O-])=O)C([O-])=O,-2.85
[NH3+]C(CSCCCSCC([NH3+])C([O-])=O)C([O-])=O,-2.49
[NH3+]C(CSCCCCSCC([NH3+])C([O-])=O)C([O-])=O,-3.62
[NH3+]C(CSCCCCCSCC([NH3+])C([O-])=O)C([O-])=O,-2.91
[NH3+]C(CSCCCCCCSCC([NH3+])C([O-])=O)C([O-])=O,-2.77
NC1=NC(=O)NC2=C1NC(=O)N2,-3.46
CC(C)CC(NC(=O)C(C)NC(=O)C[NH3+])C(=O)NC(C(C)C)C([O-])=O,-2.13
CCCCCCOC(=O)C(C)O,-1.14
CCC(C)C(NC(C)=O)C([O-])=O,-0.69
CC(O[N+]([O-])=O)C(C)O[N+]([O-])=O,-1.89
CCCCC(NC(N)=O)C([O-])=O,-2.16
CSCCC(NC(C)=O)C([O-])=O,0.03
ClCCS(=O)CCS(=O)CCCl,-2.04
CC(SSC(C)C([O-])=O)C([O-])=O,-0.62
CC(C)CC(NC(=O)C[NH3+])C([O-])=O,-0.43
CCC(SC(CC)C([O-])=O)C([O-])=O,-0.71
CC(SCSC(C)C([O-])=O)C([O-])=O,-1.82
CSC(CCC(SC)C([O-])=O)C([O-])=O,-2.89
CC(C)C([NH3+])C(=O)NC(C(C)C)C([O-])=O,-0.4
[NH3+]C(CSCC([NH3+])C([O-])=O)C([O-])=O,-2.56
CC(C)CC([NH3+])C(=O)NC(C(C)C)C([O-])=O,-0.17
CC(=O)NC(CCC([O-])=O)C([O-])=O,-0.71
NC(=O)NN=CC(O)C(O)C(O)CO,0.02
CCSC(=S)OC(CC([O-])=O)C([O-])=O,-1.29
CCOC(=S)SC(CC(N)=O)C([O-])=O,-1.7
CCOC(=S)SC(CC([O-])=O)C([O-])=O,-1.19
CCSC(CCC(SCC)C([O-])=O)C([O-])=O,-1.36
CC(C)CC([NH3+])C(=O)NC(CC(C)C)C([O-])=O,-0.69
[NH3+]C(CCSSCCC([NH3+])C([O-])=O)C([O-])=O,-3.12
[O-]C(=O)C(CCC(SCC=C)C([O-])=O)SCC=C,-2.2
CC(C)CC([NH3+])C(=O)NCC(=O)NCC([O-])=O,0.31
CC(C)CC(NC(=O)CNC(=O)C[NH3+])C([O-])=O,-0.11
COC(OC(C)=O)C(OC(C)=O)C(OC(C)=O)C(COC(C)=O)OC(C)=O,-1.82
NNC(=O)C1=CC=C(S1)[N+]([O-])=O,-1.97
NS(=O)(=O)C1=NC2=CC=CC=C2S1,-2.63
[O-]C(=S)CCCCCCC([O-])=S,-2.24
CCCC(=O)NNC(=O)CCC,-1.0
CCN(CC)S(=O)(=O)N(CC)CC,-1.14
CCCCCCCCCCOC(=O)C(C)O,-3.06
NC(=O)NCCCCCC([O-])=O,-2.16
[O-]C(=S)CCCCCCCC([O-])=S,-2.39
[O-]C(=S)CCCCCCCCC([O-])=S,-3.07
COC(=O)C(C#N)C(=O)CC(C)C,-2.73
CCCCC(=O)NNC(=O)CCCC,-2.16
CCOC(=O)CNC(C)=CC(C)=O,-0.59
CC1(C)NC(=O)N(CC2=CC=CC=C2)C1=O,-1.8
CCC(CO[N+]([O-])=O)O[N+]([O-])=O,-1.89
CCCCCCCCOC(=O)C(C)OC(C)=O,-3.39
COC1=CC2=C(C=C1)C1=C(N2)C(C)=NC=C1,-4.48
CCCC(C)(COC(N)=O)COC(N)=O,-1.74
CC(C=NNC(N)=O)=NNC(N)=O,-1.95
CCCCS(=O)(=O)[N-]S(=O)(=O)CCCC,-0.76
CC(O)C(=O)NCCCCCCNC(=O)C(C)O,-0.7
CCCCCCS(=O)(=O)[N-]S(=O)(=O)CCCCCC,-2.2
CC(=O)OC(OC(C)=O)C(OC(C)=O)OC(C)=O,-2.1
OCCOC(=O)NCCCCCCNC(=O)OCCO,-0.92
CCCCCCOC(=O)CCCCCCCCC(=O)OCCCCCC,-4.57
CCCS(=O)(=O)C(S(=O)(=O)CCC)S(=O)(=O)CCC,-1.95
OCCCCOC(=O)NCCCCCCNC(=O)OCCCCO,-1.93
CCCCS(=O)(=O)C(S(=O)(=O)CCCC)S(=O)(=O)CCCC,-2.97
NC1=NC(=O)C2=C(N1)[N-]C(=O)C=N2,-4.55
CC1=NC2=C(NC=NC2=O)[N-]C1=O,-2.15
OC1=CC=C(C=C1)N=NC1=C(Cl)C=CC(=C1)C([O-])=O,-4.08
CC(=NNC(=O)C1=NC=CS1)C([O-])=O,-1.93
O=C1NC(=O)C2=C(N1)[NH+]=CC(=O)[N-]2,-3.13
OC1=CC=C(C=C1)N=NC1=CC(=CC=C1)C([O-])=O,-3.85
OC1=CC=C(C=C1)N=NC1=C(C=CC=C1)C([O-])=O,-3.33
CCCCCCCCN(C)N=NC1=CC=C(C=C1)C([O-])=O,-3.77
OC1=CC=C(C=C1)N=NC1=C(C=C(Cl)C=C1)C([O-])=O,-3.86
CC(=NNC(=O)C1=CC=NC=C1)C([O-])=O,-3.31
CN1C(=O)[N-]C2=C1NC(=O)NC2=O,-3.94
COC1=C(OC)C2=C(COC2=O)C(N)=C1,-2.08
FC(F)(F)C(=O)C1=CC=CC=C1,-1.16
[O-][N+](=O)C1=CC=CC2=CC=CC=C12,-3.71
CC(C)C1=CC(C(=O)CCl)=C(C)C=C1O,-2.58
OC1=C(Cl)C(Cl)=C(Cl)C(Cl)=C1[O-],-3.55
COC1=CC=C(C2=CC=CC=C12)[N+]([O-])=O,-4.36
[O-][N+](=O)OCCCCCCCO[N+]([O-])=O,-3.4
[O-][N+](=O)C1=CC2=C(C=C1)C1=CC=CC=C1C2,-4.72
[O-][N+](=O)OCCCCCCCCO[N+]([O-])=O,-4.14
CCOC(=O)N1CC(C)N(CC1C)C(N)=O,-0.55
OC1=C2OC=CC2=CC2=C1OC(=O)C=C2,-3.22
OC1=C(O)C=C(C=C2SC(=S)[N-]C2=O)C=C1,-3.34
COC(=O)C1=CC=C(C=C1)C([O-])=O,-2.97
[O-][N+](=O)OCCCCCCO[N+]([O-])=O,-2.77
COC(=O)C1=CC=C(C=C1)[N+]([O-])=O,-3.04
CC12CCC3C(CCC4=C3C=CC(O)=C4)C1CCC2=O,-5.11
NNC(=O)C1=CC2=C(OCO2)C=C1,-0.6
CCN(CC)C1=CC2=C(C=C1)C(C)=CC(=O)O2,-4.0
NC1=C2C=CC=NC2=C(C=C1)S([O-])(=O)=O,-2.71
NC1=C(C=CC2=NC=CC=C12)S([O-])(=O)=O,-2.5
COC1=CC=C(Cl)C(OC)=C1O,-1.56
CC1=C(C2=CC=CC=C2C=C1)[N+]([O-])=O,-4.27
CCC1(CCO)C(=O)NC(=S)NC1=O,-1.47
COC1=C2C=COC2=CC2=C1C=CC(=O)O2,-3.6
NC1=CC=C(C=C1)S(=O)(=O)NC1=CC=CN1,-1.69
COC1=C2OC=CC2=CC2=C1OC(=O)C=C2,-3.52
CC1=CC(=O)N(O)C2=C1C1=CC=CC=C1C=C2,-4.0
[O-]C(=O)CSC(=S)OCC1=CC=CC=C1,-2.68
CCCCCCCCC(CO[N+]([O-])=O)O[N+]([O-])=O,-5.72
CCCC1(CCC)C(=O)NC(=O)NC1=O,-2.53
CC1=NC(=O)C2=C(N1)C=CC(=C2)[N+]([O-])=O,-2.22
CCCCCOC(=O)C1=C(C=CC=C1)C(=O)OCCCCC,-3.49
NC(=O)CNC(=O)CNC(=O)OCC1=CC=CC=C1,-2.35
CCC(O)=C(CCCCCCOC1=C(Cl)C=C(OC)C=C1)C(=O)CC,-5.27
CCCCC1(CC)C(=O)NC(=O)NC1=O,-1.67
CC(=O)C1=C(C([O-])=O)C(=CN=C1C)C([O-])=O,-1.35
CC(CCC([O-])=O)=NNC(=O)C1=NC=CS1,-1.73
CC(C)C1=C(C)N(C)N(C1=O)C1=CC=CC=C1,-1.91
[O-][N+](=O)C1=CC2=CC=CC=C2C=C1,-3.82
CC(=NO)C(=NO)C1=CC=CC=C1,-2.3
COC1=C(OCC(O)CO)C=CC=C1,-0.73
OCCOC1=CC(OCCO)=CC=C1,-1.02
CC(=O)C=C(C)NCCNC(C)=CC(C)=O,-2.83
ONC(=O)C1=CC=C(C=C1)[N+]([O-])=O,-1.94
CN(O)C(=O)C1=CC=C(C=C1)[N+]([O-])=O,-2.87
COC1=CC=C(C=CC(=O)C2=C(O)C=CC=C2)C=C1,-5.7
CONC(=O)C1=CC=C(C=C1)[N+]([O-])=O,-2.28
CN1N=C(OC2=NC(C)=CC(C)=N2)C=C1C,-1.52
NC(=O)CNC(=O)OCC1=CC=CC=C1,-1.88
COC1=CC=C2NC=C(CCNC(C)=O)C2=C1,-5.09
CC12CCC3(O)C(CCC4=CC(=O)CCC34C)C1CCC2=O,-2.68
CC(CCC([O-])=O)=NNC(=O)C1=CC=NC=C1,-1.59
CCC=C(C)C1(CC)C(=O)NC(=O)NC1=O,-2.31
CC(C)CC1(CCO)C(=O)NC(=S)NC1=O,-2.62
O=S(=O)(C1CCCCC1)C1CCCCC1,-2.06
CCCC1(CCO)C(=O)NC(=S)NC1=O,-1.61
COC1=CC2=CC=C(CCC(C)=O)C=C2C=C1,-1.46
CC(C)(NC(=O)C1=CC=CC=C1)C([O-])=O,-0.76
COC1=C(OC)C2=C(COC2=O)C(=C1)C#N,-3.48
OC1=CC=C(C=C1)C(=O)C1=C(C=CC=C1)C([O-])=O,-2.73
NC(=O)[N-]S(=O)(=O)C1=CC=C(N)C=C1,-1.97
CCOC(=O)C(C)(C)NC(=O)C1=CC=CC=C1,-1.19
CCOC(=O)OC1=CC=C(NC(C)=O)C=C1,-2.67
CC1([NH2+]CCC2=C1C=C(O)C(O)=C2)C([O-])=O,-0.75
CCC(C)(N1C(=O)C2=C(C=CC=C2)C1=O)C([O-])=O,-1.91
COC1=CC=C(C=C1)C(O)C(O)C1=CC=CC=C1,-1.39
CC(=O)NC(COC(=O)C1=CC=CC=C1)C([O-])=O,-3.22
[NH3+]C(CC1=CC=C(O)C=C1)C(=O)NCC([O-])=O,-1.1
COC1=CC=C(CC2NC(=O)N(C)C2=O)C=C1,-0.89
[O-]C(=O)C(OC1=C(Cl)C=CC=C1)OC1=C(Cl)C=CC=C1,-2.83
COC1=C(C=CC(OC2=C(Cl)C=C(Cl)C=C2)=C1)[N+]([O-])=O,-5.91
CCNC(=S)N1CCN(CC1)C(=O)OCC,-1.79
FC1=CC=CC(F)=C1C(=O)NC(=O)NC1=CC=C(Cl)C=C1,-6.54
CNC(=S)NC1=C(O)NC(=O)NC1=O,-0.46
CC(C)CC(NC(=O)OCC1C2=C(C=CC=C2)C2=C1C=CC=C2)C([O-])=O,-3.74
CC(=O)[N-]S(=O)(=O)C1=CC=C(NC(=O)C2=C(C=CC=C2)C([O-])=O)C=C1,-2.52
CCC1(CC)OC(=O)C2=C1C=CC(=C2)[N+]([O-])=O,-3.66
CCCCC(CCCC)(CCCC)C(=O)NO,-4.16
COC(=O)C1=CC=C(C=C1)N(C)C,-3.05
COC1=CC=CC(C([O-])=O)=C1OC,-2.14
NS(=O)(=O)C1=CC=C(NO)C=C1,-0.84
[O-]S(=O)(=O)C1=CC2=C(OC3=C2C=CC=C3)C=C1,-0.47
ON(C(=O)C1=CC=CC=C1)C1=CC=CC=C1,-2.73
CC(=O)NC(CC1=CC=CC=C1)C([O-])=O,-1.41
CC(C)C1=CC=C(NC(=O)N(C)C)C=C1,-3.5
CCOC(=O)C(CC1=CC=CC=C1)NC(C)=O,-1.86
CC[NH+](CC)CC(=O)NC1=C(C)C=CC=C1C,-1.78
CC(C([O-])=O)C1=CC=CC(=C1)C(=O)C1=CC=CC=C1,-3.47
CC1=CC2=CC3=C(OC(=O)C=C3C)C(C)=C2O1,-5.28
CCOC(=O)C(CC1=CC=C(O)C=C1)NC(=O)C1=CC=CC=C1,-3.33
CC1=CC=C(C=C1)S(=O)(=O)NC(CCC([O-])=O)C([O-])=O,-0.93
CCCC(C)C1(CC=C)C(=O)NC(=O)NC1=O,-2.36
CCCCC(CC)CC(CC)(CC)C(=O)NO,-3.35
CCCCCCCCC(CC)(CC)C(=O)NO,-5.22
CC(C)CC(CC(C)C)(CC(C)C)C(=O)NO,-4.0
CCCCCCC(CCC)(CCC)C(=O)NO,-2.82
CCCCCCCCCCC(C)(C)C(=O)NO,-4.8
COC1=C(O)C=CC(=C1)C(=O)CO,-1.78
CCCCC1(CCO)C(=O)NC(=S)NC1=O,-2.17
OC1(CC([O-])=O)CC(=O)N(C1=O)C1=CC=CC=C1,-0.68
CCC(CC)(CC1=CC=C(C)C=C1)C(=O)NO,-3.35
OCC(NC(=O)C1=CC=CC=C1)C([O-])=O,-0.91
[O-]S(=O)(=O)NC1=CNC(=O)NC1=O,-1.77
CCCC(CCC)(C(=O)NO)C1=CC=CC=C1,-2.89
CC1=CC(C)=C(CC(C)(C)C(=O)NO)C(C)=C1,-3.52
CN(CC([O-])=O)C(=S)SCC1=CC=CC=C1,-3.23
CCC1(CC)C(=O)N(C)N(C1=O)C1=CC=CC=C1,-2.69
CCCOC(=O)C1=C(C=CC=C1)C(=O)OCCC,-3.82
CCCCCCCOC(=O)C1=C(C=CC=C1)C(=O)OCCCCCCC,-8.56
CCCCCCCC[NH2+]CC(O)CO,-2.22
CCCCCCCCC[NH2+]CC(O)CO,-2.64
CCCCCCCCCC[NH2+]CC(O)CO,-3.11
C[NH2+]CC(O)C1=CC(O)=C(O)C=C1,-0.96
CC(C)CCC1(CCO)C(=O)NC(=S)NC1=O,-2.56
CCCCCC1(CCO)C(=O)NC(=S)NC1=O,-2.38
[O-]C(=O)CN1C(CC2=CC=CC=C2)C(=O)NC1=O,-1.79
CS(=O)(=O)[N-]C1=C(OC2=CC=CC=C2)C=C(C=C1)[N+]([O-])=O,-4.49
NC(=O)NC1(O)NC(=O)NC1(O)C([O-])=O,-0.37
CCCC(C)CC1(CCO)C(=O)NC(=S)NC1=O,-3.09
CCC(CC)CC1(CCO)C(=O)NC(=S)NC1=O,-3.14
CN1N(C(=O)C(NC(N)=O)=C1C)C1=CC=CC=C1,-1.52
CC12CCC3C(CCC4=C3C=CC(O)=C4)C1CC(O)C2O,-4.0
COC1=CC(Cl)=C(Cl)C(Cl)=C1O,-3.66
CN1C(=O)NC(=O)C(C)(C1=O)C1=CCCCC1,-2.91
CC(=O)C(OC1=C(Cl)C=CC=C1)C([O-])=O,-2.1
ON=C1C(=O)C=CC2=C1C=CC=C2,-2.94
CC(=O)NC1=CC=C2N=C(SC2=C1)S(N)(=O)=O,-3.16
[O-]C(=O)CSC(CC([O-])=O)C1=CC=CC=C1,-1.55
COC1=CC(C(=O)C=CC2=CC=CC=C2)=C(O)C=C1,-6.0
CCC1=NN=C([N-]S(=O)(=O)C2=CC=C(N)C=C2)S1,-3.12
[O-]C(=O)C1=C(C=CC=C1)C(=O)OCCOC(=O)C1=C(C=CC=C1)C([O-])=O,-2.83
COC1=CC(=C2COC(=O)C2=C1OC)[N+]([O-])=O,-3.21
CC(=O)C=C(C)NC1=CC=C(O)C=C1,-3.59
CCC1(CC)C(=O)N(N=C1OC(C)=O)C1=CC=CC=C1,-3.54
COC(=O)C1=CC(O)=C(OC)C(O)=C1,-1.6
NC1=C(C2=CC=CC(O)=C2C=C1)S([O-])(=O)=O,-2.06
NC1=CC2=C(C=CC=C2C=C1)S([O-])(=O)=O,-2.54
CC(=O)NC(CC1=CC=C(O)C=C1)C([O-])=O,0.01
[NH3+]CC(=O)NC(CC1=CC=C(O)C=C1)C([O-])=O,-0.73
CC(=O)C=C(C)NC1=C(O)C=CC=C1,-3.55
NC1=C(C=NC2=C(O)C=CC=C2)C=CC=C1,-3.64
COS(=O)(=O)C1=CC=C(C=C1)C([O-])=O,-3.05
NC1=C(C=CC=C1)C(=O)OCC=CC1=CC=CC=C1,-6.04
[NH3+]C(C(=O)NCC([O-])=O)C1=CC=CC=C1,-1.41
CC(=O)C=C(C)NC1=CC=C(NC(C)=CC(C)=O)C=C1,-1.89
[O-]C(=O)CN(C(=S)SCC1=CC=CC=C1)C1=CC=CC=C1,-3.92
COC(=O)C(CC1=CC=CC=C1)NC(=O)C(CC([O-])=O)NC(=O)C(F)(F)F,-2.66
OC1=CC(=N)C2=C(C=CC=C2)C1=O,-3.84
CC(=O)NC1=CC2=C(C=C1)C1=C(C2)C=CC=C1,-4.24
CC(=O)NC1=C(C=CC(Cl)=C1)[N+]([O-])=O,-0.99
[O-]C(=O)C(CC1=CC=CC=C1)[NH2+]CCC#N,-1.49
CCCN(CCC)S(=O)(=O)C1=CC=C(C=C1)C([O-])=O,-4.02
CCNC(=O)NC1=C(C)N(C)N(C1=O)C1=CC=CC=C1,-1.83
CC1=CC=C(C=C1)C(=O)N(O)C1=CC=C(Cl)C=C1,-4.42
NS(=O)(=O)C1=C(C=CC=C1)C1=NC(=O)C2=C(N1)C=CC=C2,-3.08
CC(C)=NNC(=O)NC1C2=C(OC3=C1C=CC=C3)C=CC=C2,-4.17
[NH3+]C1C(O)C(O)C(O)C(O)C1O,-1.41
[O-]C(=O)C=CC(=O)NC1=CC=CC=C1,-2.72
CC(=O)NC1=CC=C(C=C1)S(=O)(=O)[N-]C1=NC(C)=CS1,-4.15
NC1=CC=C(C=C1)S(=O)(=O)NC1=NC2=C(CCCC2)C=N1,-3.65
CN1C(=O)C(CC2=CC=C(O)C=C2)N(CC([O-])=O)C1=O,-0.05
CC(C)CC([NH3+])C(=O)NC(CC1=CC=C(O)C=C1)C([O-])=O,-1.58
C[NH+](C)CCNC(=O)NC1CCCCC1,-0.66
CC[NH+](CC)CC(C)OC(=O)C1=CC=C(N)C=C1,-2.35
CC[NH+](CC)C(C)COC(=O)C1=CC=C(N)C=C1,-2.38
CC(C)CC(NC(=O)C([NH3+])CC1=CC=C(O)C=C1)C([O-])=O,-2.07
CCCCNC(=O)NC1=C(C)N(C)N(C1=O)C1=CC=CC=C1,-1.63
[O-][N+]1=C(C(=O)C2=CC=CO2)C(=NO1)C(=O)C1=CC=CO1,-3.85
CC1C2C(O)CCC(O)C2CCC1=O,-0.3
CC(C)(C)CC(C)(C)C1CCC(=NO)C(C1)=NO,-6.41
C[NH2+]C(CC1=CC(O)=C(O)C=C1)C([O-])=O,-1.02
CC(=O)NC(CSC1=CC(Cl)=C(Cl)C=C1)C([O-])=O,-2.89
[O-]C(=O)CCNC(=O)NC1=CC=C(C=C1)[N+]([O-])=O,-2.7
CC(=O)NC(CSC1=C(Cl)C=CC=C1Cl)C([O-])=O,-2.31
OC1=CC=C(CC(N(CCC#N)CCC#N)C([O-])=O)C=C1,-1.68
CC12CCC3C(CCC4=CC(=O)CCC34C)C1CCC2OC(=O)CCC([O-])=O,-5.08
[O-]C(=O)CN1C(CC2=CC=CC=C2)C(=O)N(C1=O)C1=CC=CC=C1,-2.91
CC1(C)C2CCC(C2)C(=O)C1=O,-1.52
CCOC(=O)C(O)C1=CC=CC=C1,-1.26
CC1(C2CCC1(C)C(=O)C2)C([O-])=O,-1.78
CC1(C)C2CCC1(C)C(=NO)C2=NO,-2.52
CC(C([O-])=O)S(=O)(=O)C1=CC=CC=C1,-0.89
CC(O)C(NC(=O)C1=CC=CC=C1)C([O-])=O,-1.23
[O-]C(=O)CSC(C([O-])=O)C1=CC=CC=C1,-1.23
CC(CC(=O)NC1=CC=CC=C1)C([O-])=O,0.39
CC(C(=O)N(C)C)S(=O)(=O)C1=CC=CC=C1,-0.87
COC(C)C(NC(=O)C1=CC=CC=C1)C([O-])=O,-1.74
[O-]C(=O)C[NH2+]C(CC1=CC=CC=C1)C([O-])=O,-2.16
CC(OC1=C(Cl)C=C(Cl)C(Cl)=C1)C([O-])=O,-3.55
CC(NC(=O)C1=CC(=CC=C1)[N+]([O-])=O)C([O-])=O,-1.8
OC1=CC=C(CC([NH2+]CC([O-])=O)C([O-])=O)C=C1,-2.59
CC(=O)C=C(C)NC1CCCCC1NC(C)=CC(C)=O,-2.11
OCC(O)C(O)C(O)C=NN(C1=CC=CC=C1)C1=CC=CC=C1,-3.1
CC(O)C1(O)CCC2C3CCC4=CC(=O)CCC4(C)C3CCC12C,-4.16
CC1=CC=C(C=C1)C1(O)CC[NH+](CCCC(=O)C2=CC=C(F)C=C2)CC1,-4.35
CC(CCC([O-])=O)C1CCC2C3CC(O)C4CC(O)CCC4(C)C3CCC12C,-4.82
[O-]C(=O)C(SCCSC(C([O-])=O)C1=CC=CC=C1)C1=CC=CC=C1,-3.41
[NH3+]C(CC1=CC=C(O)C=C1)C(=O)NCC(=O)NCC([O-])=O,-1.47
CN1N(C(=O)C(NC(=O)NC2=CC=CC=C2)=C1C)C1=CC=CC=C1,-2.3
CC(C)CC(=O)C1=CC(C)=C(O)C=C1,-1.98
CC1CCC(C)C(=NO)C1=NO,-1.32
CCC1CCC(=NO)C(C1)=NO,-1.83
COC1=CC(O)=C(CC=C(C)C)C2=C1C(=O)CC(O2)C1=CC=C(O)C=C1,-5.44
NC(=O)CC1=CC=C(C=C1)C1=CC=CC=C1,-3.33
CCCOC(=O)C1=CC(Cl)=C(O)C=C1,-3.38
OC1=CC=C(C=C1)C1(OS(=O)(=O)C2=C1C=CC=C2)C1=CC=C(O)C=C1,-3.07
NC1=C(OCC=C)C=CC(=C1)[N+]([O-])=O,-2.8
COC1=CC=C(C=C1)N(C)C(N)=O,-1.16
NC(=O)NN=CCOC1CCCCC1,-1.74
CCOC1=CC=C(C=C1)N(C)C(N)=O,-1.66
CCCCOC1=C(N)C=C(C=C1)[N+]([O-])=O,-3.82
COC1=C(C=C(C)C=C1)S(N)(=O)=O,-1.53
CCCCOC(=O)C1=CC(Cl)=C(O)C=C1,-3.51
CC1=C(OCC([O-])=S)C=CC(Cl)=C1,-3.16
CCCCCOC(=O)C1=CC(Cl)=C(O)C=C1,-3.95
CC(C)OC1=C(N)C=C(C=C1)[N+]([O-])=O,-2.66
OC1=CC(C2=CC=CC=C2)=C(C=C1)[N+]([O-])=O,-3.63
CC(C(N)=O)S(=O)(=O)C1=CC=CC=C1,-1.64
[O-]C1=CC=CC(C2=CC=CC=C2)=C1[N+]([O-])=O,-3.95
CCOC1=CC=C(C=C1)N(CC)C(N)=O,-1.85
[O-]C(=S)COC1=C(Cl)C=C(Cl)C=C1,-2.69
CCCCCCOC(=O)C1=CC(Cl)=C(O)C=C1,-4.09
COC1=CC=CC(OCC(O)CO)=C1OC,-3.0
COC1=C(O)C(OC)=C(Cl)C(Cl)=C1Cl,-3.41
CN(C)C1=C(C=C(C=C1)C([O-])=O)C([O-])=O,-2.02
CCCCCCCOC(=O)C1=CC(Cl)=C(O)C=C1,-4.23
COC1=CC(C([O-])=O)=C(C=C1O)C([O-])=O,-1.21
OC1=CC=CC(=C1)S(=O)(=O)C1=C([O-])C=CC=C1,-2.29
OC1=CC=CC(=C1)S(=O)(=O)C1=CC(O)=CC=C1,-2.33
CS(=O)(=O)[N-]S(=O)(=O)C1CCCCC1,-0.33
CCCCCCCCOC(=O)C1=CC(Cl)=C(O)C=C1,-4.38
CC[NH+](CC)C(C)C(C)OC(=O)C1=CC=C(N)C=C1,-3.42
[O-]C(=S)COC1=C(Cl)C=C(Cl)C(Cl)=C1,-2.96
CC(=O)OC1C(OC2OC(C)(C)OC12)C1COC(C)(C)O1,-1.52
OC(COC1=CC=CC=C1)C(=O)NC1=CC=CC=C1,-2.41
CCOC1=C(C=CC=C1)C(=O)N(O)C1=CC=CC=C1,-3.37
NC1=CC=C(C=C1)S(=O)(=O)C1=CC=C(NCC[NH3+])C=C1,-2.35
NC1=CC=C(C=C1)S(=O)(=O)NC(CO)(CO)CO,-1.4
CNC(=[NH2+])NS(=O)(=O)C1=CC2=CC=CC=C2C=C1,-3.1
CC(C)(NC(=O)C1=CC=CC=C1)C(=O)NCC([O-])=O,-0.56
OC1=CC=C(C=C1)N=NC1=C(C([O-])=O)C(Cl)=CC=C1,-3.0
CCOC(=O)CC1=C(C)N=C([N-]S(=O)(=O)C2=CC=C(N)C=C2)S1,-2.88
CC1=C(NS(=O)(=O)C2=CC=C(N)C=C2)C2=CC=CC=C2C=C1,-4.5
CC1=CC=C(NC(=O)C(O)(O)C(=O)NC2=CC=C(C)C=C2)C=C1,-3.1
[O-]C(=O)C([NH2+]CCCCC[NH2+]C(C([O-])=O)C1=CC=CC=C1)C1=CC=CC=C1,-2.02
NC1=NC(=O)C2=C(N1)N(C=N2)C1CC(CO)C=C1,-2.3
NS(=O)(=O)C1=CC(=CO1)S(=O)(=O)C1=CC=C(O)C=C1,-2.4
NS(=O)(=O)C1=CC(=CS1)S(=O)(=O)C1=CC=C(O)C=C1,-3.03
COC1=CC=C(C=C1)S(=O)(=O)C1=COC(=C1)S(N)(=O)=O,-3.02
COC1=CC=C(C=C1)S(=O)(=O)C1=CSC(=C1)S(N)(=O)=O,-4.22
NS(=O)(=O)C1=CC(=CS1)S(=O)(=O)C1=CC(O)=CC=C1,-2.72
[NH3+]C(CCCCNC(=O)OCC1C2=C(C=CC=C2)C2=C1C=CC=C2)C([O-])=O,-3.0
C[NH+]1CCC(CC1)=C1C2=C(C=CC=C2)C=CC2=C1C=CC=C2,-3.09
CC(C)C[NH2+]CC1=CC=C(C=C1)S(=O)(=O)C1=CSC(=C1)S(N)(=O)=O,-1.16
CC1=CC=C(C=C1)S(=O)(=O)[N-]Cl,-0.36
COC1=C(O)C(OC)=C(Cl)C=C1Cl,-2.96
CC1=CC2OC3CC(O)C(C)(C33CO3)C2(CO)CC1,-2.61
CC(C)(C)N1C=C(C([O-])=O)C(=O)C2=C1C=C(N1CC[NH2+]CC1)C(F)=C2,-3.43
C[NH+]1CC2C(C1)C1=C(OC3=C2C=CC=C3)C=CC(Cl)=C1,-2.13
[O-][N+](=O)C1=CC=C(O1)C1=NC2=CC=C(F)C=C2N1,-4.0
COC1=CC2=C(C=CN=C2C=C1)C(O)C1CC2CC[NH+]1CC2C#C,-2.12
CCCCCCCCCCSC(N)=[NH2+],-2.71
CCOC(=O)N1CCN(C)CC1,1.13
CCOC(=O)N1CC(C)[NH2+]CC1C,0.65
CC1=CC2=C(N)C3=CC=CC=C3[NH+]=C2C=C1,-2.39
CS(=O)(=O)C1=CC=C(C=C1)C(N)=[NH2+],-1.38
CC1CN(C(C)CN1C(N)=[NH2+])C(N)=[NH2+],0.02
NC1=C2C=CC=CC2=[NH+]C2=CC=C(F)C=C12,-2.4
NC1=C2C=CC=CC2=[NH+]C2=CC(F)=CC=C12,-2.12
NC1=C2C=CC=CC2=[NH+]C2=C(F)C=CC=C12,-1.66
NC1=C2C=CC=CC2=[NH+]C2=CC=CC(F)=C12,-0.95
NC1=C2C=CC=CC2=[NH+]C2=CC=CC(Cl)=C12,-1.58
CCCCCCCCCC[NH+]1CCCCC1,-1.53
NC1=C2C=CC=CC2=[NH+]C2=CC=C(Cl)C=C12,-2.42
NC1=C2C=CC=CC2=[NH+]C2=CC(Cl)=CC=C12,-1.73
CCN(CC)NC(=O)NC1=C(C)C=CC=C1C,-1.09
OC(C1CC[NH2+]CC1)(C1=CC=CC=C1)C1=CC=CC=C1,-1.39
NC1=C2C=CC=CC2=[NH+]C2=CC=CC(=C12)[N+]([O-])=O,-1.84
C(C[NH2+]C1CCCCC1)[NH2+]C1CCCCC1,-0.98
NC1=C2C(C=CC=C2C(F)(F)F)=[NH+]C2=CC=CC=C12,-2.48
CC(CC[NH2+]CC[NH2+]CCC(C)CC(C)(C)C)CC(C)(C)C,-2.24
OC(C[NH+]1CCCCC1)C1=C2C=CC=CC2=C(Cl)C=C1,-1.55
NC1=C2C=CC=CC2=[NH+]C2=CC(=CC=C12)C(F)(F)F,-2.17
CC[NH+](CC)CCC(C)(O)C1=C2C=CC=CC2=C(OC)C=C1,-1.68
NC(=[NH2+])C1=CC=C(CCC2=CC=C(O2)C(N)=[NH2+])O1,-1.02
CCOC1=CC=C(C=C1)C(=O)OCC[NH2+]C(C)C1=CC=CC=C1,-1.49
CC1=C(NC(=O)C(=O)C(=O)NC2=C(C)C=CC=C2)C=CC=C1,-2.2
[O-]N=C1[C-](C(=O)C2=CC=CC=C12)[N+]([O-])=O,-2.68
OC1(CC[NH+](CCCC(=O)C2=CC=CC=C2)CC1)C1=CC=CC=C1,-2.68
CC1=CC=C(C=C1)C1(O)CC[NH+](CCCC(=O)C2=CC=CC=C2)CC1,-1.62
C[NH+](C)CC1CC2C3CC=C4CC(O)CCC4(C)C3CCC2(C)C1=O,-1.49
OC1(CC[NH+](CCCC(=O)C2=CC=CC=C2)CC1)C1=CC=C(F)C=C1,-2.97
OC1(CC[NH+](CCCC(=O)C2=CC=CC=C2)CC1)C1=CC=C(Cl)C=C1,-3.35
NC1=CC(=CC(=C1)C([O-])=O)S([O-])(=O)=O,-0.94
[O-]C1=C(C(=O)C2=C1C=CC=C2)S([O-])(=O)=O,-2.23
OC(C1CCCC[NH2+]1)(C1=CC=CC=C1)C1=CC=CC=C1,-1.9
CC1=CC=CC(C[NH+]2CCN(CC2)C(C2=CC=CC=C2)C2=CC=C(Cl)C=C2)=C1,-4.63
OC1(CC[NH+](CCCC(=O)C2=CC=C(F)C=C2)CC1)C1=CC=C(F)C=C1,-2.83
C[NH+]1CCC23C4CCCC2C1CC1=C3C(O4)=C(OCC2=CC=CC=C2)C=C1,-4.22
CC(SC1=CC=CC=C1)S([O-])(=O)=O,-0.49
[O-]S(=O)(=O)CCSC1=CC=CC=C1,-1.53
NC1=CC=C(C=C1)S(=O)(=O)NC1=C(C=CC=C1)C([O-])=O,-0.8
C[NH+]1CCC23C=CC=CC2C1CC1=C3C(O)=C(O)C=C1,-1.72
COCOC1=C2OC3C(O)CCC4C5CC(C=C1)=C2C34CC[NH+]5C,-1.96
C[NH+](C)CC(O)C1=C2C=CC=CC2=C(Cl)C=C1,-1.22
NC1=CC=C(C=C1)S(=O)(=O)[N-]C1=NC=CC=N1,-2.16
CC[NH+](CC)CC(OC(=O)C1=CC=C(C=C1)[N+]([O-])=O)C1=CC=CC=C1,-2.84
COC1=C2OC3C(OC(C)=O)C=CC4C5CC(C=C1)=C2C34CC[NH+]5C,-1.3
[O-]S(=O)(=O)OC(C(=O)OCC1=CC=CC=C1)C1=CC=CC=C1,-1.5
NC(N)=[NH+]NC1=CC=C(N=NC(N)=[NH2+])C2=CC=CC=C12,-3.29
[O-]C1=C(C=C(C2=CC=C(C=C12)S([O-])(=O)=O)[N+]([O-])=O)[N+]([O-])=O,-2.54
CN(C)C(=O)C1=CC=C(Cl)C=C1,-1.0
COC1=CC=C(C=C1)C(=O)NN,-1.15
COC1=CC=C(CN(CC[NH+](C)C)C2=NC=CC=N2)C=C1,-2.99
CCC1(CC)C(=O)NC(=O)NC1=O,-0.07
COC1=C2OC3C(CCC4C5CC(C=C1)=C2C34CC[NH+]5C)OC(C)=O,-1.75
CC(C)CCOC(=O)C1C[NH+]2CCC1CC2C(O)C1=CC=NC2=CC=CC=C12,-1.41
CC1=C(C=CC(O)=C1)S([O-])(=O)=O,-0.29
CN(C)C(=O)C1=CC=C(C=C1)[N+]([O-])=O,-1.27
CC(C)[NH2+]CC(O)COC1=C(CC=C)C=CC=C1,-2.88
C[NH+](C)CCCOC1(CC2=CC=CC=C2)CCCCCC1,-1.62
COC(=O)C(CO)NC(=O)C(Cl)Cl,-0.06
[O-]C(=O)C1CCN2C1=CC=C2C(=O)C1=CC=CC=C1,-3.26
CC[NH+](CC)C(C)CN1C2=C(SC3=C1C=CC=C3)C=CC=C2,-2.15
CCOC(=O)CC1=CC=C(C=C1)C1=NC2=CC=CC=C2S1,-4.36
CC(C)CC(NC(=O)C([NH3+])CC1=CNC2=CC=CC=C12)C([O-])=O,-1.76
CC(C)(CF)N1C=C(C([O-])=O)C(=O)C2=C1C=C(N1CC[NH2+]CC1)C(F)=C2,-2.6
[O-]C(=O)C1=CN(C2CC2)C2=C(C=C(F)C(=C2)N2CC3CC2C[NH2+]3)C1=O,-3.65
COC(=O)CNC(=O)C(CC#C)NC(=O)OC(C)(C)C,-1.45
CCOC(=O)C1=C(C)NC(C)=C(C1C1=C(Cl)C(Cl)=CC=C1)C(=O)OC,-5.68
[O-]C(=O)C1OC(OC1C1COC(O1)C1=CC=CC=C1)C1=CC=CC=C1,-2.45
CN(C)C(=O)CC1=C(N=C2C=CC(C)=CN12)C1=CC=C(C)C=C1,-1.3
COC(=O)C(C)C1=CC2=CC=C(OC)C=C2C=C1,-4.78
CCCC1=CC(=O)N(CCC([O-])=O)C=C1,-2.11
[O-]C(=O)CCCCCN1C=CC=CC1=O,-0.64
CCOC1=C(CN(C(C)C)C1=O)[N+]([O-])=O,-4.33
CCCCCCCC1=CC(=O)N(CCC([O-])=O)C=C1,-4.4
CCCCOC(=O)C1=C(C=CC=C1)C(=O)OCC(CC)CCCC,-7.22
CC(C)C1CCC(C)C2=C1N=C(NS(=O)(=O)C1=CC=C(N)C=C1)N=C2,-4.18
COC1=C2OC=CC2=C(C[NH3+])C2=C1OC(=O)C=C2,-0.9
CC(NC(=O)CC1=CC=CC=C1)C1=CC=CC=C1,-3.19
CCOC1=CC(=O)C2(OC3=C(C2=O)C(OC)=CC(OC)=C3Cl)C(C)C1,-4.6
CC[NH+](CC)CCCC(C)NC1=C2C=CC(Cl)=CC2=[NH+]C2=CC=C(OC)C=C12,-2.64
CCCOC1=CC(=O)C2(OC3=C(C2=O)C(OC)=CC(OC)=C3Cl)C(C)C1,-5.22
CCCN1C=C(C([O-])=O)C(=O)C2=C1C=C(N1CC[NH2+]CC1)C(F)=C2,-3.57
CC(C)C(N=CC1=C(O)C(C)=NC=C1CO)C([O-])=O,-1.6
CC1(C)SC2C(NC(=O)CC3=CC=CC=C3)C(=O)N2C1C([O-])=O,-1.63
NC(=S)NS(=O)(=O)C1=CC=C(N)C=C1,-2.24
C[NH+](C)CCOC(C)(C1=CC=CC=C1)C1=CC=CC=N1,-2.82
CC1=CC=NC([N-]S(=O)(=O)C2=CC=C(N)C=C2)=N1,-2.63
NS(=O)(=O)C1=CC=C(NC(=O)CCC([O-])=O)C=C1,-2.03
CCC1=C2C=CC=CC2=NC(C[NH3+])=C1C,-1.48
CCCCCCCCSC(N)=[NH2+],0.16
COC1=CC=C2N(C(=O)C3=CC=C(Cl)C=C3)C(C)=C(CC([O-])=O)C2=C1,-4.77
O=S(=O)(N1CCCC1)N1CCCC1,-0.44
OC(CCC1=CCCC1=O)CC([O-])=O,-0.4
CCCCCCC(CO[N+]([O-])=O)O[N+]([O-])=O,-4.33
FC1=CN(CC2=CC=C(Cl)C=C2)C(=O)NC1=O,-3.49
COC1=CC=C(CN2C=C(F)C(=O)NC2=O)C=C1,-2.75
CC1=C2OC3=C(CCCC3)C2=C2OC(=O)C=C(C)C2=C1,-5.09
CC1(C)C2CCC1(C)C1=C2C=NC(NS(=O)(=O)C2=CC=C(N)C=C2)=N1,-4.08
OCCOC1=CC=C(OCCO)C=C1,-1.23
[O-]C(=O)CN1CCCCS1(=O)=O,-0.59
CC1=CC=C2CN(CC3CCCC1=C23)C(N)=[NH+]O,-1.2
COC1=C2CCCC3CN(CC(C=C1)=C23)C(N)=[NH2+],-1.22
NC(=[NH+]O)N1CC2CCCC3=C2C(C1)=CC=C3,-1.35
CN(C)[NH+]=C(N)N1CC2=CC=CC3=CC=CC(C1)=C23,-1.07
CC(C)=NNC(=[NH2+])N1CC2=CC=CC3=CC=CC(C1)=C23,-2.48
NC(=[NH+]O)N1CC2=CC=CC3=C(Cl)C=CC(C1)=C23,-2.0
COC1=C2CCCC3CN(CC(C=C1)=C23)C(N)=[NH+]O,-1.78
COC1=CC2=CC=CC3=C2C(CN(C3)C(N)=[NH+]O)=C1,-1.21
CCCCOC1=CC(=O)C2(OC3=C(C2=O)C(OC)=CC(OC)=C3Cl)C(C)C1,-5.4
NC1=CC=C(NC(=[NH2+])N2CC3=CC=CC4=CC=CC(C2)=C34)C=C1,-1.83
C[NH+](C)CC1=C([O-])C=CC(=C1)C(=O)C1=CSC(=C1)S(N)(=O)=O,-1.54
CC(C)C[NH2+]CC1=CC=C(C=C1)C(=O)C1=CSC(=C1)S(N)(=O)=O,-2.05
NNC(=O)C1=CC=C(C=C1)[N+]([O-])=O,-2.16
NS(=O)(=O)C1=CC(=CS1)C(=O)C1=CC=C(C[NH2+]CC2=CC=CC=C2)C=C1,-3.37
CNC(=[NH+]C)N1CC2=CC=CC3=CC=CC(C1)=C23,-1.15
FC1=CN(C2CCCO2)C(=O)NC1=O,-1.01
CCOC1=CC(=O)CC(C)C11OC2=C(C1=O)C(OC)=CC(OC)=C2Cl,-5.0
O=C1N(C2CCCNC2=O)S(=O)(=O)C2=C1C=CC=C2,-2.64
[O-]C(=O)C=CC1=CC2=C(OCO2)C=C1,-3.19
CCCCCCOC1=CC(O)=C(C=C1)C(C)=NO,-4.15
[O-][N+](=O)C1=CC=C(O1)C1=NC2=CC=CC=C2N1,-3.89
CCCCCCCCCCOC1=CC(O)=C(C=C1)C(C)=NO,-4.89
CCCCCCCCCCOC1=CC(O)=C(C=C1)C(CC)=N[O-],-4.06
CCCCCCOC1=CC(O)=C(C=C1)C(=N[O-])C1=CC=CC=C1,-3.47
CCOC1=C(Cl)C2=C(C(=O)C3(O2)C(C)CC(=O)C=C3OCC)C(OC)=C1,-4.7
CCCOC1=CC(=O)CC(C)C11OC2=C(C1=O)C(OC)=CC(OC)=C2Cl,-4.52
O=C1NC(NC2=CC=CC=C2)=NC2=C1NC=N2,-4.12
CC1=CC=C(OCC(=O)NC2C3SC(C)(C)C(N3C2=O)C([O-])=O)C=C1,-3.15
CNC1=[NH+]C2=C(C=C(Cl)C=C2)C(C2=CC=CC=C2)=[N+]([O-])C1,-3.39
CCC(C)CN(C)N=NC1=CC=C(C=C1)C([O-])=O,-1.79
NS(=O)(=O)C1=NC2=CC=C(O)C=C2S1,-2.5
ON(C(=O)C1=CC(F)=CC=C1)C1=CC=CC=C1,-2.6
ONC(=O)C1=C(C=CC=C1)N=CC1=CC=CC=N1,-3.21
CC1=C(C=CC=C1)N(O)C(=O)C1=CC(F)=CC=C1,-2.53
CC1=CC=CC(=C1)N(O)C(=O)CCC1=CC=CC=C1,-3.41
CC1=C(C=CC=C1)N(O)C(=O)CCC1=CC=CC=C1,-2.79
CCCCOC1=CC(=O)CC(C)C11OC2=C(C1=O)C(OC)=CC(OC)=C2Cl,-4.7
CCCCCCCC(=O)OC1C(O)C(O)OC(CO)C1O,-2.63
OC1=CC2=C(OC3=C(C=C(O)C=C3)C22OS(=O)(=O)C3=C2C=CC=C3)C=C1,-3.5
COC1=CC(=CC(OC)=C1)C(=O)N(O)C1=CC=CC=C1,-3.1
CC1=CC=CC(=C1)N(O)C(=O)C1=C(Cl)C=C(Cl)C=C1,-4.47
CC1=C(C=CC=C1)N(O)C(=O)C1=C(Cl)C=C(Cl)C=C1,-4.17
COC1=CC(=CC(OC)=C1)C(=O)N(O)C1=C(C)C=CC=C1,-3.65
COC1=CC(=CC(OC)=C1)C(=O)N(O)C1=CC(C)=CC=C1,-3.61
NC(=[NH2+])NN=CC1=C2C=CC=CC2=CC=C1O,-2.46
CN(O)C(=O)C1CCCCCC1,-1.45
ON(C1CCCCC1)C(=O)C1CC1,-2.04
ON(C1CCCCC1)C(=O)C1CCC1,-2.7
ON(C1CCCCC1)C(=O)C1CCCC1,-3.16
CCN(C)N=NC1=CC=C(C=C1)C([O-])=O,-0.42
CCCN(C)N=NC1=CC=C(C=C1)C([O-])=O,-1.43
CCCCN(C)N=NC1=CC=C(C=C1)C([O-])=O,-1.81
CCCCCN(C)N=NC1=CC=C(C=C1)C([O-])=O,-2.37
CCCCCCN(C)N=NC1=CC=C(C=C1)C([O-])=O,-2.52
CCCCCCCN(C)N=NC1=CC=C(C=C1)C([O-])=O,-3.39
ON(C(=O)C1=CC2=CC=CC=C2C=C1)C1=CC=C(Cl)C=C1,-5.47
CC(C)C[NH2+]CC1=CC=CC(=C1)C(=O)C1=CSC(=C1)S(N)(=O)=O,-2.05
CCCC[NH2+]CC1=CC=C(C=C1)C(=O)C1=CSC(=C1)S(N)(=O)=O,-2.21
CC(C)CC[NH2+]CC1=CC=CC(=C1)C(=O)C1=CSC(=C1)S(N)(=O)=O,-1.5
CC(C)C[NH+](C)CC1=C([O-])C=CC(=C1)C(=O)C1=CSC(=C1)S(N)(=O)=O,-1.42
CC(C)(C)[NH2+]CC1=CC=C(C=C1)S(=O)(=O)C1=CSC(=C1)S(N)(=O)=O,-1.98
CCCC[NH2+]CC1=CC=C(C=C1)S(=O)(=O)C1=CSC(=C1)S(N)(=O)=O,-1.68
NS(=O)(=O)C1=CC(=CS1)C(=O)C1=CC=C(CN2CCOCC2)C=C1,-1.52
CC(C)[NH2+]CC1=CC=CC(=C1)S(=O)(=O)C1=CSC(=C1)S(N)(=O)=O,-1.56
CCC(C)[NH2+]CC1=CC=CC(=C1)S(=O)(=O)C1=CSC(=C1)S(N)(=O)=O,-1.33
NS(=O)(=O)C1=CC(=CS1)C(=O)C1=CC(CN2CCOCC2)=CC=C1,-1.92
CNC(=O)C1=CC=CC(NCC(=O)NCCC2=CC(OC)=C(OC)C=C2)=C1,-1.85
CC[NH2+]CC1=CC2=C(OC(=C2)S(N)(=O)=O)S1,-1.04
CC(C)C[NH2+]CC1=CC2=C(OC(=C2)S(N)(=O)=O)S1,-1.33
CCOCC[NH2+]CC1=CC2=C(OC(=C2)S(N)(=O)=O)S1,-0.92
COC1=C(OC)C=C(CCNC(=O)CNC2=CC(=CC=C2)C(N)=O)C=C1,-2.69
NS(=O)(=O)C1=CC2=C(O1)SC(C[NH2+]CC1=CC=CC=N1)=C2,-1.33
CN(CCO)C(=O)COC(=O)C1=CC=CC=C1,-1.09
CC1=CC=C(CN2C=C(F)C(=O)NC2=O)C=C1,-2.92
FC1=CN(CC2=C(Cl)C=C(Cl)C=C2)C(=O)NC1=O,-3.94
CNC1=C(NC2=C3C=CC=CC3=[NH+]C3=CC=CC=C23)C=CC(NS(C)(=O)=O)=C1,-2.94
CN(C(=O)CNC(=O)C[NH3+])C1=C(C=C(Cl)C=C1)C(=O)C1=C(Cl)C=CC=C1,-2.33
[NH3+]C(C([O-])=O)C1=CC=C(O)C=C1,-0.53
NS(=O)(=O)C1=CC2=C(S1)S(=O)(=O)CCC2O,-1.65
O=C(C(=O)C1=CC=CC=C1)C1=CC=CC=C1,-2.8
CC(C)CC(NC(C)=O)C([O-])=O,-1.13
[NH3+]C(CSSCC([NH3+])C([O-])=O)C([O-])=O,-3.31
COC1=C(CC(C)[NH2+]C(C)CC2=C(OC)C=CC=C2)C=CC=C1,-2.0
C[NH+]1CCC23C4OC5=C(OCC6=CC=CC=C6)C=CC(CC1C2C=CC4O)=C35,-2.22
CCOC1=C2OC3C(O)C=CC4C5CC(C=C1)=C2C34CC[NH+]5C,-0.82
ClC1=CC=C(C=C1)S(=O)(=O)[N-]S(=O)(=O)C1=CC=C(Cl)C=C1,-2.48
CC1=CSC([N-]S(=O)(=O)C2=CC=C(N)C=C2)=N1,-2.91
CC1(C)C2CCC1(CS([O-])(=O)=O)C(=O)C2,-0.3
COC1=CC=CC(CC(C)[NH2+]C(C)CC2=C(OC)C=CC=C2)=C1,-3.0
COC1=C2OC3C(O)CCC4C5CC(C=C1)=C2C34CC[NH+]5C,-1.0
CCSC(=S)NC(CC([O-])=O)C([O-])=O,-1.38
CC(C)C(O)(CCC(C)(O)C([O-])=O)C([O-])=O,-1.69
CC(SC(=S)SC(C)C([O-])=O)C([O-])=O,-1.41
[O-]C(=O)CC(CSC([O-])=O)C1=CC=CC=C1,-1.24
CC1=NC=C(N1CCO)[N+]([O-])=O,-1.21
CCNC1=NC(Cl)=NC(NC(C)C)=N1,-3.76
ON=C(C(=N[O-])C1=CC=CC=C1)C1=CC=CC=C1,-5.9
[NH3+]C1CN(C1)C1=CC2=C(C=C1F)C(=O)C(=CN2C1CC1)C([O-])=O,-5.32
C[NH2+]C1CN(C1)C1=CC2=C(C=C1F)C(=O)C(=CN2C1CC1)C([O-])=O,-5.41
CC1([NH3+])CN(C1)C1=CC2=C(C=C1F)C(=O)C(=CN2C1CC1)C([O-])=O,-5.62
CC1([NH3+])CN(C1)C1=C(Cl)C2=C(C=C1F)C(=O)C(=CN2C1CC1)C([O-])=O,-5.33
CC1([NH3+])CN(C1)C1=C(F)C2=C(C(N)=C1F)C(=O)C(=CN2C1CC1)C([O-])=O,-4.38
C(NC1=C2NC=NC2=NC=N1)C1=CC=CC=C1,-3.6
[NH3+]C1CN(C1)C1=C(F)C2=C(C=C1F)C(=O)C(=CN2C1CC1)C([O-])=O,-5.27
C(NC1=C2NC=NC2=NC=N1)C1=CC=CO1,-3.95
CC1([NH3+])CN(C1)C1=C(F)C2=C(C=C1F)C(=O)C(=CN2C1CC1)C([O-])=O,-5.64
C[NH2+]C1CN(C1)C1=C(F)C2=C(C=C1F)C(=O)C(=CN2C1CC1)C([O-])=O,-5.31
CCN1C=C(C([O-])=O)C(=O)C2=C1C=C1OCOC1=C2,-4.38
COC1=CC2=CC=C(C=C2C=C1)C(C)C(=O)OC(C)C,-5.48
CCOC(=O)C1CCN2C1=CC=C2C(=O)C1=CC=CC=C1,-4.2
COC1=CC2=C(C=CC(C)(C)O2)C2=C1C(=O)C1=C(N=CC=C1)N2C,-3.96
NC(=O)N1C2=C(C=CC=C2)C(O)C(O)C2=C1C=CC=C2,-2.03
CCCCCCCCNC(=O)OCC1OC(O)C(O)C(O)C1O,-2.35
CCCCCCCCCNC(=O)OCC1OC(O)C(O)C(O)C1O,-2.96
CCCCCCCCCCNC(=O)OCC1OC(O)C(O)C(O)C1O,-3.56
CC1=C(OCC2=CC=CC=C2)C=CC2=C1OC(=CC2=O)N1CCOCC1,-5.16
CC1=C(OCC2=CC=CC=N2)C=CC2=C1OC(=CC2=O)N1CCOCC1,-4.45
CCC1(CC)CCC(=O)N(CO)C1=O,-3.96
CCC1(CC)C(=O)NC(=O)N(CO)C1=O,-3.93
NC1=NC=C2N=CN(CCC(CO)CO)C2=N1,-0.3
OCCCCC1=CC2=C(OCC3=C(SC=C3)C2=O)C=C1,-3.92
SCC(=O)NC1=CC2=CC=CC=C2C=C1,-3.34
C=CC1(C=C)C(=O)NC(=O)[N-]C1=O,-2.06
CC(C)C1(C=C)C(=O)NC(=O)NC1=O,-1.71
CC(C)CC1(C=C)C(=O)NC(=O)NC1=O,-2.12
CCCC(=O)OCN1C(=O)NC(C1=O)(C1=CC=CC=C1)C1=CC=CC=C1,-4.68
NC1=NC(=O)N(C=C1)C1CCC(CO)O1,-0.43
CC(=O)OC1C(OC(C)=O)C2=C(C=CC=C2)N(C(N)=O)C2=C1C=CC=C2,-3.55
COC(=O)C(NC(=O)C(Cl)Cl)C(C)O,-0.62
OCC(NC(=O)C(Cl)Cl)C([O-])=O,-0.03
CCOC(=O)C(C)C1=CC2=CC=C(OC)C=C2C=C1,-5.24
CCCOC(=O)C(C)C1=CC2=CC=C(OC)C=C2C=C1,-5.82
CCCCOC(=O)C(C)C1=CC2=CC=C(OC)C=C2C=C1,-7.53
COC1=CC2=CC=C(C=C2C=C1)C(C)C(=O)OCCO,-3.33
COC1=CC2=CC=C(C=C2C=C1)C(C)C(=O)OC(C)(C)C,-6.5
CCCCCOC(=O)C(C)C1=CC2=CC=C(OC)C=C2C=C1,-6.97
COC1=CC2=CC=C(C=C2C=C1)C(C)C(=O)OCC(C)O,-3.31
COC1=CC2=CC=C(C=C2C=C1)C(C)C(=O)OCCCO,-3.4
CCCCCCOC(=O)C(C)C1=CC2=CC=C(OC)C=C2C=C1,-7.54
CCCCCCCOC(=O)C(C)C1=CC2=CC=C(OC)C=C2C=C1,-7.12
COC1=CC2=CC=C(C=C2C=C1)C(C)C(=O)OCC(C)=O,-4.65
CCC#CCCOC(=O)C(C)C1=CC2=CC=C(OC)C=C2C=C1,-7.33
COC1=CC2=CC=C(C=C2C=C1)C(C)C(=O)OCC(O)CO,-2.62
COC1=CC2=CC=C(C=C2C=C1)C(C)C(=O)OC1CCCCC1O,-5.07
CCCCCCCC(=O)OC1C(OC2OC(C)(C)OC12)C(O)CO,-3.17
COC1=CC2=CC=C(C=C2C=C1)C(C)C(=O)OC1CCCCC1=O,-5.59
CCC=CCCOC(=O)C(C)C1=CC2=CC=C(OC)C=C2C=C1,-7.36
COC1=CC2=CC=C(C=C2C=C1)C(C)C(=O)OC1COC2C(O)COC12,-3.98
CCOC1=CC=C(NC(=O)NC2=CC=C(OCC)C=C2)C=C1,-4.44
CCCOCC(=NC1=C(C=C(Cl)C=C1)C(F)(F)F)N1C=CN=C1,-4.44
CC1=COC2=CC3=C(C=C12)C=C(N)C(=O)O3,-5.08
COC1=CC2=C(OC1=O)C=C1OC=C(C)C1=C2,-5.0
COC(=O)C1=CC2=C(OC1=O)C(C)=C1OC=C(C)C1=C2,-4.9
CN(C)C(=O)COC(=O)C1CCN2C1=CC=C2C(=O)C1=CC=CC=C1,-3.03
COC(=O)C1=C(O)C=CC(CCC2=C(OC)C=CC(OC)=C2)=C1,-6.39
C=CCN1C=NC2=C1N=C(NC1=CC=CC=C1)NC2=O,-5.09
CCC1C([NH3+])CN1C1=CC2=C(C=C1F)C(=O)C(=CN2C1CC1)C([O-])=O,-3.91
C[NH2+]C1CN(C1C)C1=CC2=C(C=C1F)C(=O)C(=CN2C1CC1)C([O-])=O,-4.57
CC1N(CC1(C)[NH3+])C1=CC2=C(C=C1F)C(=O)C(=CN2C1CC1)C([O-])=O,-5.42
CC1C([NH3+])CN1C1=C(Cl)C2=C(C=C1F)C(=O)C(=CN2C1CC1)C([O-])=O,-4.48
CC1C([NH3+])CN1C1=C(F)C2=C(C(N)=C1F)C(=O)C(=CN2C1CC1)C([O-])=O,-3.98
C[NH2+]C1CN(C1C)C1=C(F)C2=C(C=C1F)C(=O)C(=CN2C1CC1)C([O-])=O,-4.44
CCC1C([NH3+])CN1C1=C(F)C2=C(C=C1F)C(=O)C(=CN2C1CC1)C([O-])=O,-3.81
CC1N(CC1(C)[NH3+])C1=C(F)C2=C(C=C1F)C(=O)C(=CN2C1CC1)C([O-])=O,-5.04
CC1C([NH3+])CN1C1=CC2=C(C=C1F)C(=O)C(=CN2C1CC1)C([O-])=O,-4.63
CC1C([NH3+])CN1C1=C(F)C2=C(C=C1F)C(=O)C(=CN2C1CC1)C([O-])=O,-4.17
CC12CCC3C(CCC4=CC(=O)CCC34C)C1CCC2OC(=O)C(CO)CO,-4.25
OCC1OC(C(O)C1O)N1C2=CC=CC=C2N=C1C1=CC=CO1,-2.92
OCC1OC(C(O)C(O)C1O)N1C2=CC=CC=C2N=C1C1=CC=CO1,-2.33
CCCCCCCCSC1C(O)C(O)OC(CO)C1O,-2.91
CC(O)C1C2C(C)C(SCC(=[NH2+])N(C)C)=C(N2C1=O)C([O-])=O,-0.28
CC1=C(N)C=CC(=C1)N=NC1=C(C)C=CC=C1,-4.05
CN(C)C1=CC=C(C=C1)N=NC1=CC=CC=C1,-5.25
CC1NC(=O)C2=C(NC1=O)C=CC=C2,-2.38
ClC1=CC2=C(NC(=O)CNC2=O)C=C1,-3.05
CCCC(C)C1(C=C)C(=O)NC(=O)NC1=O,-2.36
CCCCC(CO[N+]([O-])=O)O[N+]([O-])=O,-3.1
CN1C2=C(C=C(Cl)C=C2)C(=NCC1=O)C1=CC=CC=C1,-3.71
CN(C)C1=CC=C(C=C1)N=NC1=CC=C(C=C1)S([O-])(=O)=O,-3.86
[O-][N+](=O)C1=CC2=C(NC(=O)CN=C2C2=CC=CC=C2Cl)C=C1,-4.41
CCCC(CCC)C(=O)NCCCC([O-])=O,-1.5
CCN(C(N)=O)C1=CC=C(OC)C=C1,-1.27
FC1=CN(CC2=CC=CC=C2)C(=O)NC1=O,-2.65
ClC1=CC(Cl)=C(C=C1)C(CN1C=CN=C1)OCC1=C(Cl)C=CC(Cl)=C1,-3.54
OCC1OCOC2COCOC12,-0.62
CCCC(CO[N+]([O-])=O)O[N+]([O-])=O,-2.5
CC(CCCO[N+]([O-])=O)O[N+]([O-])=O,-2.44
CC(CCCCO[N+]([O-])=O)O[N+]([O-])=O,-2.84
[O-][N+](=O)OC1CCCC(C1)O[N+]([O-])=O,-2.33
CN1CCN(CC2=CN=C(Cl)C=C2)C1=NC#N,-2.13
[O-][N+](=O)OC1CCCCC1O[N+]([O-])=O,-2.35
ClC1=NC=C(CN2CCN=C2NC#N)C=C1,-2.63
[O-][N+](=O)OC1CCCCCC1O[N+]([O-])=O,-3.02
CC[NH+](CC)CCSC1=NC2=C(NC3=C2C=CC=C3)N=N1,-3.09
NC1=NC=C2N=CN(CCC3COC(=O)OC3)C2=N1,-1.43
CS(=O)(=O)C1=CC=C(C=C1)C1=C(C(=O)OC1)C1=CC=CC=C1,-4.52
CN1C=NC=C1CC([NH3+])C([O-])=O,0.08
OCC1OC2OC(OC2C1O)C(Cl)(Cl)Cl,-2.12
[O-]C(=O)C1CCC(SS1)C([O-])=O,-1.93
COC1=NC=C(NC(=O)C2CC2)C=C1,-2.14
NS(=O)(=O)C1=C(Cl)C=C(NCC2=CC=CO2)C(=C1)C([O-])=O,-3.83
CCOC(=O)C(CCC1=CC=CC=C1)NC(C)C[NH+]1CCCC1C([O-])=O,-1.24
CCOC(=O)C(CCC1=CC=CC=C1)NC(C)C(=O)N1CCCC1C([O-])=O,-1.18
OCC1OC(OCCC2=C3C=CC=CC3=CC=C2)C(O)C(O)C1O,-1.11
CCC1(NC(=O)NC1=O)C1=CC=CC=C1,-2.64
OC1COC(OC2=CC=CC=C2)C(O)C1O,-1.66
CC1(C)OCC(COC(=O)C2=C(C=CC=C2)C([O-])=O)O1,-1.23
[O-]C(=O)CCCC1CCCC2NC(=O)NC12,-0.96
[NH3+]C(CC1=CNC2=CC=CC=C12)C([O-])=O,-1.77
NC(=O)NN=CC1=CC=C(O1)[N+]([O-])=O,-2.92
CCCC(C)C1(CC)C(=O)NC(=O)NC1=O,-2.39
CC1NC(=O)C2=C(C=CC=C2)N(CC(O)C(O)C(O)CO)C1=O,-1.51
OCC(O)C(O)C(O)CN1C2=C(C=CC=C2)C(=O)NCC1=O,-1.46
CC1=C(C=C(O1)C(O)C(O)C(O)CO)C([O-])=O,-1.28
OCC1OC(OC2=CC=CC=C2)C(O)C(O)C1O,-1.46
COC1=CC2=CC=C(C=C2C=C1)C(C)C(=O)OCCN1CC[NH2+]CC1,-1.52
COC1=CC2=CC=C(C=C2C=C1)C(C)C(=O)OCCN1CC[NH+](C)CC1,-1.49
COC1=CC2=CC=C(C=C2C=C1)C(C)C(=O)OCCCC[NH+]1CCOCC1,-3.7
COC1=CC2=CC=C(C=C2C=C1)C(C)C(=O)OCCCC[NH+]1CCN(C)CC1,-1.29
O=C1NC2=C(C=CC=C2)C(=O)N2CCCC12,-3.75
ClC1=CC2=C(NC(=O)C3CCCN3C2=O)C=C1,-4.7
OC1CC2N(C1)C(=O)C1=C(NC2=O)C=CC=C1,-2.37
CC1C2C(CC(C)C3CC(=O)C(C)=C3C2O)OC1=O,-1.95
CC(=O)NC(CC1=CNC2=CC=CC=C12)C([O-])=O,-2.31
CCOC(=O)C1=CC2(CC)CCCN3CCC4=C(C23)N1C1=CC=CC=C41,-4.84
C(N1CCOCC1)C1=CC=C(C=C1)C1=NC=C(O1)C1=CC=CC=C1,-4.35
CN1CC(O)C2=CC(N=NC(N)=O)=C(O)C=C12,-2.72
CN(C)N=NC1=CC=C(C=C1)C([O-])=O,-0.8
[NH3+]C(CC1=CNC2=CC=CC=C12)C(=O)NCC([O-])=O,-0.85
NC1=NC(=O)N(C=C1)C1CC(F)C(CO)O1,-1.18
OC1=CC=C(C=C1)N=NC1=CC(Cl)=C(C=C1)C([O-])=O,-2.62
OCC1OC(OC2=CC=CC(=C2)[N+]([O-])=O)C(O)C(O)C1O,-1.28
OC(C1CC2CC[NH+]1CC2C([O-])=O)C1=CC=NC2=CC=CC=C12,-1.94
OC1=CC=C(C=C1C([O-])=O)N=NC1=CC=CC=C1[N+]([O-])=O,-2.01
CC1C2C(CC(C)C3C=CC(=O)C3(C)C2OC(C)=O)OC1=O,-2.19
[O-]C(=O)C1CCC(=O)N1CN1C(CCC1=O)C([O-])=O,-1.31
COC1=CC=C(CC2NC(=O)N(C(C)C([O-])=O)C2=O)C=C1,-0.86
CC(C)C(NS(=O)(=O)C1=CC=C(F)C=C1)C(=O)NC1CCOC1O,-2.38
CC(C)CC(NC(=S)NC1=CC=CC=C1)C(=O)NC1CCOC1O,-2.37
COC1=CC(=O)C2(OC3=C(C2=O)C(OC)=CC(OC)=C3Cl)C(C)C1,-4.4
CC(C)CC([NH3+])C(=O)NC(CC1=CNC2=CC=CC=C12)C([O-])=O,-1.12
COC1=CC2=C(C=CN=C2C=C1)C(O)C1CC2CC[NH+]1CC2C([O-])=O,-2.03
COC1=CC(OC)=C(Cl)C2=C1C(=O)C1(O2)C(C)CC(O)CC1O,-2.34
CC12CCC3C(CCC4CC(O)CCC34C)C1(O)CCC2C1=CC(=O)OC1,-4.57
OC1=CC=C(C=C1)N=NC1=CC=CC=C1,-3.95
[O-]C1=CC(=O)C=CC1=NNC1=CC=CC=C1,-3.08
OC1C2CC3N(CCC33C4C2C=CC(=O)N4C2=C3C=CC=C2)C1=O,-2.11
OC1=CC=C(C=C1)N=NC1=CC=C(C=C1)C([O-])=O,-4.38
OC1=C(C=C(C=C1)N=NC1=CC=CC=C1)C([O-])=O,-3.05
OCC(O)C(O)C1=NN(C2=NC3=CC=CC=C3N=C12)C1=CC=CC=C1,-3.13
CC1(C)SC2C(NC(=O)COC3=CC=CC=C3)C(=O)N2C1C([O-])=O,-2.81
CC(C)C1OC(O)C(CC2=CC=CC=C2)NC1=O,-2.28
CC(C)CC1OC(O)C(CC2=CC=CC=C2)NC1=O,-2.12
NNC(=O)C1=CC=C(C=C1)C(=O)NN,-2.29
CC(NC(=O)C([NH3+])C1=CC=CC=C1)C1=CC=CC=C1,-1.66
ClC1=C(C[NH+]2CCCC2)NC(=O)[N-]C1=O,-1.54
C[NH2+]CCC(OC1=CC=C(C=C1)C(F)(F)F)C1=CC=CC=C1,-1.59
OCC(O)CC(O)(CO)C([O-])=O,0.61
FC(F)(Cl)C(F)(F)Cl,-2.74
CC12CCC(CC1)C(C)(C)O2,-1.74
CCC=C,-1.94
CCCCCCCCC=C,-5.51
CCCO,0.62
ClC1=C(Cl)C(Cl)=C(C(Cl)=C1Cl)C1=C(Cl)C(Cl)=C(Cl)C(Cl)=C1Cl,-11.6
ClC1=CC=CC(=C1Cl)C1=CC(Cl)=C(Cl)C=C1Cl,-7.21
ClC1=CC=C(C(Cl)=C1)C1=C(Cl)C=CC(Cl)=C1Cl,-7.43
CC(C)C(C)(C)C,-4.36
[O-]C1=CC(Cl)=C(Cl)C(Cl)=C1Cl,-3.15
[O-]C1=C(Cl)C=C(Cl)C(Cl)=C1Cl,-3.1
ClC1=CC=C(C=C1)C1=CC=CC(Cl)=C1Cl,-6.29
[O-]C1=CC=C(Cl)C(Cl)=C1Cl,-2.67
[O-]C1=C(Cl)C(Cl)=CC(Cl)=C1Cl,-3.37
[O-]C1=CC(Cl)=CC(Cl)=C1Cl,-2.67
ClC1=CC=C(C=C1)C1=CC(Cl)=CC=C1Cl,-6.27
[O-]C1=C(Cl)C=CC=C1Cl,-1.79
CCCC=C(CC)C=O,-2.46
CCC(CC)C=O,-1.52
CCCCCC(C)C,-5.08
CC(C)O,0.43
CC1=CC=C(O)C=C1C,-1.38
CCCCCCC(=O)OCN1C(=O)NC(C1=O)(C1=CC=CC=C1)C1=CC=CC=C1,-6.301
CCCCCC(=O)OCN1C(=O)NC(C1=O)(C1=CC=CC=C1)C1=CC=CC=C1,-5.886
CC(C)C(C)O,-0.18
CCC(C)CCO,-0.72
CC1=CC2=C(C=C1)C1=C(C=C2)C2=C3C(CC2)=CC=CC3=C1,-7.92
CCC1(C(C)C)C(=O)NC(=O)NC1=O,-2.148
CCCCC(=O)CCCC,-2.58
CC#N,0.26
CC(=O)N(C1=C(C)C(C)=NO1)S(=O)C1=CC=C(N)C=C1,-3.59
CC12CCC(=O)C=C1CCC1C3CCC(C(=O)CO)C3(CC(O)C21)C=O,-3.85
OCC1OC(OCC2OC(OC(C#N)C3=CC=CC=C3)C(O)C(O)C2O)C(O)C(O)C1O,-0.77
CCC[C-]1C(=O)N2N(C1=O)C1=CC(C)=CC=C1[NH+]=C2N(C)C,-3.538
[O-]C1=C(C2CCC(CC2)C2=CC=C(Cl)C=C2)C(=O)C2=CC=CC=C2C1=O,-5.931
CNC(=O)OC1=CC=CC2=CC=CC=C12,-3.224
CCOC(=O)C1=CC=CC=C1S(=O)(=O)NN(C=O)C1=NC(Cl)=CC(OC)=N1,-4.576
ClCC#N,-0.092
CC(C)OC(=O)C(O)(C1=CC=C(Cl)C=C1)C1=CC=CC(Cl)=C1,-4.53
ClC=CCl,-1.3
CC1CCCCC1C,-4.3
CC(=O)OCC(=O)C1(O)CCC2C3CCC4=CC(=O)CCC4(C)C3C(=O)CC12C,-4.21
CC(=O)CC(C1=CC=C(Cl)C=C1)C1=C([O-])C2=CC=CC=C2OC1=O,-5.839
OC1CCCCCC1,-0.88
C1CCC=CCC1,-3.18
OC1CCCCCCC1,-1.29
O=C1NC(=O)C2(CCCC2)C(=O)N1,-2.349
CC1(C)C(C=C(Cl)Cl)C1C(=O)OC(C#N)C1=CC=C(F)C(OC2=CC=CC=C2)=C1,-7.337
CC1(C)C(C=C(Cl)C(F)(F)F)C1C(=O)OC(C#N)C1=CC=CC(OC2=CC=CC=C2)=C1,-8.176
NC1=CC=C(C=C1)S(=O)(=O)C1=CC=C(N)C=C1,-3.094
CC=C(C(=CC)C1=CC=C(O)C=C1)C1=CC=C(O)C=C1,-4.95
CCSSCC,-2.42
CCCCCCOC(=O)C1=CC=CC=C1C(=O)OCCCCCC,-6.144
CC(C)SC(C)C,-2.24
CCCSCCC,-2.58
CC1COC2CC3(C)C(CC4C5C=C6CC(O)CCC6(C)CC5CCC34C)OC2C1,-7.32
CCN(CC(C)=C)C1=C(C=C(C=C1N(=O)=O)C(F)(F)F)N(=O)=O,-6.124
CCCCCC(=O)OCC,-2.35
C=C,-0.4
OC(CN1C=NC=N1)(CN1C=NC=N1)C1=CC=C(F)C=C1F,-1.8
NC1=NC(=O)NC=C1F,-0.972
CC1CC2C3CC(F)C4=CC(=O)C=CC4(C)C3(F)C(O)CC2(C)C1(O)C(=O)CO,-5.613
OCC1OC(O)(CO)C(O)C1O,0.64
COC1=CC2OC3C=CC(=O)CC3C(=O)C2=C(O)C1,-2.943
NS(=O)(=O)C1=CC2=C(NCNS2(=O)=O)C=C1Cl,-2.63
CC12CC(O)C3C(CCC4=CC(=O)CCC34C)C1CCC2(O)C(=O)CO,-3.09
COC1=C2OC=CC2=C(OC)C2=C1OC(C)=CC2=O,-3.021
ClC1C(Cl)C(Cl)C(Cl)C(Cl)C1Cl,-4.64
COC1=C(OC)C2C(COC2=O)C=C1,-1.899
COC(C)=O,0.46
CCCOC(=O)CC,-0.82
CCCCCC(=O)OC,-1.87
CCCCCCCCC(=O)OC,-3.38
CCCCCCCC(=O)OC,-3.17
CCCC(=O)OCC,-1.36
COC(=O)C1=CC=C(O)C=C1,-1.827
CNC(=O)OC1=CC=CC=C1,-1.803
COC1=CC=C(NC(=O)N(C)C)C=C1Cl,-2.564
CC1=CC=NC2=C1NC(=O)C1=CC=CN=C1N2C1CC1,-3.19
COC(=O)C1=C(C)NC(C)=C(C1C1=CC=CC=C1N(=O)=O)C(=O)OC,-4.76
CCN(=O)=O,-0.22
O=C1CN(N=CC2=CC=C(O2)N(=O)=O)C(=O)N1,-3.38
OC(C1=CC2C3C(C1C2=C(C1=CC=CC=C1)C1=CC=CC=N1)C(=O)NC3=O)(C1=CC=CC=C1)C1=CC=CC=N1,-3.931
CC12CCC3C(CCC4=CC(=O)CCC34O)C1CCC2(O)C#C,-4.57
CNC(=O)ON=C(SC)C(=O)N(C)C,0.106
OC1N=C(C2=CC=CC=C2)C2=CC(Cl)=CC=C2NC1=O,-3.952
ClC1=CC=C(CN(C2CCCC2)C(=O)NC2=CC=CC=C2)C=C1,-5.915
O=C1NC(=O)C2C=CC=CC12,-2.932
C1=CC2=C(C=C1)C1=C(C=C2)C2=C(C=C1)C1=C(C=CC=C1)C=C2,-7.87
CC12CC(O)C3C(CCC4=CC(=O)C=CC34C)C1CCC2(O)C(=O)CO,-3.18
CC=C,-1.08
NC(=O)C1=CN=CC=N1,-0.667
ClC(Cl)CC(=O)NC1=C(Cl)C(=O)C2=CC=CC=C2C1=O,-5.03
CCC1(C(=O)NC(=O)NC1=O)C1=CCC2CCC1C2,-2.696
CCN1C2=NC=CC=C2N(C)C(=O)C2=CC=CN=C12,-2.62
CCCOC(=O)C1=CC=C(N)C=C1,-2.452
CN1C2=CC=CC=C2OC2=NC=CC=C2C1=O,-3.672
CN1C2=CC(N)=CC=C2OC2=CC=C(C)C=C2C1=O,-3.928
CCN1C2=NC(Cl)=CC=C2N(C)C(=O)C2=CC=CN=C12,-4.114
CCN1C2=NC(C)=CC(=C2NC(=O)C2=CC=CN=C12)C(F)(F)F,-4.207
CCN1C2=NC(C)=CC(C)=C2NC(=O)C2=CC=CN=C12,-4.554
CCN1C2=NC=CC=C2N(C)C(=S)C2=CC=CN=C12,-4.634
CCN1C2=CC=CC=C2N(C)C(=S)C2=CC=CN=C12,-4.706
CCN1C2=CC=CC=C2N(C)C(=O)C2=CC=CC=C12,-4.749
CCN1C2=NC=CC=C2N(CC)C(=O)C2=CC=CN=C12,-2.86
CCN1C2=CC(=CC(C)=C2NC(=O)C2=CC=CN=C12)N(C)C,-4.871
CCN1C2=CC(OC)=CC(C)=C2NC(=O)C2=CC=CN=C12,-5.153
CCN1C2=CC(Cl)=CC=C2NC(=O)C2=CC=CN=C12,-5.36
CN1C2=CC=C(C)C=C2OC2=NC=C(N)C=C2C1=O,-3.043
CCN1C2=CC=CC=C2N(C)C(=O)C2=CC=CN=C12,-3.324
CCN1C2=NC(=CC=C2NC(=O)C2=CC=CN=C12)N(C)CCO,-3.36
FCCN1C2=CC=CC=C2CC2=CC=CC=C2C1=O,-3.535
CCN1C2=CC=CC=C2OC2=CC=CC=C2C1=O,-3.68
CSC1=NC(=NC(=N1)N(C)C)N(C)C,-2.676
CSCS(=O)CC(CO)NC(=O)C=CC1=C(C)NC(=O)NC1=O,-1.981
CCCCOC1=CC=C(C(=O)OCC)C(=C1)N(CC)CC,-3.84
OCC1OC(CO)(OC2OC(CO)C(O)C(O)C2O)C(O)C1O,0.79
NC1=CC=C(C=C1)S(N)(=O)=O,-1.34
CC=CC=O,0.32
CC12CCC3C(CCC4=CC(=O)CCC34C)C1CCC2O,-4.02
CC(=O)OC1CCC2C3CCC4=CC(=O)CCC4(C)C3CCC12C,-5.184
CC1=C(F)C(F)=C(COC(=O)C2C(C=C(Cl)C(F)(F)F)C2(C)C)C(F)=C1F,-7.321
CC(C)(C)CC1=CC=CC=C1,-4.15
NC1=NC2=NC(N)=C(N=C2C(N)=N1)C1=CC=CC=C1,-2.404
ClC(Cl)(Cl)C#N,-2.168
ClC(Cl)(Cl)C(NC=O)N1C=CN(C=C1)C(NC=O)C(Cl)(Cl)Cl,-4.19
CC1(OC(=O)N(C1=O)C1=CC(Cl)=CC(Cl)=C1)C=C,-4.925
CC12CCCC1C1CCC3CC(=O)C(=O)CC3(C)C1CC2,-3.76
CCC(=O)OCC(=O)C1(OC(=O)CC)C(C)CC2C3CCC4=CC(=O)C=CC4(C)C3(F)C(O)CC12C,-3.77
CC(C)CCCC(C)C1CCC2C3CC=C4CC(O)CCC4(C)C3CCC12C,-7.0
ClC1=C(Cl)C(Cl)=C(OC2=C(Cl)C(Cl)=C(Cl)C(Cl)=C2Cl)C(Cl)=C1Cl,-12.95
FC(F)(Cl)Cl,-1.99
ClC(Cl)COCC(Cl)Cl,-1.12
CC=CC=CC(C)=CC=C,-2.09
ClCCCl,-1.08
ClC1=CC(Cl)=C(Cl)C(=C1Cl)C1=CC(Cl)=C(Cl)C=C1Cl,-8.94
ClC1=CC=C(OC2=CC(Cl)=C(Cl)C(Cl)=C2Cl)C(Cl)=C1Cl,-9.12
ClC1=C(Cl)C(Cl)=C(Cl)C(Cl)=C1Cl,-7.56
ClC1=CC(Cl)=C(Cl)C(=C1)C1=CC(Cl)=CC(Cl)=C1Cl,-8.56
ClC1=CC=C(C(Cl)=C1)C1=CC(Cl)=C(Cl)C(Cl)=C1Cl,-8.32
ClC1=CC2=C(C=C1Cl)C1=C(O2)C(Cl)=C(Cl)C(Cl)=C1Cl,-10.66
CC(=O)C1CCC2C3CCC4=CC(=O)CC(O)C4(C)C3CCC12C,-3.82
CCl,-0.88
CC1(O)CCC2C3CCC4=CC(=O)CCC4(C)C3CCC12C,-3.97
CCC(C)[N+]([O-])=O,-0.62
CC1=CC(=CC=C1)[N+]([O-])=O,-2.46
CC(C)C1(C)CCCC(O)C1,-0.6
CC(C)C1C(C)CCCC1O,-0.29
CC(C)C1(O)CCCC(C)C1,-0.24
CCOC1=CC=C(NC(C)=O)C=C1,-2.3
CCC,-2.84
CCC(N)=O,-4.23
COC1=C(Cl)C(Cl)=C(Cl)C=C1Cl,-5.13
ClC1=CC(Cl)=C(Cl)C(Cl)=C1,-4.68
ClC1=CC(Cl)=C(Cl)C=C1Cl,-5.47
CC1=C(Cl)C(CC2=C(Cl)C=CC=C2Cl)=CC=C1Cl,-7.99
CC1=C(Cl)C(CC2=CC=C(Cl)C=C2Cl)=CC=C1Cl,-7.4
CC1=C(Cl)C=C(CC2=CC(Cl)=CC=C2Cl)C(Cl)=C1,-8.03
CC1=C(Cl)C=C(Cl)C(CC2=C(Cl)C=CC=C2Cl)=C1,-8.36
CC1=C(Cl)C=C(Cl)C(CC2=CC=C(Cl)C=C2Cl)=C1,-7.49
CC1=C(Cl)C(Cl)=C(Cl)C(CC2=CC=C(Cl)C=C2)=C1,-8.18
CC1=C(CC2=C(Cl)C=CC=C2)C(Cl)=C(Cl)C(Cl)=C1,-7.24
CC1=C(CC2=CC=C(Cl)C=C2)C(Cl)=C(Cl)C(Cl)=C1,-7.44
ClC1=CC=C(C=C1Cl)C1=CC=C(Cl)C(Cl)=C1,-8.53
ClC1=CC=C(C=C1)C1=C(Cl)C=C(Cl)C=C1Cl,-6.94
ClC1=C(Cl)C(Cl)=C2OC3=CC=CC=C3OC2=C1Cl,-8.77
ClC(Cl)=C(Cl)Cl,-2.74
COC1=C(Cl)C=C(Cl)C=C1Cl,-4.2
ClC1=CC(Cl)=CC(Cl)=C1,-4.6
ClC1=CC(Cl)=C2OC3=CC=CC=C3OC2=C1Cl,-7.58
CC(Cl)(Cl)Cl,-2.14
FC(Cl)(Cl)CCl,-3.04
CCCSC(=O)N(CCC)CCC,-3.3
ClC(Cl)C(Cl)=C=C(Cl)Cl,-4.23
ClC1=C(Cl)C(Cl)=C(Cl)C(OC2=C(Cl)C(Cl)=C(Cl)C(Cl)=C2Cl)=C1,-10.55
CC1=C(Cl)C=C(Cl)C(CC2=CC(Cl)=CC=C2Cl)=C1,-8.06
CCC1=CC=CC(CC)=C1N(COC)C(=O)CCl,-3.17
CNC(=O)ON=CC(C)(C)SC,-0.71
CCCCC1=C(CCCC)C(C([O-])=O)=C(C=C1)C([O-])=O,-4.4
CC1OC(CC(O)C1O)OC1C(O)CC(OC2C(O)CC(OC3CCC4(C)C(CCC5C4CC(O)C4(C)C(CCC54O)C4=CC(=O)OC4)C3)OC2C)OC1C,-4.16
ClC1=C(Cl)C2(Cl)C3COS(=O)OCC3C1(Cl)C2(Cl)Cl,-6.08
CCCCN(CC)C(=O)SCCC,-3.41
CCC1=CC=C(C=C1)C(C(Cl)Cl)C1=CC=C(CC)C=C1,-7.04
CC12CCC3C(CC=C4CC(O)CCC34C)C1CCC2=O,-4.01
CC(=O)[N-]C1=NN=C(S1)S(N)(=O)=O,-2.44
C[NH+](C)CCC=C1C2=CC=CC=C2CCC2=CC=CC=C12,-4.55
CC[NH+](CC)CC1=CC(NC2=CC=NC3=CC(Cl)=CC=C23)=CC=C1O,-5.79
C[NH+]1C2CCC1CC(C2)OC(=O)C(CO)C1=CC=CC=C1,-2.0
C(N1C=CN=C1)C1=CC=CC=C1,-2.26
COC1=CC=CC=C1OCC[NH2+]CC(O)COC1=CC=CC2=C1C1=C(N2)C=CC=C1,-4.26
CC(=O)OCC1=C(N2C(SC1)C(NC(=O)CC1=CC=CS1)C2=O)C([O-])=O,-2.94
C[NH+](C)CCC(C1=CC=C(Cl)C=C1)C1=CC=CC=N1,-2.67
C[NH+](C)CCCN1C2=CC=CC=C2SC2=CC=C(Cl)C=C12,-5.07
CCCNC(=O)[N-]S(=O)(=O)C1=CC=C(Cl)C=C1,-3.25
ClC1=CC=C2OC(=O)NC2=C1,-2.66
[O-]C(=O)C1=CN(C2CC2)C2=CC(N3CC[NH2+]CC3)=C(F)C=C2C1=O,-3.6
C[NH+]1CC2CC1CN2C1=CC2=C(C=C1F)C(=O)C(=CN2C1CC1)C([O-])=O,-2.9
CC(CC1=CC=CC=C1)[NH+](C)CC#C,-2.51
COC1=CC=C(C=C1)C1SC2=CC=CC=C2N(CC[NH+](C)C)C(=O)C1OC(C)=O,-3.16
C[NH+](C)CCOC(C1=CC=CC=C1)C1=CC=CC=C1,-2.95
NC(=[NH2+])NC1=NC(CSCCC(=N)NS(N)(=O)=O)=CS1,-2.65
CC(C([O-])=O)C1=CC=CC(OC2=CC=CC=C2)=C1,-3.7
CC1=CN=C(C=N1)C(=O)NCCC1=CC=C(C=C1)S(=O)(=O)[N-]C(=O)NC1CCCCC1,-5.49
NC1=NC2=C(NC=N2)C(=O)N1,-4.43
NS(=O)(=O)C1=CC2=C(NCNS2(=O)=O)C=C1C(F)(F)F,-2.97
CCN1C=C(C([O-])=O)C(=O)C2=CC=C(C)N=C12,-3.61
OC1=C2OC3C(=O)CCC4(O)C5CC(C=C1)=C2C34CC[NH+]5CC=C,-2.9
COC1=CC2=CC=C(C=C2C=C1)C(C)C([O-])=O,-4.5
C[NH2+]CCC=C1C2=CC=CC=C2CCC2=CC=CC=C12,-4.02
CN(C)C1C2C(O)C3C(=C([O-])C2(O)C(=O)C(C(N)=O)C1=O)C(=O)C1=C(O)C=CC=C1C3(C)O,-3.09
COC1=CC=C(CC2=NC=CC3=CC(OC)=C(OC)C=C23)C=C1OC,-3.87
NC1=CC=C(N=NC2=CC=CC=C2)C(N)=[NH+]1,-4.19
CCC1(C(=O)NC(=O)NC1=O)C1=CC=CC=C1,-2.29
CC(C)[NH2+]CC(O)COC1=C2C=CNC2=CC=C1,-3.79
CC[NH+](CC)CCOC(=O)C1=CC=C(N)C=C1,-1.72
COC1=CC2=C(C=CN=C2C=C1)C(O)C1CC2CC[NH+]1CC2C=C,-2.79
C[NH+]=C([CH-]N(=O)=O)NCCSCC1=CC=C(C[NH+](C)C)O1,-2.5
[O-]C(=O)C1=CN(C2=CC=C(F)C=C2)C2=CC(N3CC[NH2+]CC3)=C(F)C=C2C1=O,-3.13
CC1CN(CC(C)[NH2+]1)C1=C(F)C2=C(C(N)=C1F)C(=O)C(=CN2C1CC1)C([O-])=O,-3.37
CC1=CC(C)=NC([N-]S(=O)(=O)C2=CC=C(N)C=C2)=N1,-2.73
OC1=CC=C(C=C1C([O-])=O)N=NC1=CC=C(C=C1)S(=O)(=O)[N-]C1=CC=CC=N1,-6.14
CC1=C(CC([O-])=O)C2=CC(F)=CC=C2C1=CC1=CC=C(C=C1)S(C)=O,-4.5
CCCCNC1=CC=C(C=C1)C(=O)OCC[NH+](C)C,-3.01
C[NH+](C)C1C2CC3C(=C(O)C2(O)C(=O)[C-](C(N)=O)C1=O)C(=O)C1=C(O)C=CC=C1C3(C)O,-2.93
CC(C)C1=CC=C(C)C=C1O,-2.19
COC1=CC=C(CC[NH+](C)CCCC(C#N)(C(C)C)C2=CC=C(OC)C(OC)=C2)C=C1OC,-3.98
CC(=O)CC(C1=CC=CC=C1)C1=C([O-])C2=CC=CC=C2OC1=O,-4.78
